PIEDTFVMD,0.0
GIIVHDD,0.0
FILYSEE,0.0
WWISYD,1.0
VLVDTGE,0.0
EVGVEGGD,0.0
FTEAAE,0.0
MLTLIEE,0.0
VFYK,1.0
IVSVVAGDD,0.0
MFFQDD,1.0
MMYLQEE,1.0
WLFMQAK,1.0
FMIADSE,0.0
IVVFSKK,0.0
FGEND,1.0
MAKFLR,0.0
LIVASAVDD,0.0
KVMATTR,0.0
FWWDD,1.0
AFGVLID,0.0
FWFIEE,1.0
FLSKPVKR,1.0
LIWWWE,1.0
MLSMALDD,0.0
PEPVD,1.0
AVLEWD,1.0
VFMVSDGE,0.0
VIIISEGND,1.0
IVFWKK,1.0
PIGLFNFK,0.0
QGFLLR,1.0
PEYE,1.0
YLFINE,1.0
FVPWE,1.0
MLMVKK,0.0
VVIDTDE,0.0
YYRKIR,1.0
PIWIFTTED,1.0
ILQLKRK,1.0
LIDLALD,0.0
VLLIQADLD,0.0
VWVMDD,1.0
VYVEE,1.0
KGIHR,1.0
HPFE,0.0
LLKKK,1.0
MYAFAEE,0.0
LIRAVKGR,0.0
LVLSDLGNND,0.0
WWSED,1.0
IKLTYLVFGR,0.0
VLHK,0.0
LLAINSDD,0.0
IYPIE,1.0
LMLTQEE,0.0
EYIPTPE,1.0
ALFDWD,1.0
IVLAVDSLD,0.0
IIILEE,0.0
LIYNVED,1.0
LVQKWR,1.0
VIVWEE,0.0
IMLGEAE,0.0
IIIVEDD,0.0
RILASK,1.0
IVTLLTEE,0.0
NLWPR,1.0
WIIR,1.0
IWSAR,1.0
QPLTE,1.0
LLNIKSIK,0.0
AVLGIQEE,0.0
LAFMKAK,1.0
IQDYD,0.0
VQPPLR,1.0
LLAIGEE,0.0
GVFSKNK,1.0
LMIKK,0.0
VLWLKK,1.0
IIFIEE,1.0
KLNGTK,0.0
LMHYR,1.0
ILSDGED,0.0
LATILDGD,0.0
WVTD,1.0
GLYND,0.0
VYVRK,1.0
MWWRR,1.0
WVMDD,1.0
RKSK,1.0
YMVTR,1.0
MMMWLR,0.0
IIMYLEE,1.0
LFGYNDD,0.0
IMGIGGDD,0.0
IIAMASDE,0.0
LFGVSEE,0.0
ILSMGDGID,0.0
FLVEQTE,1.0
FWISPFGK,1.0
VLSVIDTID,0.0
VMTLSEE,0.0
IMFYTDD,1.0
WMFVEE,1.0
LPIWSME,1.0
FGPD,1.0
LMYTVQD,1.0
IAALVIK,0.0
IWVE,1.0
IILDVAD,0.0
VAQIPEAD,1.0
LFTAVDD,0.0
VIDLHGE,0.0
FLLEE,0.0
GITLPPE,1.0
FIINKK,1.0
FFTGADD,1.0
PFIK,1.0
IVEYHNED,1.0
AVVNDFFD,0.0
MEGVTD,0.0
LSIYAGAYE,0.0
LVTDDIE,0.0
IIGYIKK,1.0
MLVSLRR,0.0
PLID,0.0
LVLAAAGDD,0.0
LMVTKGR,0.0
LGIIHEE,0.0
LVAHSYR,0.0
PYTHD,1.0
GLIVSIEE,0.0
LFIMDVE,1.0
MFIGQEE,0.0
WMID,1.0
FNFEE,1.0
LFGSVGEE,0.0
YMYLED,1.0
YYIKR,1.0
VVIISQEE,0.0
VGAK,1.0
IGIYEGTE,0.0
MFVAMDD,0.0
IVHAEE,0.0
LYFWNDSE,1.0
APYR,0.0
PTKR,0.0
MFWMEE,0.0
FWQNSE,1.0
VIVESAE,0.0
LIAALEGID,0.0
WYLYWNE,1.0
PRYIIYR,1.0
VISMALEE,0.0
LWIGGR,1.0
KVIMTAK,0.0
MLAVDDDID,0.0
YIVPGMRK,1.0
AFVK,0.0
LRWR,1.0
PGSPIFE,0.0
IAIYDEFTD,1.0
YMTSD,1.0
YIEVMD,1.0
VVTHK,0.0
IPIMWLRTK,1.0
IIWSVDD,1.0
IVWLKK,1.0
LQAWED,1.0
LISVIATIID,0.0
VLAMATDID,0.0
MGLGGSEE,0.0
WEAIIE,0.0
IIMAITEE,0.0
ILVGHEE,0.0
FMLGIEE,1.0
FLHNLR,0.0
YNYR,1.0
IWKILMAAR,1.0
WGWK,1.0
FIIFSDE,0.0
LLVVSITGFE,0.0
FILFDD,1.0
LLMIDDE,0.0
IISAFSQYD,0.0
VMLGKTK,0.0
MVVISSTND,0.0
LILAAAIED,0.0
KLLVQAK,0.0
PPFSLIKR,0.0
VFMAASALD,0.0
EIPWQD,1.0
QPNSFMLLR,0.0
MFASVDD,0.0
MKHK,1.0
PHNFQE,1.0
FFIYDFALDD,1.0
QWLGTE,1.0
SLLTR,0.0
LAFVKAK,0.0
LITYGR,0.0
LTDD,1.0
QPIYAWAK,1.0
VILAVEE,0.0
VILLKK,0.0
GMFMLHQLK,0.0
YDMDE,1.0
WFQR,1.0
VAIAELGGQD,0.0
KATLK,0.0
VVLAAKLAFK,0.0
VPWVLQTQRK,1.0
FPEFDASQD,1.0
LIMYDD,0.0
VLGADMD,0.0
IVTLTDD,0.0
APATPMK,0.0
YIDLAEE,0.0
MLKNYHK,1.0
FFINGEE,1.0
GMYR,0.0
VIFVKK,1.0
LILRTAIIHR,1.0
DMMYE,0.0
LLDALDD,0.0
LGVVSGDD,0.0
WMFLKK,1.0
ILDIAAEID,0.0
LLTEDGD,0.0
KFLQIK,1.0
FKHR,0.0
IDVVAGD,0.0
YMPR,1.0
IIGWADE,0.0
YQPE,1.0
PTFTSE,0.0
IMVRKRK,1.0
HVLAQMD,0.0
LYFQFD,1.0
PHWPR,1.0
LSPD,1.0
PYGD,0.0
MGAIK,0.0
KVWMQPIMVK,1.0
AILWSEE,0.0
AFMMHK,0.0
MWFDD,1.0
LIIHAANIHR,0.0
FVDHE,1.0
EQTE,1.0
VAPTID,1.0
HWIR,1.0
GPMPHE,1.0
PVTTR,0.0
FAIIADD,1.0
ILVAFEE,0.0
VVILQDD,0.0
FGGLDD,0.0
AAIYAD,0.0
NFIFWYYR,1.0
IFFVKK,1.0
YPPTSK,1.0
ILSMAK,0.0
VLYINKK,1.0
WHAD,1.0
MMVADTD,0.0
FRVLLSR,1.0
LFWNFYGD,1.0
IMKLAHR,0.0
MHVK,1.0
MLVFKK,0.0
VWHAD,1.0
VYIQHPVGK,1.0
LVMGWD,0.0
MIWMEE,1.0
LPYESD,1.0
GLLFSEE,0.0
LLIVSNEE,0.0
FIMTAKK,1.0
VWPDPHME,1.0
WFVLEE,1.0
YQYHD,1.0
LMVFR,0.0
VKHIYPR,1.0
VDTDE,0.0
IYMPVYSLED,1.0
ITPYLAE,1.0
NMLWPHDE,1.0
LLSGMDD,0.0
YEVE,1.0
YYHPK,1.0
EFYQME,1.0
IHVMFPD,1.0
IVIKVSR,0.0
LDFVSLE,0.0
YMMHHK,1.0
LSVMLE,0.0
IWAGR,0.0
PVYMVMIR,1.0
VLAEE,0.0
AVSLTD,0.0
LGLVKSAILR,0.0
WFYEE,1.0
ILFAIEE,1.0
LAEISGDE,0.0
LFYFR,0.0
MWKIR,1.0
LEFSEGE,0.0
PWFHR,1.0
FVALMED,1.0
IMWKK,1.0
LEFVSD,0.0
IELGYD,0.0
VGYGYEE,0.0
VYYLDD,1.0
VWAAQIGWE,0.0
FFLRK,1.0
LEIESGE,0.0
YLTE,1.0
IGLAMSEE,0.0
IFRISK,1.0
ILYIMDD,1.0
FLMSIHHD,1.0
IGGVFEQD,0.0
YPRMR,1.0
LFISQDD,1.0
WLLE,1.0
EAIWLD,1.0
VIPE,1.0
WIPDD,1.0
MMIAAGEE,0.0
WRLR,1.0
ILVTVSLNFE,0.0
LGLFSDE,0.0
VALKTAALGR,0.0
KMHPK,1.0
VIVTGRK,0.0
MEMADFAE,0.0
LAITVADIHE,0.0
FLMFDD,1.0
ILLGAAKK,0.0
KMWTMK,1.0
YYLGK,1.0
MEFVD,0.0
VIMLR,0.0
ALIIMVSTYD,0.0
PWED,1.0
ISVLMEE,0.0
ELTHEE,0.0
LEYVDND,1.0
LFKVSAR,1.0
VHQK,0.0
PEPTILD,0.0
NPPLAGGK,0.0
MLIESEFE,0.0
IWDD,1.0
LALMDAE,0.0
LVSIADGIE,0.0
PLAKHK,0.0
PHGLK,1.0
WQKK,1.0
MTDVVDSE,0.0
IELSLTE,0.0
LFVVQADIHD,0.0
MIFHIEE,1.0
GVIVD,0.0
YIGGD,1.0
LWLIKK,1.0
ILIVAEE,0.0
VLVFEE,0.0
DFMDID,1.0
PGLAVEGD,0.0
IVASIAIDD,0.0
FAPR,1.0
LIHK,0.0
LMIIEE,1.0
YINSK,1.0
FISALDD,0.0
LMEFD,0.0
VWVIDD,1.0
GDLWID,0.0
LVRWMR,1.0
LFIAAADGFD,0.0
ALSAD,0.0
FPGDAPNAE,0.0
LVISVED,0.0
LLRMTSK,1.0
IMEMDTE,0.0
VAIVVDAAD,0.0
IWMQFSD,1.0
FLRTR,1.0
FSWPR,1.0
MWIR,1.0
VLLAADTLFD,0.0
GIIKQTK,1.0
VLLVNTEE,0.0
YVVQK,1.0
YIWWVR,1.0
LYLRKRK,1.0
KVLK,1.0
AIIGADAIE,0.0
IIALMDEE,0.0
LVLKK,0.0
PEHID,1.0
AIQNILVIVK,0.0
IFGDGGD,0.0
LIGDAIVE,0.0
DLVSQVE,0.0
RIWR,1.0
FNPAK,1.0
YAKK,1.0
LLDIAGGVND,0.0
WLVVKK,1.0
LAIMTQGE,0.0
LYPSPE,1.0
LALKTNR,0.0
VLALKGR,0.0
VLKAGAAFIR,0.0
IMAGQQIK,0.0
VILIAADD,0.0
DLFHE,1.0
VWIVTGRR,1.0
AVALYQD,0.0
VYEIDAD,1.0
SILFAD,0.0
LPLLRQPR,1.0
GYEQD,1.0
FTDMD,1.0
YLVPR,1.0
IMMLHKK,0.0
FLWVDD,1.0
IISLLDE,0.0
LIEAELDD,0.0
LMWQD,1.0
LTEFE,0.0
WADE,1.0
IFVTAAEE,0.0
SVYR,0.0
YIITKR,0.0
FWVLKK,1.0
FVIAAGGGLR,0.0
KHMK,1.0
VVIATDQD,0.0
IVWIEDE,1.0
FRLLR,1.0
VVMVSLDD,0.0
LELSSAE,0.0
IFLYTEE,1.0
LYGED,0.0
LIGHIDE,0.0
YVVLAGEE,1.0
FLVQID,1.0
WWVDD,1.0
MVFKAKR,1.0
PMPR,1.0
TTPPLPD,1.0
HFRIR,1.0
MVMKK,1.0
VLMHGDE,0.0
FIYTRK,1.0
IFYDD,1.0
IVAVAIAE,0.0
PGPHE,0.0
YSAPWME,1.0
FLKAAIR,1.0
EISE,1.0
FLVTDD,1.0
KWWK,1.0
VMLIKK,0.0
MSVSLK,0.0
IAVIKTK,0.0
LLEWANE,0.0
FYMPR,1.0
LMIIADD,0.0
MPKLWAR,1.0
HPPPE,1.0
SFIMGFE,0.0
TIYPE,1.0
IYFQAEE,1.0
LLDTD,0.0
SIINID,1.0
PWVPD,1.0
FLYQMK,1.0
ALLLKK,0.0
ILKSASLIIR,0.0
MKQYVK,1.0
AIIISEE,0.0
MFILKK,1.0
WFLIKK,1.0
LWLMKK,1.0
DVLDD,0.0
VVSPAFVTE,0.0
IIFVLEE,0.0
KYQASAR,0.0
FYYELAE,1.0
ILGLDAEALE,0.0
GKWPR,1.0
WFIIEE,1.0
KWLNSK,1.0
IVKMKAK,1.0
MPYIIK,1.0
VFITKK,0.0
VLVVISEE,0.0
VVLVVHEE,0.0
FTME,1.0
VNFPHIK,1.0
AMWSED,1.0
LLYLGTND,0.0
YALD,1.0
LIYGSDD,0.0
LIVKGAK,0.0
DWWGD,1.0
IWVVKK,1.0
MSAFD,0.0
ILVKANAIHK,0.0
VLFHTNQE,1.0
ISARK,0.0
VLVDD,0.0
MLIWARR,0.0
VIIMTKK,0.0
IWVMEE,1.0
IIMIEE,0.0
VFVWD,0.0
GKKR,1.0
VHSPWE,1.0
MKRLHK,1.0
FLADELE,0.0
MIFLEE,1.0
FVSYR,0.0
FMKNSK,1.0
ILVSVGEE,0.0
GIMLVHGMID,0.0
VVIVRKK,1.0
LLWWEE,1.0
FIFLDD,0.0
MFIMWGRLKR,1.0
MISIEAD,0.0
LKQKK,1.0
IIMGGKK,0.0
FAMIEDE,0.0
MFFTNEE,1.0
ITQAMK,0.0
PYYTGVR,1.0
FLIVKK,0.0
KMAR,1.0
MFED,1.0
LITDSVD,0.0
ITIKK,1.0
KIGLK,1.0
FILWEE,1.0
GMGTNK,0.0
HAPED,1.0
VIIDTSE,0.0
ILTVKSK,0.0
AILGGTDD,0.0
IETDNE,0.0
LMHNPPE,1.0
FRHMK,1.0
IFQASDD,1.0
FWMIKK,1.0
YSIR,1.0
YMPPSK,1.0
LLIESLDND,0.0
PIKLANR,0.0
LFVGEE,1.0
IFTIGRK,1.0
MMVGHEE,0.0
LYALNIEE,0.0
LFAAVED,0.0
IWMFKK,1.0
LPGAGWND,0.0
VWLD,1.0
WLMKK,1.0
IFLD,1.0
VLGAVAEDLE,0.0
YIGYIDE,1.0
FLVFKK,0.0
QLGSR,0.0
LILGEADLE,0.0
TFPD,1.0
IALMDSD,0.0
VYSK,0.0
LPYE,1.0
FDPTND,1.0
YWVR,1.0
RYAK,1.0
KSGKR,1.0
RWPVR,1.0
LHVE,1.0
PDYD,0.0
FLSVVWVAR,0.0
IFMQKR,1.0
MWLLKK,1.0
KYYK,1.0
IFVGGEE,1.0
ILEVISAE,0.0
IMFIDD,1.0
VITVDDGLD,0.0
LGFGTDD,0.0
DFLVASE,1.0
LFMAIIR,0.0
VIIASVEE,0.0
WIVLKK,1.0
MVILHEE,0.0
LLVNLEE,0.0
FVWIDD,1.0
LILDSID,0.0
IALAKGQIIK,0.0
LWFKK,1.0
VVSVADD,0.0
SIPRMK,1.0
LNSWNE,0.0
LLLNMKNYK,0.0
GVFWE,0.0
ILLSAALDD,0.0
VFPTLE,1.0
ELLGNTD,0.0
FPWEQLTE,1.0
IYEFTD,1.0
LVHLQVDD,0.0
VWYKK,1.0
LFDIAQD,1.0
MLEVLSE,0.0
PQFYHD,0.0
LQTD,1.0
IYPIMD,1.0
VWWGD,1.0
FGLGFDD,0.0
YVAQLK,1.0
FIFDD,1.0
FYVQK,1.0
YMLK,1.0
VVVEILGD,0.0
VPFESE,1.0
EMLHD,0.0
LMLMGEE,0.0
LFMYMPVYE,1.0
EPFMD,1.0
VFKWLPR,1.0
VAVVAAKQLR,0.0
WHKLK,1.0
LVIIAIDE,0.0
VVTMIGEE,0.0
LIIEGEED,0.0
LWVLLRTK,1.0
VITMEITD,1.0
FLQVADD,0.0
LWMPPDMVTD,1.0
FWEEWFIFE,1.0
VKFTPVRR,1.0
VWVMTNPQE,1.0
MFYKK,1.0
VLWFEE,1.0
IVTITLDE,0.0
LVGLSKK,0.0
YAIFLAQFEE,1.0
MFEAGD,0.0
VEGPLVLED,0.0
IFQKQFGSGR,0.0
MAGFAD,0.0
IVYMMEE,1.0
YIRSR,1.0
VWLKK,1.0
AMSD,0.0
IMIEE,1.0
LMHISDD,0.0
AVTYLAD,1.0
FWFLEE,1.0
IGLYDGE,0.0
MSDAVE,0.0
VTVWIPQQD,1.0
IGMVLSSD,0.0
YIKTAR,1.0
TIKK,1.0
HLLE,1.0
IVSLELGGE,0.0
FFIR,0.0
MFLSSEE,1.0
ILSTIEEE,0.0
FWFEE,1.0
FFMFGYLMR,0.0
YPMPD,1.0
YSIAE,0.0
AFELD,1.0
ADGMIVPE,0.0
WSYQD,1.0
ISMK,0.0
IAMSLDD,0.0
IIFMSKK,1.0
LLFSMDD,0.0
LVDFE,0.0
VGLFRK,0.0
FSNMIE,1.0
ADSE,0.0
LVVTLDD,0.0
VMYIKK,1.0
LIKIAAAIR,0.0
MWWKK,1.0
ASAE,0.0
MVALSEE,0.0
LVKGLGK,0.0
IILGVEEAD,0.0
WIFVEE,1.0
VVIIKK,0.0
YPRR,1.0
LIMHGGALHR,0.0
AQTD,1.0
DMANSE,0.0
IWAWVPE,1.0
VGFFGDD,0.0
ILLQISEE,0.0
IAFFARR,1.0
VLNIHDD,1.0
MFHGNVLE,0.0
VLISELTVE,0.0
AYMHFAE,0.0
VFPMLHTE,1.0
VDLEDDD,0.0
LVVKARK,0.0
TLWR,1.0
LVIVGDSGFD,0.0
FIQLDSE,1.0
YWNK,1.0
TYLR,1.0
IVNLIHAD,0.0
IPFNGWDE,1.0
PFWTE,1.0
VIEDAE,0.0
MVWAIDD,1.0
WMIE,1.0
HLLYQLPMR,1.0
WLSYTD,1.0
YYATED,1.0
GILSGDTD,0.0
VIFYAEE,1.0
YIEIDAD,1.0
LFWFKK,0.0
LGIAMTEE,0.0
PPEYLE,1.0
VLSDAVGE,0.0
HAVR,0.0
KFWHMK,1.0
FVIKK,1.0
VVYITEE,1.0
LYMQDGE,0.0
MMMMSTEE,0.0
IYVRSR,1.0
FWLFKK,1.0
LSAAME,0.0
AKGR,0.0
MLWTQD,1.0
IWGFMDD,1.0
WMKATAVAR,0.0
EIFGSIME,0.0
VLFVDD,0.0
IIGWGEE,0.0
VLLIEE,0.0
EHGE,0.0
IYIITEE,1.0
LILEE,0.0
LYFNNVK,1.0
IFLGQKK,1.0
HIINK,1.0
ELIYFPE,1.0
LDHD,0.0
MVLKK,1.0
FIKR,1.0
LWTYYQE,1.0
VLELVSE,0.0
WFYE,1.0
GLLAE,0.0
GLLGADD,0.0
FEFEE,1.0
ILASDD,0.0
IHLYVRIFK,1.0
LDLYSGE,0.0
KHNK,1.0
LFWWEE,1.0
FLTRR,1.0
EFTE,1.0
LMLSKNR,0.0
APMPHKK,1.0
VGLNTPR,0.0
AFFAMDD,1.0
PIVLIVKK,0.0
MHWR,0.0
LIITLEAD,0.0
TVPMTK,1.0
ILGAVKAITK,0.0
VFLHEGE,0.0
LLID,1.0
VVLFKK,0.0
YHYNE,1.0
WVHD,0.0
YIHFEME,1.0
VTHMPK,1.0
FIIGAGEE,0.0
IPMLWD,1.0
VFLLEAE,1.0
MFKAIAK,1.0
MFAKK,1.0
IFVNADD,1.0
VLLR,0.0
ELNEGD,0.0
DLWIGE,1.0
FFMAQDD,1.0
LLMTMTEE,0.0
KTAR,0.0
IPDWQGVD,1.0
LSLGIAAGLR,0.0
WWMMEE,1.0
ILGWTEE,0.0
LFYFEE,1.0
VSIAFEE,0.0
LMSIDGD,0.0
YLEEVE,1.0
IAYMK,1.0
MVILAKR,0.0
TWMK,1.0
LMSVDAGLD,0.0
LFAMIEE,0.0
QVLAFD,0.0
PHGR,0.0
IFLAQVEE,0.0
GIVFGGEE,0.0
FQYIR,1.0
VYIIKK,1.0
IMLANAEE,0.0
VLDSIDD,0.0
LLFSGED,0.0
MMMYHRR,0.0
IIVHAEE,0.0
WRWK,1.0
PFHIPR,1.0
KVIRVR,1.0
VLIMD,0.0
WVTKK,1.0
FWGAGFR,0.0
FFLEE,1.0
IIVVTAADD,0.0
PFNISK,1.0
WLWMEE,1.0
IMLDSAELD,0.0
WEVGTE,1.0
IGVYAEE,0.0
VVAKSAK,0.0
LSLIEE,0.0
WELVSE,1.0
VVVLVRK,0.0
IDIVEDD,1.0
LMWLEE,1.0
FFLVDD,1.0
QIVVAAEE,0.0
VVISAEE,0.0
VATIR,0.0
FMHNLE,0.0
VLIVKTQLHR,0.0
IWDTE,1.0
LMLTSDD,0.0
VHMRKR,1.0
YMMEAAD,1.0
LMFATAEILD,0.0
LLISEGGVE,0.0
FAMD,1.0
YVHVD,1.0
IMLPK,1.0
VHLLE,0.0
LILFKR,0.0
IFWVASE,1.0
MALAAQDID,0.0
WGVWR,1.0
VIILSDD,1.0
YVFGIK,1.0
MLTIEDD,0.0
DVVVE,0.0
VPSIE,1.0
FPYIAQR,1.0
FVMD,1.0
MWQAK,1.0
AYIYE,1.0
GVVSD,0.0
IVVMKK,0.0
IIVWKK,0.0
LLLIKK,0.0
VWILKK,1.0
ILWMK,1.0
IFGLIRR,0.0
FYLDE,1.0
LWWFKK,1.0
VYIPTK,1.0
IALFD,0.0
SPQD,0.0
WYAD,0.0
GWEWE,0.0
LVAIETE,0.0
PAPMAR,0.0
SLGK,0.0
IYGIGLDD,0.0
IISQKK,0.0
LAIAEAEE,0.0
AIVSVDALD,0.0
GLFEYGE,0.0
FMPVAEPWE,1.0
PMHLME,0.0
ILHIEVD,1.0
FTHE,1.0
DTAD,0.0
GLYSE,0.0
EIYQVAEE,1.0
MDILGAAE,0.0
IVMAAKK,0.0
AQHPVIGPR,1.0
VIIMKK,0.0
LPFNKK,1.0
FFGGRR,0.0
IIISLGDND,0.0
LVMWKK,1.0
PYTR,1.0
LFMWEE,1.0
LFMIDD,1.0
MVFEE,0.0
VPEPWQDD,1.0
FVFRIR,1.0
FYIKK,1.0
LAIESD,0.0
LMMHYGE,0.0
MIYGIEED,1.0
LAMHYQVAE,1.0
LWLLPWIR,1.0
IFSAIR,0.0
IWNYYIR,1.0
LLKRMNK,1.0
VVISVDD,0.0
YLAR,1.0
IILFYR,0.0
LMLSTEE,0.0
IVKGKGIGFR,0.0
LVFGGEEID,0.0
FIVIDD,1.0
VYVFR,1.0
FVSITDE,1.0
VVLISDGNYD,0.0
WQHID,1.0
LGGWGK,0.0
WILSGEE,1.0
MMVKK,1.0
IRLIASGGFR,0.0
MVMFEE,0.0
SIIKIRK,1.0
VMITGSEE,0.0
LVLVAQEAD,0.0
WVFLEE,1.0
FAGVVR,0.0
FVIVDD,0.0
MVWK,0.0
ILGVHEE,0.0
IYIMSEE,1.0
FMLVNWPGYR,0.0
MWAKK,1.0
AYLFEE,1.0
LFFQIMAINE,1.0
FIALGEQE,0.0
LVFTMDD,1.0
MLFHSEE,1.0
VVFIETD,1.0
MEALTGGE,0.0
PVED,0.0
MIVR,0.0
PAYLLNGE,1.0
IVILADD,0.0
FLFEGSD,1.0
VSAMSR,0.0
IMVIVADD,0.0
QPALPPDPE,1.0
FILNMDD,1.0
LTPPEFGPD,0.0
LLGAKK,0.0
LGISDVD,0.0
VVAFSDD,0.0
LMFLEAD,1.0
YWVNE,1.0
GLLTLDD,0.0
LLTEDGE,0.0
VLLTVSDE,0.0
TLIFD,0.0
VSIIQVEE,0.0
LLHLGEE,0.0
SWQR,1.0
YVVADLE,0.0
WVWMEE,1.0
IIMGVKAR,0.0
LMLALDD,0.0
IYYAVR,1.0
IHKK,1.0
DLMYNGD,0.0
WEMAINE,1.0
PTLGKAK,0.0
IFMMDD,1.0
ILTNIVEE,0.0
FILVETD,0.0
PMDHVE,0.0
ELID,1.0
DLLPE,1.0
VKAAYK,0.0
VWTPGE,1.0
LIVSRQK,0.0
FWNALMPE,1.0
LWGFD,0.0
FTKQK,1.0
LIWEE,1.0
VAAR,0.0
SMYFE,0.0
YYNIVAVAD,0.0
LVAIYDD,0.0
YFTE,1.0
MVVGHDD,0.0
FMIVDD,1.0
HIWR,1.0
LLAILEE,0.0
TLPRK,1.0
MTYMQPAAD,1.0
PWTYK,1.0
FPPMID,1.0
MKHVNR,1.0
LTLMIDD,0.0
IPSYPNEMD,1.0
FFMPPE,1.0
LLTGSLDD,0.0
VFAILDD,0.0
PWVTDDLE,1.0
WWIWEE,1.0
FIDIIDD,0.0
IIVIMSATFR,0.0
LMVEAAD,0.0
MITVAVEE,0.0
IINDVIFEPE,1.0
FYVKK,1.0
VGISMDD,0.0
DLIMAME,0.0
DMITAD,1.0
FTVSVD,0.0
SPLEE,1.0
VKWSR,0.0
VMYVTIMAR,1.0
WVIK,1.0
WPMR,1.0
WALINVNE,0.0
LFGEEID,0.0
VILVSRR,0.0
FQWFR,1.0
EMHME,1.0
TVKR,0.0
FFIVDD,0.0
WLAE,1.0
AAWK,0.0
LLMDTGD,0.0
LVLSGEE,0.0
PSQIMTR,0.0
VSFSLILMR,0.0
GLIQLAEE,0.0
TLLE,0.0
FMVSIVARK,0.0
LAIVTDE,0.0
LLHAIAELD,0.0
LLMNTKK,0.0
HVVAE,1.0
IVFTLEE,0.0
ALMAGMDD,0.0
WTNE,1.0
LIYHD,0.0
IPKK,1.0
YVIE,1.0
LLMVED,0.0
LSHFRRMR,1.0
IKFK,1.0
QWFQND,1.0
KIGYQK,1.0
ILWKK,1.0
IIAVSAEIVE,0.0
EVMGIDGD,0.0
ILALAEAGD,0.0
ALWPNPE,1.0
VNDGFMLTND,0.0
TLPTFFR,1.0
GIVIDHD,0.0
LIYQDAD,1.0
MFRAR,1.0
IKKK,1.0
FWMSE,1.0
LLAIDAGID,0.0
VLEGSDD,0.0
LIFQGTDD,1.0
FVYD,1.0
KGAGR,0.0
VFEIYNE,1.0
MVWVEE,1.0
MGRSIK,0.0
FMWFKK,1.0
LWYVD,1.0
LVVEE,0.0
KQWR,1.0
IVILKK,0.0
AVFQFIK,1.0
IYWIME,1.0
YWHE,1.0
PLPDLYLATE,0.0
YIEDD,1.0
VLWAK,0.0
LFQYAEE,1.0
VKNSK,1.0
YLPVR,1.0
FMDAIED,1.0
IVFSMQLRSK,1.0
LSFGGE,0.0
FMGVDD,0.0
WVYED,1.0
LLKNLLK,0.0
RKMATK,1.0
LLIVFGLAK,0.0
WKIK,1.0
HIAK,1.0
LVSTILDD,0.0
MLISLEE,0.0
GAYDE,0.0
MLSFMEE,1.0
RYLAHR,1.0
IFFVNDD,1.0
FFMIDD,1.0
LIFDEVE,1.0
IVEVWD,1.0
MVAGLTEE,0.0
FMAYEQD,1.0
LASLIDD,0.0
LYWPVDME,1.0
IILAGGDIE,0.0
FSPTDE,1.0
IVILNADD,0.0
KIYK,1.0
FWKLYMK,1.0
MFVVDD,0.0
LIISLNEE,0.0
ILSAVDE,0.0
WIMKK,1.0
TPMFKTRK,1.0
FKLNK,0.0
VVVKK,0.0
FWLWKK,1.0
VSVMDD,0.0
GLFID,0.0
LAVVRAAAIK,0.0
LEMYVLID,1.0
FLMTGDE,1.0
LFIQSDD,1.0
LEALSND,0.0
IHDD,0.0
VMLHMDD,0.0
ELVSAME,0.0
VTMRVK,1.0
IMMWPD,1.0
VVFGESD,0.0
WSGD,1.0
IVFSDQE,0.0
MSPFE,1.0
MMMVAKK,0.0
VLVGAIDTFD,0.0
ALIKITQVK,0.0
WDWD,1.0
IKWIR,1.0
FLAAEVD,0.0
EATD,1.0
WFMVDD,1.0
LKMK,0.0
TNYR,0.0
VMSFK,0.0
IAIFDAE,0.0
KLYRK,1.0
LIFKQNK,1.0
FALIANEE,0.0
VVYGDD,0.0
MWMMKK,1.0
FLFWR,1.0
VLFWEE,1.0
NFYE,0.0
YFKAAR,1.0
YFIEE,1.0
VYPFYMYR,1.0
LYMGDTD,1.0
IAMVAKK,0.0
LLTSLEE,0.0
IWMAK,1.0
KMTRK,1.0
PFPD,1.0
YMEAED,1.0
IVFGKNK,0.0
WITK,1.0
PKYK,0.0
IAYWYVR,1.0
IIMQKKK,1.0
VRLTFK,1.0
ASGR,0.0
LFNLGDD,0.0
VLMAKK,0.0
YWIQGDE,1.0
WYPPPWD,1.0
IGWGWAAD,0.0
SVLVADD,0.0
LAIQKKK,1.0
FAPNMDFE,1.0
EMTTE,0.0
WFIAADE,1.0
VMRSWK,1.0
LMITAKK,0.0
ALIGK,0.0
PAKPR,1.0
FLVSAKK,0.0
LITAAVEID,0.0
LLWEE,1.0
ILFVRR,1.0
IFLSVDD,1.0
FIYGMDD,1.0
MHYE,1.0
YHLR,1.0
IHMMIDD,1.0
LWFLKK,1.0
PPVD,1.0
LIDVASE,0.0
GIIFADD,0.0
MVLDALDE,0.0
PVANWKR,0.0
VIVAAKLIAR,0.0
APHK,1.0
IILFDAGD,1.0
MFLVSEE,0.0
ELFAQLGD,1.0
YLHAGVD,1.0
FWTQD,1.0
LIMANAEID,0.0
IFYESGD,1.0
GWSE,0.0
FWLRAK,1.0
LAINSK,0.0
LLAFAKK,0.0
VMWGTDD,1.0
FMWDVNGD,1.0
PPQD,1.0
PQLHE,0.0
FMWEDD,1.0
VVLKAAAIK,0.0
YLMSGEGD,1.0
EGYLWAAD,1.0
IIGKYAR,0.0
LSPWK,0.0
LVFSSEE,0.0
WEANE,1.0
FIFYQYMD,1.0
VIIDD,0.0
KLITAGR,0.0
LIQSAK,0.0
MLQLVGDD,0.0
AILAGDDLD,0.0
LMMKK,0.0
PIQSMK,0.0
LIFSQEE,0.0
WMMDD,1.0
ILVVMDAID,0.0
LVVISSLQFR,0.0
LMTNQGGD,0.0
WYIIPLE,1.0
SWLNFAD,1.0
WFVIEE,1.0
IIWVD,1.0
LVHPD,1.0
FLIMRR,1.0
VIIMK,0.0
FLISFDD,0.0
AFMVE,0.0
VGKYK,1.0
IAMARK,0.0
VFMLEE,1.0
LLDSDIGD,0.0
VIWFDD,1.0
VTAQR,0.0
LIWLEE,1.0
LLVASDLQFE,0.0
VWWLEE,1.0
WMLEHTE,1.0
IILESGALE,0.0
LIYLSAEE,1.0
TKLRK,1.0
LQLSGVK,0.0
FLFMEE,1.0
IFIMKK,1.0
GPPANSME,0.0
KLYR,0.0
LFINGDD,1.0
FTEE,1.0
YVLIKK,1.0
WIMLKK,1.0
FIWLEE,1.0
WFKK,1.0
FFMLDD,1.0
LVIMEE,0.0
HILE,1.0
LASGK,0.0
HIPELTE,1.0
ELFSGGE,0.0
FMFTIK,1.0
ITIIGDD,1.0
VAVMDSE,0.0
FLVVDD,1.0
QVYK,0.0
LFTVARR,0.0
KFLMAAR,1.0
WYYD,1.0
FLSADD,0.0
LEAVHE,0.0
MYYADD,1.0
HLIIQWTD,1.0
ITITIEE,0.0
WWWEE,1.0
VFVVDD,1.0
VEHLPLWPD,1.0
WIIGE,1.0
TIKQWQYK,1.0
WVIIEE,0.0
IEVSIGD,0.0
YWVE,1.0
FLLIARR,1.0
WVMFDD,1.0
IIAGMEE,0.0
MIGTIDD,0.0
FKLIMGPK,0.0
MLIADMTE,0.0
EYVGDGE,0.0
IVLVASDD,0.0
FAWSR,0.0
ILISNIDD,0.0
TGED,1.0
FQMKAK,1.0
WFNAK,1.0
FSFIR,1.0
AVLWDD,0.0
AWGK,0.0
KIWYVNK,1.0
IMVTELSE,0.0
YVFK,1.0
LFIMKQK,1.0
LLGVYQDD,1.0
VSQFE,0.0
FFWWDD,1.0
LIMQATDD,0.0
IVVLLTEE,0.0
MIVSVDAILD,0.0
ILSIEVGGD,0.0
WPSLE,1.0
VLVMHDD,0.0
HYIR,1.0
VVSHK,0.0
FLVD,1.0
LWVDE,1.0
IMLANKK,0.0
TIFNR,1.0
LIIIDSALD,0.0
IWND,1.0
IGVGFDD,0.0
IKLALKR,0.0
VYARR,0.0
LLMFTR,0.0
EVAMGATND,0.0
FWHQE,1.0
IFNFD,0.0
WTLILPMMD,1.0
FIVDSED,1.0
ISMD,1.0
VLKGFSR,0.0
QFIVIVGK,0.0
MILMARR,0.0
WQVWE,1.0
MIFAADD,0.0
IDYMED,1.0
FLIQQKK,1.0
ILSVAEEAID,0.0
PVGQIYPE,0.0
DIYVD,1.0
PPFE,1.0
FIIDSID,0.0
VIVLHEE,0.0
MYQRKR,1.0
ALTPTQE,1.0
LLTYR,0.0
FLFFAPDFD,1.0
MMLSTEE,0.0
WWQR,1.0
MLVINTDE,0.0
LLVVKK,0.0
YIWD,1.0
MVMMYK,1.0
VFIWR,0.0
YLEDEEE,1.0
LYTAE,1.0
MKNISR,1.0
TPPPLDIEE,1.0
GPMYAE,0.0
AILMTGEE,0.0
WIFWKK,1.0
VWYME,1.0
IAIEAD,0.0
LEID,1.0
LLWLE,1.0
FLAISEE,1.0
NFMTE,1.0
MSIASE,1.0
LMTSITR,0.0
FMEIMLD,1.0
IYFHTAD,1.0
IGMHK,0.0
KWVR,1.0
LFTKK,0.0
IMTLGDD,1.0
WVVDD,1.0
FMVFDSE,1.0
WMLLEE,1.0
WDDPD,1.0
FLLIK,1.0
MHRMWVK,1.0
DIYE,0.0
KMLR,0.0
LFGVADGLE,0.0
QLMNWDIWE,1.0
LVLVASEIE,0.0
IKSKNR,1.0
LFMETQE,1.0
QFYIQSE,1.0
IIVTSRR,0.0
VIDFDND,1.0
LILAVAADD,0.0
PAITTKPK,0.0
MLMGSRK,0.0
FYEEFHE,1.0
IAYIEDE,1.0
VMALVDGTD,0.0
LLHIEE,1.0
AAQK,0.0
IILSGGEIHE,0.0
WFLEE,1.0
YFYGE,0.0
YTIK,1.0
ISFR,0.0
YIWLEE,1.0
VPYR,1.0
FFGK,1.0
IVVLKK,0.0
IDDD,0.0
IVGVKHR,0.0
KKAK,1.0
IYNMKK,1.0
VMLLAKR,0.0
AIVADAD,0.0
KPWK,1.0
WGFR,0.0
IIGLSED,0.0
MGLLADD,0.0
PALFDD,0.0
AYIEADE,0.0
VFTVKK,1.0
IFAALEE,0.0
IIYFMDD,1.0
VSFK,0.0
FHLFR,1.0
MWPEGND,1.0
LIVAYEE,0.0
MAIGKGAAIR,0.0
WYID,1.0
LMGHAEE,0.0
MLVMKK,0.0
IMHIGDGE,0.0
MMVSGEE,0.0
KMSLQR,0.0
ITAWR,0.0
ALMIRSK,1.0
IMFQSDD,0.0
IAVVSDADLE,0.0
VLITLEE,0.0
ILKIRMYFTK,1.0
MPGTE,1.0
LWFWNYLRR,1.0
AHHE,0.0
IMVSLVEE,0.0
VIHGFDD,0.0
EVVEATE,0.0
LLVATEQILE,0.0
ALVIGDE,0.0
ILIGFADD,0.0
MPQMWE,1.0
VLLYRTK,1.0
GVWYE,0.0
ILQIDSGD,0.0
LIHAKGR,0.0
PMYESD,1.0
VFGKLGR,0.0
LLMDD,0.0
YIVRYVR,1.0
ILLIADQD,0.0
IEDSAD,0.0
FMFINSWGK,1.0
QWPR,1.0
LIAIAEETD,0.0
LYIVTEE,1.0
LFFEE,1.0
LILFEE,0.0
VFARAK,1.0
IIKSVAQLFK,0.0
FIGQWMQR,1.0
IWDQSD,1.0
ILGVVADTE,0.0
DWTD,1.0
LYMMATEE,0.0
LPFIIED,1.0
IMTIDID,1.0
FHQQR,1.0
IAIKK,0.0
LVTEVSE,0.0
IYAAIDE,0.0
VVLSMR,0.0
RFAFR,1.0
FMGVSDD,1.0
LVGVLMDD,0.0
WLVFDD,1.0
VLFLRTR,1.0
MISVDGAE,0.0
LGWPYD,0.0
IIVAVADVE,0.0
IYYRK,1.0
LMLVEAAD,0.0
EMDDDD,0.0
LDYE,0.0
WWWFEE,1.0
IMILEE,0.0
LLFADGVD,0.0
VWIMKK,1.0
ITLKGGGLFR,0.0
LILALSELD,0.0
FMLTADD,0.0
FFWMDD,1.0
IKWR,1.0
WIGDD,1.0
PGPLFGTK,0.0
LILIEE,1.0
LLVVAKK,0.0
FFTQVK,1.0
IWFVEE,1.0
LLHISEE,0.0
FSYD,1.0
FTWQNK,1.0
WAAMD,1.0
IILGAQELD,0.0
VIYYEE,1.0
LDDWE,0.0
IWKK,1.0
LLSSDMD,0.0
PGVPTGVR,0.0
LYAIVEE,0.0
AVYR,0.0
PKPSRK,1.0
IYFDANE,1.0
YVRK,1.0
LAISVEDLD,0.0
VWFE,1.0
IYISAAEE,0.0
KIPIRLQK,1.0
VAKGYK,0.0
ILTVQKK,0.0
NWIWE,1.0
LNIIYFEDQE,1.0
VMFFDD,1.0
MWWMKK,1.0
LHQE,1.0
HFPE,1.0
PSVLTMGESD,0.0
FKLPRPK,1.0
LYVHEE,1.0
LVQHE,0.0
WVMMEE,1.0
LVFIENE,1.0
MIYALEE,1.0
PAMNISK,0.0
IGVPAIDND,0.0
LMSVQDD,0.0
IHMFLMGR,0.0
IFSE,1.0
IIWMEE,1.0
VVFFKK,0.0
IVYSEE,1.0
LALVESAGFE,0.0
VYYVID,1.0
LEQLNSE,0.0
ILTQSGK,0.0
LVAFAKK,0.0
IMMDGAE,0.0
IILGSKAVHR,0.0
LLALDVD,0.0
IWIHE,1.0
ITMK,0.0
LVLAETALD,0.0
LVIYPIAPPD,1.0
PTWD,1.0
FPSK,1.0
IIHIEAE,1.0
TLVIAEE,0.0
SYGD,0.0
FSVGIAE,0.0
VMSLTKK,0.0
MWDIND,1.0
WQDVD,1.0
NFLLVPQQD,1.0
WRIK,1.0
YLAMDD,1.0
YIWK,1.0
PNYNWNPE,1.0
VVVVPSR,0.0
YAIEMEE,0.0
IIMLDATE,0.0
FQVVVIFNPD,1.0
IEIFAAD,0.0
MRLVMYTR,1.0
YEDLGAD,1.0
MFIMTEE,0.0
WNMEE,1.0
VVTIIDD,0.0
LSWID,1.0
MIFVHEE,1.0
LFVTQAGIHD,0.0
AWPAK,1.0
VALID,0.0
AMVAAALE,0.0
LVVKK,0.0
MIKR,0.0
VIIVIKR,0.0
VLVETAE,0.0
VLFSFR,0.0
MVLIGDD,0.0
GLAFNHK,0.0
IMAVDAEITD,0.0
IRPWHMR,1.0
MIFLEGD,0.0
FTKR,1.0
DFPEE,1.0
KKNK,1.0
FMMKK,1.0
ILALAMAALK,0.0
LTIGIDD,0.0
LMDMDIMYD,0.0
IFFEVDD,1.0
WAFNIK,1.0
HPSK,1.0
VFILEE,0.0
LYYLEAE,1.0
FKVPR,1.0
AWLQEE,1.0
MVLVKK,0.0
LVDMMSD,0.0
IFWKK,1.0
IGIFSDD,0.0
IYFYE,1.0
FWND,1.0
FYYADD,1.0
LMVMFR,0.0
MYQIITD,1.0
IVLNHAEE,0.0
IKRWR,1.0
MMDYGE,0.0
MSPVLR,0.0
LWVVEE,1.0
LIGVASED,0.0
AMRKILYQR,1.0
IIIYYDE,1.0
LLISGDD,0.0
VVWLEE,1.0
PSWVDNE,1.0
FYLEE,1.0
FIGVAED,0.0
LIGLHDD,0.0
LYLEIED,1.0
IWTMADD,1.0
MILAEDD,0.0
LFAIDQALD,0.0
LVTFR,0.0
IEMLSTGE,0.0
IHLTLEE,0.0
LMIGELAE,0.0
VVLDAQD,0.0
FLYDAQE,1.0
VFVMDD,1.0
WLMAGQFD,0.0
WMTK,1.0
LIAMAAVDD,0.0
FIVEAGD,1.0
LFLDLENFD,0.0
IYWLTDPLE,1.0
PFPR,1.0
DLPSGD,1.0
PPHQYIQR,1.0
LLNDTD,0.0
IWLMEE,1.0
FELTDE,1.0
MPTR,1.0
WMMK,1.0
FAHLLLMR,0.0
FIWMEE,1.0
VVVLKK,0.0
IITESANAE,0.0
LAVLAQADD,0.0
LFYNENE,1.0
IEIESAE,0.0
FMPTSQND,0.0
IYNKAK,1.0
ILWIKK,1.0
MMKLIAR,0.0
YAIGAK,1.0
MLKIAIR,0.0
VIQFSD,1.0
GVVTEE,0.0
PMGIWPIGK,1.0
WAMGR,0.0
LFILE,0.0
MFWIKK,1.0
WMIMEE,1.0
ILILTDD,0.0
IIAILRR,0.0
VVLVLSTTK,0.0
MHVD,0.0
FFLSRK,1.0
IRYK,1.0
FLILKK,0.0
SFPYPAR,0.0
YTMK,1.0
VILDD,0.0
FWAK,1.0
GITD,0.0
LHVD,1.0
IIMAAADID,0.0
FSLSLLVGPD,0.0
FLYMHDAQWE,0.0
LYVPD,1.0
MLLFEE,0.0
FVLEE,0.0
LITGDE,0.0
IVQWGD,0.0
ITTR,1.0
IILMGDD,0.0
IWVKK,1.0
IIFFEE,1.0
WAEDE,1.0
MGIIAIEE,0.0
HIVE,1.0
YLGE,1.0
KPPTR,1.0
LLSAK,0.0
FMAAVFD,0.0
LILSDSLGD,0.0
WDLVTE,1.0
IVFLDD,1.0
WSED,1.0
FVRTQMIR,1.0
LLVSEVGVD,0.0
LISQVKGR,0.0
IAIMSRR,0.0
LTIIEIE,1.0
PKLMAMHTR,0.0
IFGTGDE,0.0
LGGIISAE,0.0
VIWR,0.0
VIVAAADDD,0.0
MVDISEE,0.0
LEYE,0.0
LYYE,1.0
LAFFEQE,1.0
IYIDNGD,1.0
LTSK,1.0
LLPDE,1.0
AMKGK,0.0
LSIMDD,0.0
PAPFQSGK,0.0
IIAVAEGDD,0.0
LMVDTGD,0.0
MALKSQK,0.0
IHIARLK,1.0
LAVVALEEHE,0.0
MLIAEE,0.0
PAIR,0.0
IIEVSDALLD,0.0
DFVIASE,0.0
LMLYTEE,1.0
GLHEE,0.0
VVYGADD,0.0
IIAVDSEIE,0.0
FVYKK,1.0
LLLSDDTLD,0.0
PYQTMR,1.0
QLVIHR,0.0
PKITK,1.0
SVTR,0.0
VSKR,0.0
YIYHK,1.0
PTNWD,0.0
WFPSKK,1.0
IYFPHNWGE,1.0
FAIYAEE,1.0
IFMTIKR,1.0
IFFQVEE,1.0
VMLVEE,0.0
VTLMADD,0.0
FMKAARR,1.0
LVYAKAR,1.0
YMLAWKR,1.0
TMWK,1.0
LHWE,1.0
ILVDSAAID,0.0
IFKAKIR,1.0
MPPTGPQVID,1.0
FIMK,1.0
YKYR,1.0
VVMITKK,0.0
VWVE,1.0
LMVLTKK,0.0
VGLFAEDD,0.0
WGFGFGD,0.0
VAWAE,0.0
WAQR,1.0
VLIFTIR,0.0
IVAEE,0.0
MGMLSDE,0.0
MVTNVED,0.0
LVFKANR,1.0
KKGK,1.0
LLRLASGFR,0.0
PRSR,0.0
FILMDD,1.0
AFDYGD,0.0
SKVR,1.0
YLMAYEE,1.0
WAIVVE,0.0
LFLEALE,0.0
LSVIVDD,0.0
WIMIE,1.0
PQWHD,1.0
LVIAASIDD,0.0
LTED,1.0
AMWEWE,1.0
ILVVDD,0.0
MMFYQQAD,1.0
SIIVRPLAQK,1.0
LIMGHDD,0.0
VYYWE,1.0
ITLQLDD,0.0
IVIFKK,1.0
HMYAK,1.0
LIAKK,0.0
MFLGDIE,0.0
WLTADE,1.0
FIIYK,1.0
YYYAGVD,1.0
AYWWE,1.0
IFSIARR,0.0
YWMSE,1.0
IWFWEE,1.0
APIVFRR,0.0
FIWKK,1.0
ILLWAEE,0.0
MTGMD,0.0
WLVLKNAK,1.0
ILTGDAEE,0.0
LEIVDAALD,0.0
FKLFR,1.0
EIDWQD,1.0
MITLSDD,0.0
YQYD,1.0
YLLGIGR,0.0
ILSLVRK,0.0
FMIADAD,1.0
IALVSDE,0.0
MILAAEEAD,0.0
LIKTTIK,0.0
FMPWFNK,1.0
LLVAGTLALR,0.0
IYWQAEE,1.0
LLVSSGVGR,0.0
LYWMD,1.0
IWLFEE,1.0
MIEMDSD,0.0
MAIAMTEE,0.0
SSPFLK,0.0
LEVMAASLD,0.0
LIIFEE,0.0
IMWASK,1.0
MLFMADE,1.0
IIFHHDD,1.0
YKFR,1.0
PSMRFRR,0.0
FLYMK,1.0
LLASQEE,0.0
LLVTIDALE,0.0
LFISLDD,0.0
IILYDD,1.0
FWVQPNPE,1.0
YIIIDSWWQD,1.0
GTTE,0.0
LIVWKK,1.0
IHLLPQMD,1.0
DMAYIILE,0.0
YKKR,1.0
MFYKMKMAGR,1.0
LIWKK,1.0
IWIMEE,1.0
LMSE,0.0
LLEYSGD,0.0
VTLLGDD,0.0
RIPVSK,1.0
KFTR,1.0
IMVSADIDLE,0.0
LLLSTDD,0.0
FPFLFNRMR,1.0
YLLR,1.0
WPKSAQR,1.0
EMITATD,1.0
YMTSR,0.0
IINMMAEE,0.0
PGFEQND,1.0
HIIE,1.0
QHMK,1.0
LLPD,1.0
VSWE,0.0
FPWMMTPK,1.0
LIGVESTE,0.0
KKKR,1.0
YSQE,1.0
IIALSIDLLD,0.0
LLWE,0.0
WDFE,0.0
MLLATDD,0.0
ELLGANSE,0.0
LHFIMR,0.0
MFLLKK,1.0
MLVVGLEE,0.0
HIIISMVE,0.0
YLKIK,1.0
PWDQVD,1.0
IILAVDD,0.0
PWEGIMDD,1.0
LMMEHQD,1.0
MYNPNEHE,0.0
MTHDE,1.0
GLFYRSK,1.0
SWAE,0.0
IGKIKGR,0.0
VVILEE,0.0
MMFAIDD,0.0
VVAPQIYSK,0.0
PWWAINWGE,0.0
FIDLWNVE,1.0
LLSKLAGIHR,0.0
MGVPIIR,0.0
FVVIDD,0.0
LYILARR,1.0
IFMTPD,1.0
MIEALEGTND,0.0
VLLSQAELD,0.0
FWHR,1.0
LTVGFFPYKK,1.0
FYWAVQE,1.0
IPNHYE,1.0
LVSLRK,0.0
LVEQNGD,1.0
RFKR,1.0
GMLAPK,0.0
DFYE,0.0
LFFFKK,1.0
YIIALEE,0.0
IIISADQID,0.0
VYWMDLD,1.0
AAVLWAR,0.0
AILTFR,0.0
IVVSLSEE,0.0
WVIMKK,1.0
LKRK,1.0
HYGE,0.0
MFMKATR,0.0
LILAAEQIE,0.0
VLAALVPD,0.0
WTLED,1.0
VLEIAAELD,0.0
PATPVD,0.0
NGAD,0.0
QFMNWIPQD,1.0
MMFTAED,1.0
VAALLDE,0.0
IKAWR,0.0
VLVAMKR,0.0
INWMHVD,1.0
IYIAFPFD,1.0
MEMVSQD,0.0
SVYE,1.0
KISK,1.0
IFLTTEE,0.0
VIAIAETLHE,0.0
MAVDGSD,0.0
LVESLTD,0.0
FGIIIVNK,0.0
LKLGGKR,0.0
LYLYNED,1.0
IIVSVDGGD,0.0
FSWGIE,0.0
IMIVSDD,0.0
FIDETD,0.0
MTPWLMD,1.0
VAWKK,0.0
HYIAD,1.0
VVEIISYVQE,1.0
WVEMDD,1.0
WMEYPGD,1.0
LKYMHR,1.0
LMIWMELD,1.0
FWWPRNR,1.0
NFWD,1.0
LIPGFTISPR,0.0
WLLVEE,1.0
VTMSHR,0.0
WVFR,0.0
MMTYYEE,1.0
YMSR,1.0
GIMLKR,1.0
LMIMGEAE,0.0
GMHLD,0.0
MISSLNDD,0.0
LYIVQDE,1.0
MSVD,1.0
ALMSGEE,0.0
PAPR,1.0
MFMIEE,1.0
LFLLEE,1.0
SVWQTE,1.0
MYFKK,1.0
MIVETGE,0.0
LMGTLTEE,0.0
LMALDAAD,0.0
LYMEGGE,1.0
VYLIAADD,0.0
VLIMIDD,0.0
GMKKRK,1.0
AMIPIEHE,1.0
IVIVTDEIE,0.0
YNMPD,1.0
FDQID,1.0
VLIDDGD,0.0
FMYTID,1.0
VYDE,0.0
YMKMR,1.0
VLGLSSGGR,0.0
IFRHAPIIK,1.0
LWWWLND,1.0
WMVDD,1.0
DQIWIWAQE,1.0
QLEGGED,1.0
FPMPDED,1.0
VIGLSDLE,0.0
YLALVAVE,0.0
IVVMSVEE,0.0
IIYTE,1.0
WFTMIPR,1.0
VYPK,1.0
PKFIWR,1.0
LPFSAGFSAR,0.0
FLLNAKR,0.0
FNIMVLARYK,1.0
VWTDID,1.0
WFQLTTD,1.0
LMSIQEVD,1.0
FWLLEE,1.0
QPYD,1.0
VIHPE,1.0
VLIIEE,0.0
VVYGK,0.0
FAMRK,1.0
LIGVVGDLD,0.0
IGIVGADFD,0.0
AMFDSE,1.0
YMLATEE,1.0
AVVMAADD,0.0
DLPGWE,1.0
LVVAIED,0.0
AIAFKKK,1.0
PFSQSK,1.0
VLEMAQDE,0.0
VMILEE,0.0
VIVTADDID,0.0
FITKK,1.0
GFIVD,0.0
IVIEVMSE,0.0
ALLMLR,0.0
ELVLQDGD,0.0
LLVGMDDIHE,0.0
ILWAGTR,0.0
WFAVK,1.0
WVPAR,1.0
IILGSKK,0.0
FTFWE,1.0
IDVLDAND,0.0
PIFFNWWHLE,1.0
MIMVKKR,0.0
VIFAYED,1.0
QWKQK,1.0
IITWMWPE,1.0
IVIESIE,0.0
TYLQR,1.0
GLYTLD,1.0
GPRGAAR,0.0
IFFAKK,1.0
FMMISGEE,1.0
IFLVEE,1.0
ILYMIVQRPK,1.0
VYSR,0.0
LHLVAEE,0.0
LVIYPPAK,1.0
HFVTE,1.0
LDIIAEE,0.0
LWVWKK,1.0
KVFVR,1.0
IIMWKK,1.0
IMWVEE,1.0
LALGHE,0.0
IGLKAAALQR,0.0
MFWVEE,1.0
WIINDED,1.0
MFFIDD,1.0
VFFWDD,1.0
FHAPR,1.0
AFGK,0.0
EWHAE,1.0
MWFWEE,1.0
LVAIKLTK,0.0
VARQWR,1.0
TWMD,1.0
IILVIIDD,0.0
FGGMLWR,0.0
YWMASID,1.0
WHLNE,1.0
IISLAGDD,0.0
PGPHSMAE,0.0
ILRPK,1.0
TMIK,0.0
VDVWSD,0.0
WIIDD,1.0
WVYDD,1.0
TMEPDE,1.0
IFWMEE,1.0
FIIKK,1.0
GVFTADD,0.0
APGAGD,0.0
DIIVAGD,1.0
VFSNAMMLID,0.0
VLGYVFK,0.0
FMMVKK,0.0
IMLMSAEE,0.0
ILIMDDALD,0.0
LLAQLETE,0.0
IHLDGWE,1.0
WRYK,1.0
WVFVKK,1.0
LGVISEGGD,0.0
WVFK,1.0
LIAFSKR,0.0
YTAR,1.0
MFFIEE,1.0
MPWSE,1.0
FEFLTLED,1.0
LIMHSEE,0.0
FYVVLVK,1.0
TFVYE,0.0
IFAIVDD,0.0
VLILAEELD,0.0
ILAYVGEE,0.0
YQLLVIHTE,1.0
EWYE,1.0
MMKFAR,0.0
MKLK,1.0
LLVSSKK,0.0
FQIK,1.0
FWFLAPD,1.0
IAFGAKK,0.0
AWPE,1.0
PIFAYK,0.0
FVLTDID,1.0
LLVSDGD,0.0
PFSHDME,0.0
LIYR,1.0
IILGAETLD,0.0
VGIVAAIDD,0.0
LLFQIDD,1.0
VIGFK,0.0
IVIGGDD,0.0
VIISVAEE,0.0
NWWK,1.0
ILAKKAALR,0.0
ILLLIEE,0.0
ALLMSRK,0.0
LYFVAED,1.0
FMIHEE,1.0
WGQIPR,1.0
ILIINSDD,0.0
IWRK,1.0
VFVLEE,1.0
LFAR,0.0
PVLKR,0.0
LKRMRHQK,1.0
IMLKK,0.0
VFQLIDE,1.0
WEYLD,1.0
FYVR,1.0
ISVIDD,0.0
YIMD,1.0
PMMK,0.0
MLEVAD,0.0
EEWD,1.0
LALIAQEE,0.0
LAEEYD,0.0
VKYKR,1.0
IIWILE,1.0
LFIYESD,1.0
WEYASD,1.0
MEFIQED,1.0
ALWVNDE,1.0
IFVKGGAGLR,0.0
IAEID,0.0
LVTVGDD,0.0
PWMR,1.0
ALLAEMAE,0.0
AGMPILQD,0.0
LMYDEDE,1.0
VKYR,1.0
AKMK,1.0
EFMD,0.0
APPLMQD,1.0
YYIGDD,1.0
PMKK,1.0
YIPQNK,1.0
WYTD,1.0
ILHSK,1.0
MLFMEE,1.0
VMFSYDD,0.0
IKIIK,1.0
VLTTVDD,0.0
LVYYPR,1.0
PWSFLR,1.0
DLLVADD,0.0
VWVFEE,1.0
IQISR,0.0
LGLYSEE,0.0
INWNPIE,1.0
LFLAMFR,0.0
WIVDD,1.0
LALDSSE,0.0
IVYVVIGRHK,0.0
VKMLITR,0.0
WWFLEE,1.0
IKFPK,1.0
WEED,1.0
DVPMD,1.0
RMFTWAR,1.0
ILFMKK,1.0
IFINKRR,1.0
AWHR,1.0
MLIKR,1.0
PFRK,1.0
VINWATD,1.0
WLQTED,1.0
IMTIQGDE,0.0
MILGDHE,0.0
EYPD,1.0
VIIHSDE,0.0
SVLFD,0.0
MIGMSPKR,0.0
LLTVGVDD,0.0
VVTFE,0.0
AVFIIE,0.0
FWFVKK,1.0
GVVFSWK,0.0
VIFLAAEE,1.0
LFEDFD,0.0
LKVYPITR,1.0
WMQLFTE,1.0
EIPQFGLAD,0.0
LLRMSK,1.0
AEIVAAD,0.0
VWWQR,1.0
LVMDNTD,1.0
YWAGD,1.0
YGVNHE,0.0
IGIVADE,0.0
MLMTVDD,0.0
MKLVR,0.0
VFPIYEE,1.0
AWKK,1.0
DLVHE,0.0
WVWWEE,1.0
ILSGGDD,0.0
QYVNTK,1.0
ELVHQLE,1.0
LSVMADD,0.0
VIMFHRR,1.0
LMLLSSSVTE,0.0
IIIHDSD,1.0
MVFVDD,0.0
EFWDQVE,1.0
TLIVLAE,0.0
IATLPGSID,1.0
LILWEDD,1.0
LMSMSDD,0.0
LLFAKTK,0.0
PSKFR,0.0
LSSIK,0.0
TDLLFATE,0.0
FVGGFGD,0.0
VAIGGEAE,0.0
IVAVIEEGD,0.0
IAVSKAALR,0.0
VISAIDD,0.0
LLWIKK,1.0
VKPRLSAKK,1.0
LSTWR,0.0
DMTD,1.0
PILYPKVK,1.0
LLWFWVTE,1.0
YIGSEE,1.0
DPFME,1.0
LLKSSIK,0.0
LLSAVEE,0.0
WPSRR,1.0
IAMMAAEE,0.0
YDAAE,1.0
VVVAAAEEE,0.0
EIFGTTE,0.0
VWGLR,0.0
WTAK,1.0
LLSISDE,0.0
MFRSR,1.0
ILAVVAGDD,0.0
RIIYAK,1.0
VIWMKK,1.0
VLYEAIQE,1.0
LMMKLTR,1.0
IYRGK,1.0
LIGLVIEE,0.0
QYMWQE,1.0
LALLGAAALR,0.0
ILSMDAALE,0.0
MIAITDD,0.0
MHYPD,1.0
KGMIAR,0.0
IVLDTLE,0.0
LLIEE,0.0
AGYTE,0.0
WQKAR,1.0
IITLVRR,0.0
IIDLDAAE,0.0
ILVGVDAFD,0.0
IFSAKK,1.0
LMLANKR,0.0
VIWEE,1.0
IVFYAKK,1.0
HVPAE,1.0
YFISR,1.0
AWMDD,1.0
FEWE,0.0
MIHIWE,0.0
MYLITEE,1.0
LVLLEE,0.0
FLALEGD,0.0
VAIAFGEE,0.0
ILHD,0.0
MTLVSEE,0.0
QAVPLGTNQD,0.0
IILKSVK,1.0
MLIVADD,0.0
MMIYVDD,1.0
ILTGLSGNFD,0.0
VWYHSD,1.0
VFINVDD,1.0
IYVAWVD,1.0
IIALTTLMID,0.0
QMFWWLE,1.0
IVLLNDE,0.0
YVWAR,1.0
FLLMTKIR,0.0
MFWVQE,1.0
LTSPGD,0.0
IYMNYFGVIE,1.0
VIAYD,0.0
KLWNWR,1.0
LIDSVADLD,0.0
FIALHDD,0.0
LLASKMK,0.0
IIATMDD,0.0
YARK,1.0
MGYKR,1.0
ILVASLEE,0.0
FTYK,1.0
FLLNSRK,1.0
KGPLMPPAK,1.0
MWYK,1.0
FLKK,1.0
HWLLQR,1.0
PHPVVGHD,0.0
INLMYHD,0.0
WVINTID,1.0
MLGSIEE,0.0
WKNK,1.0
FWNFNIFK,1.0
ILAAMAIDD,0.0
LLYKGNR,1.0
LIHAIMRSNK,0.0
LLMLKK,0.0
VKGK,0.0
MWWFKK,1.0
VMGPIWK,0.0
VLIVLEE,0.0
ELESDD,0.0
IFIKSAK,1.0
MTPPE,1.0
PWTGNE,1.0
LIIVGEE,0.0
ITMWQIHE,1.0
MVTDADD,0.0
MDILE,1.0
MLSSLDGND,0.0
IISIADD,0.0
MMFYARR,1.0
YFRKR,1.0
APWVAYE,1.0
IITSK,1.0
FFMFDD,1.0
RWGK,1.0
IFLSIDD,1.0
WITR,1.0
PSYK,0.0
IVISKITIFR,0.0
LFHIED,1.0
LIIMDGD,0.0
LVAVVVKK,0.0
IGIIADD,0.0
MVTIAGGGNR,0.0
MMELGAD,0.0
LEWQIED,1.0
QLIENWLE,1.0
MMDGYD,1.0
QPVSEE,0.0
LVIAEADLGD,0.0
SVIATVRR,0.0
WLLWEE,1.0
MLWIKK,1.0
PWFLR,1.0
GVKMGLTGR,0.0
LVELMAD,1.0
PPVRPK,1.0
LVGEVSD,0.0
VLASVKK,0.0
LFIIDEE,0.0
MFSMDGE,0.0
VFLIEE,1.0
HLFGEE,0.0
WLVR,1.0
WPMGR,1.0
APWQMAK,1.0
MLMFEE,0.0
VLKLAIR,0.0
YTYD,1.0
VLFLEE,0.0
FWTQK,1.0
MYGK,0.0
IITFPDDE,1.0
GLIATEE,0.0
IVFAFID,1.0
LLWWGDD,1.0
MAYWE,0.0
ALVSLVED,0.0
ARKTR,1.0
LVSAFEE,0.0
VVLGGAADD,0.0
VGLFDD,0.0
WVVHE,0.0
IYIWK,1.0
IVDLGGD,0.0
WLLRK,1.0
HTFILFPR,1.0
FALHE,1.0
LILELEE,0.0
WWMEE,1.0
MALAMEE,0.0
MWQNSE,0.0
GITK,1.0
IAQQD,1.0
AVFAGNIE,0.0
LGYNK,0.0
LVLTMGDD,0.0
FIEGISD,1.0
IVLVKK,0.0
LWLAEED,1.0
FFPGHGGND,0.0
LKYLYIK,1.0
VVVMSKR,0.0
SIIAIDD,0.0
EYDIDD,1.0
VILVTAEE,0.0
LLLTIAK,0.0
FFAEE,1.0
LALKSVR,0.0
SPLYK,0.0
IIIEEGE,0.0
RKYANR,1.0
VVTFVAEE,0.0
KIKGR,0.0
LWVDD,1.0
VLQANIYK,0.0
KVKKLKK,1.0
LMHMEGD,0.0
AWQK,1.0
ILFIHEE,1.0
GGLDTD,0.0
LMALQIDD,0.0
VIYRKR,1.0
VLVSILTNE,0.0
MLALHEE,0.0
YIPE,1.0
WIQD,1.0
ALVMKAK,0.0
LVSLIDE,0.0
SPIPVFAE,1.0
FIMIDD,1.0
VTLAAPWE,0.0
LMWVEE,1.0
LVLTAADVFE,0.0
FFQMQPK,1.0
LEIIYGD,0.0
AMPHK,0.0
GIWE,0.0
PLSTYMIDE,0.0
VVQLTEE,0.0
VLTLQAELD,0.0
FIWE,1.0
VYHMMR,1.0
AMLIHEE,0.0
FHWD,1.0
WWAE,1.0
VGMALED,0.0
LLVVSTDLE,0.0
TIFK,0.0
LAPIWSYGK,0.0
PEMSYE,0.0
IIFVKK,1.0
KLHTK,1.0
LWPPNE,1.0
IIMDSQE,0.0
LIADTAE,0.0
IHGDE,0.0
YPMYNVE,1.0
AWFNYK,1.0
IMVESAEID,0.0
PLNGGNAR,0.0
LFYNQEE,1.0
IVLADGD,0.0
YMMLNDD,1.0
ALTILE,0.0
WKFK,1.0
FYLPGR,1.0
PVEMNYE,0.0
IVYGVED,0.0
SIIVEAE,0.0
MILLKK,0.0
LQAD,1.0
FFLD,1.0
LEWTE,1.0
LIASIRR,0.0
KILSHK,0.0
PFKQR,1.0
FMTFELGE,0.0
KPHR,1.0
VITALR,0.0
IMYYIDD,1.0
FAMKK,1.0
LFKRK,1.0
IIWR,1.0
KALAGRR,0.0
FMASVEE,1.0
TESE,1.0
LWMID,1.0
DWMAQD,1.0
LLFNKK,0.0
MLYNIEE,1.0
VMILNKK,0.0
VFTISED,1.0
FDIYE,1.0
ALKAK,0.0
MLIMTNEE,0.0
LLKLSSR,0.0
VQAIMEGWD,0.0
VLFEESE,1.0
VYQIKK,1.0
LVYGRR,0.0
YIDIGVE,1.0
MMTISAEE,0.0
VVFMEE,1.0
YDID,1.0
IVILQKK,0.0
IIFAE,1.0
VIEFE,1.0
LVVISTDGD,0.0
VILLRK,0.0
IPFWSE,1.0
FIAEGIE,0.0
YAIGD,1.0
VGILKAR,0.0
GIPPK,1.0
LTFMALNVR,0.0
VGIISIDD,0.0
GFWR,0.0
IVWHLEE,1.0
FVLMD,1.0
HFVHE,1.0
FAIE,1.0
VYDAD,1.0
AVSFLMK,0.0
ILMTGIDD,0.0
WWLR,1.0
IFSLGSQWE,0.0
LLTLAVGGFE,0.0
LISKR,0.0
ELSYAD,1.0
WDAE,1.0
LVIVAKTQLR,0.0
GLLTE,0.0
NIFDDD,0.0
WILLEE,1.0
IFAAID,0.0
LIGVIADIHD,0.0
FMLANKK,1.0
INLAIIVQIE,0.0
WIGTAVRR,0.0
FLHIHMMLR,1.0
WVMD,1.0
IYFMQFQRK,1.0
FWLEE,1.0
IVFAEDALD,0.0
KLKK,1.0
FGIAIEE,0.0
AAGGEE,0.0
WEQD,1.0
KGMMKR,0.0
TWSFVLD,1.0
MVISEAGGD,0.0
IMVAK,0.0
LLGKAKALR,0.0
LLLTETD,0.0
VFMWDD,1.0
ELISEGD,0.0
LAIILETD,0.0
MWMEE,1.0
LLADEGE,0.0
WLDHE,1.0
AYPK,1.0
MIWEE,1.0
VLTAVAGK,0.0
TIEWAD,1.0
WPVNPR,1.0
WPNPEE,1.0
ISFLDD,1.0
AMLAAAEE,0.0
IWFLEE,1.0
ETEID,1.0
FMVMTRR,1.0
VIVIGKK,0.0
LLLGVADE,0.0
IITLTVEE,0.0
AKTK,0.0
FISLNDD,1.0
APVVD,0.0
YMLE,1.0
LEILSDSND,0.0
WFIVDD,1.0
FMVDASE,1.0
WYYMD,1.0
YTPE,1.0
VVALAVEE,0.0
HLPR,1.0
FQIDAAD,0.0
FYYIMTK,1.0
IMVMDTE,0.0
PSLD,0.0
LSVMAEAID,0.0
MMWKK,1.0
IMVLLEE,0.0
LYIED,1.0
LILDHQD,0.0
PHLK,0.0
IVMAFGDD,0.0
MYESD,1.0
PELYVD,1.0
LAMVGADLE,0.0
AWPINFD,0.0
YVFLWGE,0.0
WWVLEE,1.0
AYITSE,1.0
NEMILWED,1.0
VAYPVQPE,1.0
ALLARIGIHR,0.0
LLFKK,0.0
FIIDAVD,1.0
IVMTAADD,0.0
VVFDD,1.0
FHYPED,1.0
VLAMVDD,0.0
LEVVSIGGD,0.0
IWFFDD,1.0
LIIVGGDLD,0.0
LVLWKK,1.0
VTLAYE,0.0
LVVSVSDFND,0.0
GPIPAD,1.0
ILVMASDLID,0.0
VKKLKK,1.0
IIIWAADD,1.0
LLLGSESE,0.0
ITPFDAQE,1.0
YFYNNWIFD,1.0
VIWIEE,1.0
YLMMIDD,0.0
MMLHMDD,0.0
PIIEAAVVQD,0.0
ILKAAYK,0.0
WPRIHGR,1.0
LWGELAE,0.0
SADD,0.0
VFDIIAE,1.0
FFIE,1.0
LIIYGAIAHR,0.0
YALDE,0.0
IMLHYED,1.0
FVGWAQSD,1.0
FIMTTDD,1.0
IWIPEPME,1.0
IMLAETD,0.0
KVAIRK,1.0
IALEADE,0.0
MIWVDD,1.0
LGIFSEE,0.0
TLLRMMGR,1.0
LIKGIIK,1.0
FFYEAD,1.0
MYDAD,1.0
FVVSEVE,0.0
IILLAEE,0.0
FFLIEE,1.0
FELTAGE,0.0
LAVGMAADD,0.0
LVYGIEE,0.0
LKVNIAK,1.0
GVSE,0.0
MLELLDDE,0.0
MWIAARR,1.0
PYNFQD,1.0
YFHRK,1.0
YMHR,1.0
IAIVGAEDE,0.0
GGKR,0.0
WIFK,1.0
ILAFQKK,1.0
MYYTIMK,1.0
WVRR,1.0
ADYLVVE,0.0
IMKGASK,0.0
VLNVIAEE,0.0
LWTIK,1.0
IMLALNDD,0.0
FWRMNR,1.0
YQSE,1.0
MMDVYE,0.0
LVAIIAETD,0.0
IVVDD,0.0
IQMLAIE,0.0
FYITE,1.0
KYTMRQK,1.0
WNKYR,0.0
LLLVSAADD,0.0
KHRR,1.0
LYLKK,1.0
KIRPK,1.0
ILITAMDD,0.0
VVVTLADD,0.0
LLSPGE,0.0
VLIISSDTD,0.0
ALQFAE,0.0
MWIKK,1.0
YRVFR,1.0
MMMHVEE,0.0
MWGQKPK,1.0
WSPK,1.0
ILLAADD,0.0
IRNVWLSWR,1.0
YMKIK,1.0
IMVIDD,1.0
LIVSAKGGNR,0.0
SIFE,0.0
VIVAK,0.0
LLLHDD,0.0
VWWMEE,1.0
LVLSDAE,0.0
ILYADEMD,0.0
AMFE,0.0
MWYQSK,1.0
LLDFILE,1.0
PQWD,0.0
LMSTVAEE,0.0
IVKTAIK,0.0
ALIHDVMD,0.0
MSPANPPK,1.0
ILFDSAE,1.0
WKLR,1.0
SFLPEHGE,1.0
ILTR,0.0
LILLEE,0.0
IFSAEMAE,0.0
FMYWR,1.0
VRAPK,1.0
IFLNIED,1.0
AVKSR,0.0
LLMTIPGYR,0.0
VMYDPE,1.0
IMTLAKK,0.0
LMMIKK,0.0
LYMMQED,1.0
LIAKVTR,0.0
PWIIRAMR,1.0
MAVFSEE,0.0
VWMFKK,1.0
QLPLWR,1.0
ILVESLE,0.0
MLSLYEE,1.0
IMMRWK,1.0
LSIVGEE,0.0
LMKK,0.0
VLEPE,1.0
YYVTD,1.0
ILPPE,1.0
IWWEE,1.0
IMLANIDD,0.0
VVVLSSDND,0.0
VLVMSDAE,0.0
IIAVLSEE,0.0
MWLKK,1.0
WLWHAVE,1.0
WWTE,1.0
WMMMEE,1.0
LTPGR,1.0
FIINSEE,1.0
WMLE,1.0
IKIGIAK,0.0
LMWFKK,1.0
WMIRR,1.0
FVFGAD,1.0
MIHK,0.0
FLMALEE,0.0
LYYIGDD,1.0
MFFEE,1.0
YFWVK,1.0
IALKQASIFR,0.0
WEMNMGD,1.0
IWVFKK,1.0
LLEISLVTD,0.0
FYFWFE,1.0
YIAWD,1.0
IMGSIFIAIK,1.0
WYPYD,1.0
IIPVR,1.0
FWMKK,1.0
GITAK,0.0
WLIWKK,1.0
MLVASEAID,0.0
IVSVIADAD,0.0
FLSIHEE,1.0
ILSWIIPNE,1.0
LYVSMEE,0.0
WLTK,1.0
LIIIEE,0.0
FFLFKK,1.0
AFVIR,0.0
IFMLSRR,1.0
LMWWEE,1.0
WTRK,1.0
IVMAAGIDD,0.0
LVIASVADD,0.0
LVLIVK,0.0
LAWK,0.0
IVIHGEE,0.0
EIVLIAE,0.0
WWFPRK,1.0
VANPYR,0.0
YNWIE,1.0
ALWGD,0.0
IIVSDFE,0.0
VIMLGQDD,0.0
PTPHE,0.0
MPQWHPPDNE,1.0
LYGADSPD,0.0
FMHD,0.0
MWQD,1.0
IIATMK,0.0
LVLGSAADLE,0.0
LWFFEE,1.0
LIDDIGAE,0.0
FIIGAR,1.0
MLGIKKR,0.0
VIAKTGK,0.0
WHFK,0.0
VTLHR,0.0
LFID,0.0
ISMAVLVTR,0.0
IITDSWMPND,1.0
IIMMTKR,0.0
LIMADTID,0.0
FIWIEE,1.0
VYMNGTWLD,1.0
WFGK,0.0
AVMLSADD,0.0
VIGVSKK,0.0
AVHMDD,0.0
MMWR,0.0
VHSFE,0.0
IVAVTDD,0.0
FMLQDDE,0.0
YVQK,1.0
LTTEE,0.0
EFFHE,1.0
IKIIQAK,1.0
IILR,0.0
FLWIEE,1.0
WIWEE,1.0
VIWK,0.0
HPLGHED,0.0
ILITIDD,0.0
NPPLNSIAE,0.0
PTFYPFR,0.0
LMVFKK,1.0
PAMHAK,0.0
VLFTSEE,1.0
YIVEE,1.0
IWFIIK,1.0
LIGGLGEE,0.0
LYADIAD,0.0
FRQAPK,1.0
WMYQHR,1.0
ILTLAKK,0.0
GVDWLPVD,1.0
MFLVK,0.0
VAMVMEYE,0.0
IIIKKQR,0.0
LSVK,0.0
MGWMTK,0.0
KVLTNR,0.0
LLEAVVMD,0.0
WDGED,1.0
WLWKK,1.0
MEMLDYE,0.0
AMMITAEE,0.0
YKMMR,1.0
WVLMKK,1.0
WGLQK,1.0
WVFEE,1.0
VLLEAGEID,0.0
VHRTR,1.0
FLILD,1.0
IVSIAAADD,0.0
IVGLNKK,0.0
VLVESGALD,0.0
WMVWEE,1.0
LWVMEE,1.0
LVIVEE,0.0
FAIEE,1.0
FFLQNK,1.0
TISMGR,0.0
FFIEMAE,1.0
MKLAAAK,0.0
YMYVEE,1.0
TFPE,1.0
IALIDEGID,0.0
LIVHLDE,0.0
QLLSD,0.0
EMYIDE,1.0
YADE,0.0
IFWAIEE,1.0
EVPFLWGD,1.0
MISIVDD,0.0
WYSR,1.0
IFSYVYGK,1.0
KIHGIK,0.0
ALLNPMVAR,0.0
VVFLEE,0.0
PRMFWR,1.0
SWLD,0.0
FFSGIEE,1.0
ELFAID,1.0
ILVNVKK,0.0
FNVWD,1.0
MLTAIKK,0.0
LPYRIVYR,1.0
LPFAR,1.0
YFSD,1.0
VMIESAE,0.0
SMPIIGE,1.0
IIFGVGEE,0.0
VLRILASTNK,0.0
MLTGVDD,0.0
WIYLAGDE,1.0
FLIDYDD,1.0
IMMWEE,1.0
PGAMK,0.0
EIMWE,1.0
AMHR,0.0
VWVRAR,1.0
AASR,0.0
FFKSTSGR,0.0
QFWFND,1.0
MVLLASDD,0.0
LIATKIR,0.0
MMWLKK,1.0
AVYK,0.0
LIVSMQTMR,0.0
ILLLSMEE,0.0
YLIYD,1.0
PHGMSE,0.0
FIGIETE,0.0
EMFD,0.0
TISPLR,0.0
ITIIGKK,1.0
MFLMIEE,0.0
LMAVWAR,0.0
IVLKRVK,1.0
ELIMTAD,1.0
LAIMWQE,0.0
ELVLITEE,0.0
FFNSSE,1.0
LVGLADGGD,0.0
MLKR,0.0
MALATEE,0.0
LAVE,1.0
LLFSVDD,0.0
LLEHGGD,0.0
KKRYR,0.0
ILEETMFE,0.0
YWDE,1.0
FQTE,1.0
KVAMMGQGIR,0.0
LLVDSLGGE,0.0
VLTKSAR,0.0
WVGD,1.0
LLMHIRR,0.0
IFNFFGWR,1.0
VLTSMEE,0.0
VLTFDMWVQE,1.0
VVAKKNALLR,0.0
LFYVAEE,1.0
MVEYALFND,0.0
WIVFEE,1.0
IMVESDE,0.0
LIVKKTR,0.0
EVVASAGD,0.0
YMVEMAE,1.0
LLALGKK,0.0
LMMAIAEE,0.0
WFVEE,1.0
EWLMSD,1.0
IDLSGE,0.0
KFIK,1.0
FVIIEE,1.0
VVKMALR,0.0
AEAEAE,0.0
VLFIR,0.0
VVTIIDE,0.0
VLAYGEALE,0.0
IAVAYE,0.0
YNALLDD,0.0
FMFIKK,1.0
VILMNAEE,0.0
IFMSRAK,1.0
LLGEIDPFED,0.0
IFYEGAE,1.0
IFIINEE,0.0
YYHSE,1.0
ITFLIDD,1.0
LIAKMFHR,0.0
LHVKK,0.0
VLTSD,0.0
VTRVMK,1.0
LSLDDD,0.0
IIMGITDD,0.0
VMISAQDD,0.0
WLYPE,1.0
PSMD,0.0
LMFSVRR,1.0
YIVQRK,1.0
FVIDYGE,0.0
MGKFFLR,0.0
MLLYGED,0.0
VWMVFIWE,1.0
TDGGE,0.0
MMLSQDD,0.0
WHMEGE,1.0
LLYK,0.0
TYLPD,1.0
IIWFKK,1.0
LSID,1.0
GIITGED,0.0
YNVK,1.0
HVIE,1.0
AAAIIFYGR,0.0
DFWSED,1.0
FLRVK,1.0
PEFD,0.0
YLQKVK,1.0
LGFSGEE,0.0
LIISDAIAHD,0.0
FMVLKK,1.0
LVWGEAALD,0.0
WIFEE,1.0
MMTVSEE,0.0
MGVWGAIR,0.0
MVWLKK,1.0
FIIANEE,1.0
MVASQSVD,0.0
VLAVLRATHR,0.0
SFND,1.0
TAAE,0.0
FWWR,1.0
TIIAVDD,0.0
YQPLK,1.0
VIFWDD,1.0
LEVASLLD,0.0
ILMNYKK,1.0
ISPVSDE,0.0
YEND,1.0
LMYVHE,1.0
LVTVYED,1.0
YTILME,1.0
WRNWFLNR,1.0
SIEDE,0.0
MSLIGDD,0.0
MYNPHE,1.0
IWTK,1.0
IIIIYPVPPE,1.0
MGIDTDGD,0.0
GLIVSTEE,0.0
VIAIRKR,1.0
LDIDIYE,0.0
LWIIKK,1.0
IMYEE,1.0
SFPEGYMQD,1.0
LALLGEGTE,0.0
IIIYHEE,1.0
FLVTWLPK,1.0
MIFFDD,1.0
FLLEFE,1.0
VMMKSNK,0.0
LTNRKK,1.0
PQLVD,1.0
YLMMFGK,0.0
LAIAIAEE,0.0
FNFLYD,1.0
IWWLID,1.0
MYFE,1.0
FIASVDE,1.0
MISD,1.0
RHGR,1.0
LGLTVDE,0.0
ILADALE,0.0
VMSTAD,0.0
YFAPK,1.0
AMWD,0.0
PGYHR,0.0
GIILTEE,0.0
GHIAR,0.0
FFHE,1.0
IVAWSEE,0.0
IIMAGGGID,0.0
MSVTR,0.0
VYLYLEQHPE,1.0
FSMD,1.0
IETILD,1.0
AITID,0.0
WWLSR,1.0
VWAESD,1.0
MLISMGPSK,0.0
PHHAE,0.0
VVIDDSD,0.0
FKWQYRQR,1.0
ILTIITEE,0.0
FTMQIK,1.0
MWFEAAD,1.0
WFDTID,1.0
AWDMD,1.0
IVAGGAD,0.0
IFMMQKK,1.0
MPWVMRLPMR,1.0
VYRK,1.0
YLFVAED,1.0
ILMPTARKK,1.0
MFPVIGKR,1.0
MIYEE,1.0
ILHIQEE,0.0
IFFIDD,1.0
DLALD,0.0
LLSLDLLTE,0.0
IFVYKK,1.0
WLAEE,1.0
IVVETYD,0.0
LWLLEE,1.0
LWYAME,1.0
LEDVLGTE,0.0
NWFK,1.0
VAVTVYK,0.0
LPSPHDAD,0.0
LTYPTME,1.0
LLLKKSALFR,0.0
VVVIAVADD,0.0
YATD,1.0
HEPD,1.0
AIQIIHR,0.0
WPDFVD,1.0
LQVLFSDE,0.0
LLALKVTLHR,0.0
PFGAGWE,0.0
TIGGAR,0.0
LIIATTEE,0.0
MPDPLD,1.0
MITHR,0.0
LLELSSVVMD,0.0
HIMPE,1.0
DPDWE,0.0
PVLITD,0.0
PGTPTE,1.0
EEID,1.0
FVWD,1.0
FMNIAFMSKR,1.0
PHLFRPK,1.0
IMIHGEE,0.0
IKIYGAR,0.0
FVILKK,1.0
GFMTDGE,0.0
FIMSQDD,1.0
RVKK,1.0
PVHSNLE,0.0
FLFVKK,1.0
ITPPTLFGPE,0.0
GFMAKK,1.0
ILRWHK,1.0
FIATLDD,1.0
YMSND,0.0
IVGYVVDD,0.0
LVFIKK,1.0
PLGINEYE,0.0
VLLASDE,0.0
IFTWIGSK,1.0
FALLEGE,1.0
MVVWEE,1.0
LWGQDD,1.0
MLVTVD,0.0
VLIAIED,0.0
LILEGADLE,0.0
LKVGASR,0.0
YLFR,1.0
AILVSDE,0.0
MSIRKR,1.0
FVYGAEE,0.0
IYLWE,1.0
AIVFDQE,0.0
VMWWKK,1.0
FTWE,1.0
WVRTMQK,1.0
MTIYNEE,1.0
YTQK,1.0
ALIVTDD,0.0
IEILSHD,0.0
YIMIRR,1.0
MVLVAKK,0.0
WFMSAR,1.0
EAYQIE,1.0
ETAD,1.0
VILVEE,0.0
PINYYSR,1.0
MYWDE,1.0
YMLENVGD,0.0
VMFVDD,0.0
VWELVTD,1.0
LELD,1.0
LALLESSND,0.0
FFMEE,1.0
AVLIHDD,0.0
VVPWYD,1.0
GMMYYFQE,1.0
VEMDMSPIDE,0.0
WVQKAR,1.0
FLNYWMK,1.0
IIISSEE,0.0
DIWEQD,1.0
WTED,1.0
LLDLSAGID,0.0
FVIAKK,1.0
LLLIGNDD,0.0
AFYPD,1.0
VLLISSEFE,0.0
VVYAGIEE,0.0
VFLNTEE,1.0
MHIYDHGME,0.0
PTDLD,0.0
IFNDTD,1.0
VIVHAKK,0.0
FLFRLLR,1.0
IFDDESE,0.0
VAVVHEE,0.0
VYDAIE,1.0
IYYYNSR,1.0
LGLMAED,0.0
WLWR,1.0
PMNLSIEE,0.0
IWFDD,1.0
LMIFEAGD,0.0
FLVADDAE,1.0
PMYRKR,1.0
YWLE,1.0
IVPNDE,1.0
VLVKQAAIIR,0.0
PPHQQPR,1.0
FMMMKK,1.0
MFWFKK,1.0
LVIWKK,1.0
IHMLSE,1.0
YWPE,1.0
IFIWYK,1.0
ILVSLGGLHE,0.0
YGVD,1.0
LVPYWHD,1.0
LLESLGE,0.0
FIKFAK,1.0
MNPRPLWAR,1.0
LKFIASK,1.0
MLAVSGGND,0.0
GPKR,0.0
IMSTFVFSTK,1.0
WATND,1.0
FVFFKK,1.0
DAQD,0.0
HPTK,1.0
LRVLWKVVR,1.0
FAFR,1.0
EVAAVE,0.0
MNMFLK,0.0
YLLRR,1.0
MWYAQR,1.0
WFILEE,1.0
LVFADGE,0.0
VMWFEE,1.0
IYHPQPEE,1.0
LVEYLAE,1.0
MQWFRR,1.0
ETEE,1.0
LHWK,1.0
VVVFR,0.0
EIFVGAD,1.0
FIYEE,1.0
ILLGTLEE,0.0
VYLMGDD,1.0
FFFEGAD,1.0
LFIMNADD,1.0
HPED,1.0
IVMWKK,1.0
AILITAEE,0.0
WVLGTNSAD,0.0
IGVHR,0.0
VYEND,1.0
WNLD,1.0
ILASDAIIE,0.0
IWIIEE,1.0
EMMISAE,0.0
GISK,0.0
ILDLHED,0.0
LTIVGED,0.0
YMHDIDAEQE,0.0
LSWIE,1.0
FWKINRNRR,1.0
VWYYE,1.0
MHYD,1.0
VFLMKK,1.0
VMIWASGNK,0.0
FIVIYSMLGE,0.0
AFPMHR,0.0
RFRK,1.0
SLLDLD,0.0
VLGKAAALNR,0.0
YFLKK,1.0
YFTEIE,1.0
FDEFE,1.0
PLDFQQAD,0.0
FMFEVAIE,1.0
LYIEE,1.0
IYMIED,1.0
IMMIKK,1.0
MLIYQDD,1.0
LTIMAAEE,0.0
VWIWE,0.0
LFVAYDE,0.0
LYQHD,0.0
IIGAED,0.0
MLVSMEE,0.0
VKMFTR,1.0
DMLGGAGD,0.0
MFTEIAD,0.0
APTTR,0.0
LLEVSVVTE,0.0
ALMSSEE,0.0
VFNFSEE,0.0
FSLDAAD,0.0
IIIVEE,0.0
MIIGNEDD,0.0
VVTEE,0.0
WEPID,1.0
LKAGLIYK,0.0
FLLMKK,1.0
FDAD,1.0
SPLK,0.0
YFAIK,1.0
IYAIEGE,0.0
WWSGE,1.0
PLAVYTRK,1.0
VLGLTGEE,0.0
VAQWK,0.0
VVVWDD,1.0
LMHE,0.0
LHDFD,0.0
LIFTSR,1.0
SVPSE,1.0
VLGGGMIRK,0.0
LAEWIE,0.0
LFGSMD,0.0
AYWD,0.0
FHDE,0.0
VVVFDQDE,0.0
MWWWD,1.0
FLWDD,1.0
IIISWDD,0.0
VVVVEE,0.0
MIVEISD,1.0
IITLAADD,0.0
WMVLKK,1.0
LIAAAKK,0.0
RVGFWK,1.0
YLTD,1.0
LFMKPVVK,1.0
WVLD,1.0
IVFFKK,0.0
VMYLEE,1.0
VVFSMDD,0.0
EMWLE,1.0
LIGLSGEGNE,0.0
ILLETMD,0.0
FLPMWQK,1.0
IYLYEE,1.0
VIFRIQGK,1.0
EVIIQAD,1.0
VDLFSGE,0.0
IIIFGGDD,0.0
VSPK,1.0
WDMILWMSE,1.0
VYWKK,1.0
MPPMFMWHR,1.0
IVMIEE,0.0
YVWK,1.0
RVAAK,1.0
VAIFID,0.0
IIGLDD,0.0
VLAILKK,0.0
KLAAIAK,0.0
MPWQKR,1.0
LFVKK,0.0
LGAFK,0.0
MFVKK,0.0
LGILQTDD,0.0
YIIK,1.0
YGVGK,0.0
VLIADADFLD,0.0
MMEMSNE,1.0
LVHINEE,0.0
YVKRINR,1.0
TLKK,0.0
FILSIDD,0.0
LVVFKK,0.0
FYSFNIE,1.0
GIIIYEE,1.0
VPYE,1.0
VAIVTDALD,0.0
LMLEAND,0.0
PHFD,1.0
MMELSTD,0.0
AMMGTDD,1.0
LVIVKAAALR,0.0
WMSND,1.0
MFGLAWAE,0.0
FFHGR,1.0
VGLIDAED,0.0
ILAMDILE,0.0
AADD,0.0
MWSVRQIK,1.0
IIITVEE,0.0
GDSD,0.0
MIISEADID,0.0
EPANIIIWE,0.0
IILYKTK,1.0
LLAMAIDTFE,0.0
LLTSFFPYK,0.0
LGIALKK,0.0
MIMVGKK,0.0
FVMIEE,1.0
RPVLPKK,1.0
FALGETD,0.0
LIFHRR,1.0
WVLWEE,1.0
LEIISEGTE,0.0
VLFIEE,0.0
YGTPD,1.0
LVVYSGFR,0.0
LSIIVQEE,1.0
KLLGK,1.0
VMDVGYD,0.0
LISYEID,1.0
SFLTR,1.0
IWWIEE,1.0
ALLIASEE,0.0
LTLTNMPFE,0.0
LWHDLE,1.0
LFLGIK,0.0
FWEGQPVWE,1.0
KLHVRK,1.0
IFILEE,0.0
IYIEE,1.0
ILLDGATLD,0.0
FWLVEE,1.0
VTSR,0.0
MILYADD,0.0
IWMWEE,1.0
GILR,0.0
LIAADVGE,0.0
IEHGE,0.0
FPVASD,1.0
HPEQE,1.0
IWTNTK,1.0
AVIGAAIDD,0.0
VLVMTADIE,0.0
EIVFVE,0.0
MIID,1.0
WLVRK,1.0
LTHR,0.0
QQWVR,1.0
FVTEND,1.0
FIAKLR,1.0
LEFAISD,1.0
YEEPE,1.0
IWFMDD,1.0
VSIAKK,0.0
PISLFE,0.0
RMYLMLNR,1.0
LVSIAAADD,0.0
WIYK,1.0
PFVTRGR,0.0
MVWDD,1.0
KKRR,1.0
IVLTQEE,0.0
VLIGSVDLD,0.0
IVTVAEDLD,0.0
MAIVADD,0.0
WLFMD,1.0
LVMVKK,0.0
VFVSMEE,0.0
FTIVADD,1.0
WLFK,1.0
IFALIRR,1.0
IVAK,1.0
ILWVKK,1.0
IWVGEAE,0.0
KSPPALR,0.0
LIFMEE,0.0
FKTILR,0.0
VDTWE,0.0
MTLYEE,1.0
WWIYGTNE,1.0
YGDD,0.0
VAEVAE,0.0
IAFAVADID,1.0
FGMRMATK,1.0
ENWGAD,1.0
VIVIDGDLD,0.0
VMMFKK,0.0
VFIVDD,1.0
VLMSMKK,0.0
LFILKK,1.0
IILTNDD,0.0
WIYDAE,1.0
PINDFD,0.0
MSMEPQTLAE,0.0
VWMIKK,1.0
LMYPKR,1.0
MLMGVYR,0.0
WFEIHE,1.0
QFLLAMKGK,0.0
IEIFTTE,0.0
LHDE,1.0
KVMKRR,1.0
ELHE,1.0
LIWITE,1.0
YTRK,1.0
LGPK,0.0
MHSQE,1.0
WQVAD,1.0
LIWQADD,1.0
NVLAPK,1.0
MMEDD,1.0
IVSLDSD,0.0
VKIGNYK,0.0
WVKAK,0.0
IKVR,1.0
FFYYYAR,1.0
LVYLEE,1.0
MHPYD,1.0
FMYQMDD,1.0
FVLVKK,0.0
VWSNAVSD,0.0
FLLEDNE,1.0
IFSISEE,0.0
SLLK,0.0
VSLIAAMD,0.0
ILIAGKK,0.0
KIKMK,1.0
WMVTNIR,0.0
EFITE,1.0
IQPKRSR,1.0
YILMQTED,0.0
KYVSGR,1.0
YGAQLE,1.0
VIFIKK,1.0
IFFMDD,1.0
GLHE,0.0
IFFHAEE,1.0
LLGAAADIE,0.0
LVIVDDGGD,0.0
IGIMKGATLR,0.0
HIIQGR,0.0
WEMD,1.0
LYYFRR,1.0
LLIIAE,0.0
MQNGFWAD,0.0
WMWFD,1.0
LMLSNAED,0.0
LAILNFAR,0.0
MPPAVSK,0.0
EIVMAAD,1.0
IVMHGKR,0.0
DVFD,0.0
FEMLD,1.0
FIVKRAR,1.0
ILIAGEALE,0.0
FPYPHPDD,1.0
WYGE,0.0
LFKIK,1.0
IAFAIDD,1.0
LGWKGK,1.0
MIFGGDD,0.0
FLVNDSD,0.0
TIVVWEE,1.0
LSAQR,0.0
LEQYIQMQAD,1.0
VQYMYE,1.0
ILDIAAIAD,0.0
ILYAAAIDD,0.0
YLLPD,1.0
MLTTEE,0.0
LLKSLNK,0.0
QWED,1.0
LNPAK,1.0
EQSGD,1.0
LVHAIGGD,0.0
LIAVGADMD,0.0
LKKTNR,1.0
ILFDD,1.0
LLSAMDD,0.0
MKTR,1.0
LAVYGGELD,0.0
KIKSR,1.0
LELAVDE,0.0
VMGLAKK,0.0
MLKGAGQIHR,0.0
LIIGNSDE,0.0
YMPK,1.0
DPYED,1.0
LLLAKIAIFR,0.0
MLFLSDE,1.0
IMLASFEE,0.0
VWWVKK,1.0
IVIKTNK,0.0
YLMEHD,1.0
YYAIK,1.0
IMHLQDD,1.0
MAPTR,0.0
LIYKAIK,1.0
MFMNETE,1.0
WVWIEE,1.0
AKLLLANR,0.0
FHLEDD,1.0
LAVQVK,0.0
FWINVQR,1.0
LIAETDD,0.0
FEAWD,1.0
LAYWVE,1.0
FADINEQE,0.0
IILVSTGILR,0.0
MYDAE,0.0
PYTAATE,1.0
SAIIPTPE,1.0
VVMGTKK,0.0
MAFTD,1.0
ELMPD,1.0
IFLKK,1.0
IAFAAKK,0.0
FYAED,1.0
MLALYEE,0.0
YIETD,1.0
VIWVKK,1.0
DWED,1.0
LWWK,1.0
MWMFEE,1.0
VMSYGEE,0.0
FQFQK,1.0
YIRVR,1.0
MFVFDD,0.0
VMDDGND,0.0
LMLTGVDD,0.0
LDISLGE,0.0
WPSED,1.0
IISVAGDVFD,0.0
VVLKTSR,0.0
IIAELSD,0.0
VYELEANIMD,1.0
IGLFNDD,0.0
PISD,1.0
IVTVAQKIFR,0.0
EIAAD,0.0
LGLEMETE,0.0
IVVMTDE,0.0
YMVD,1.0
VYILSD,1.0
WMKK,1.0
LFFIDD,1.0
IMRVSAK,1.0
IVWDD,1.0
VMFMKK,1.0
IYND,1.0
ILTVMEALD,0.0
EESD,1.0
MVLFEE,0.0
FQYVK,1.0
VYAK,0.0
MFLFKK,1.0
PVYFYGR,1.0
LMYSGDD,0.0
VVLSTRR,0.0
VAILIGEE,0.0
VWAAE,1.0
IVIVDD,0.0
MFTGKK,0.0
MISLLSEE,0.0
TPWD,1.0
MGEEQE,0.0
IFVVGAQLIR,0.0
LFFTNDD,1.0
LQDPMAFGE,0.0
LVYDAAD,1.0
LMVGGKK,0.0
LVYMGDE,0.0
IFVLETD,0.0
WFTHR,1.0
LAVFTDD,0.0
FIIDIAE,0.0
IFFKK,1.0
LGFWPE,1.0
IGWYGR,0.0
ELVAIDQE,0.0
INWVLD,1.0
FWTD,1.0
SMLVMGKQMR,0.0
VLHLGGME,0.0
MLRITR,1.0
LIYMNSPIR,1.0
VVVFKK,1.0
IYIAIGDD,0.0
VILVITEE,0.0
PAPSYFR,0.0
GLYQLK,0.0
LDFMAMD,1.0
IISED,1.0
VHWVND,1.0
FVSLPD,1.0
LWDVIWE,1.0
GILAVTDD,0.0
FYED,1.0
VYVIAHD,1.0
LLISSVAGD,0.0
MFMLKK,0.0
ILYAADD,0.0
QVFFKSLNR,1.0
LPQFWFE,1.0
AIAR,0.0
LPYQIVQQD,1.0
LLIDGTD,1.0
ITVAATPMR,0.0
FLWED,1.0
LLALATEIE,0.0
MLWYYAPHR,1.0
LLRLISSTQK,1.0
WAMGEESE,0.0
PYEE,1.0
LMLSRTK,1.0
LLSD,1.0
LKTK,1.0
YSVLE,1.0
IIMVEE,0.0
WGILLSR,0.0
FYSLQR,1.0
NVLTD,0.0
FIEFPE,1.0
IVIWDD,1.0
LLQSK,0.0
FITMDAD,1.0
PASK,0.0
AKFR,1.0
LDWALD,1.0
AKAR,0.0
TLLIK,0.0
ITIDD,1.0
MAFFSR,0.0
LLSEVMTE,0.0
FMITNED,1.0
LFLR,1.0
IVIIDD,0.0
LLVDENSLQE,0.0
LVADVAD,0.0
PLALSWEIED,1.0
LLMFATEE,0.0
WQYFD,1.0
PHVPIWYR,1.0
PYQMADD,1.0
LWDD,1.0
LIVYR,0.0
IFKAAIR,0.0
LELHGIE,0.0
WFFMDD,1.0
IIWIGEE,1.0
FIMGEAD,1.0
FVTTEFE,0.0
MWTEE,1.0
VLGSLDD,0.0
FMQWTVQVK,1.0
IETIED,1.0
LGFMGDE,1.0
YQAVR,1.0
LLTGSELE,0.0
WMLDD,0.0
LYYK,1.0
MWYEE,1.0
SLTD,0.0
IGPMGVTAD,0.0
VEWSVE,1.0
VVMMSKK,0.0
VVWMDD,1.0
LALISSINR,0.0
EEFLE,1.0
KLGKAK,1.0
IWMLEE,1.0
MVLDTTE,0.0
KGGGR,0.0
IGWK,1.0
IIALAGEE,0.0
MLFIKK,0.0
ILVWIEE,1.0
LVYD,1.0
FIVEVAD,1.0
VMVLDED,0.0
IRTKR,1.0
FIVYEAD,1.0
LVYGVADLD,0.0
FSIDD,1.0
AFAFDE,0.0
VVIVKSR,0.0
WMHWE,1.0
PFPPRR,1.0
LTWE,1.0
VMGIIKK,0.0
FALAAKR,1.0
YWIAK,1.0
LYITIEE,1.0
FYTGD,1.0
NKWK,1.0
LWMIVTR,1.0
MVVFEE,0.0
MIFPGRHRKR,1.0
KMMKTR,1.0
VEVHQE,0.0
VSGK,0.0
IVMVGAADD,0.0
LFYWDE,1.0
FIWFEE,1.0
MIFWKK,1.0
FFWK,1.0
EWME,1.0
ILIYNHD,1.0
LIKGISR,0.0
MGYEME,1.0
LVGIMQEE,0.0
LFVVKK,1.0
MMFAATEE,0.0
LLSMISDD,0.0
PVVFTNVHK,0.0
VLMMKK,0.0
AGQGQTR,0.0
YIVNDD,1.0
VSLTYD,0.0
IIFSLTIK,0.0
VPLETPD,1.0
LFVLGDD,1.0
ISKVNNTGLR,0.0
SSNR,0.0
PQWIRK,1.0
YEMAD,1.0
MFHIQTD,1.0
PGAFGFD,0.0
IMWGYDD,1.0
YFVKK,1.0
IQITK,1.0
YGDIILE,0.0
IMLKALR,0.0
MPPKRFK,1.0
ALYK,0.0
FWMNDD,1.0
GWFD,1.0
FVIHALD,0.0
MVGLDIDD,0.0
FIIQDD,1.0
VHQAAD,1.0
VPIK,1.0
KMVK,0.0
GLFYADD,0.0
APMR,1.0
VVLAANID,0.0
FFLMDD,1.0
FYWD,1.0
FDVDD,1.0
ALLTMDD,0.0
ILYD,0.0
KLTK,1.0
GVPHINE,1.0
IYTD,0.0
ILVLKK,0.0
LLLANKK,0.0
YLHIR,1.0
MWVSIAK,1.0
FMAITDD,0.0
LAYTEE,1.0
FWDDD,1.0
MMAKK,1.0
KFVR,1.0
VLIIAGDD,0.0
IHILGEE,0.0
YVEE,1.0
VMVMKK,0.0
LIAIIADIE,0.0
FMTYDMSVE,1.0
FILTQVR,1.0
VFWFEE,1.0
LSVMTDD,0.0
IIYAKRK,1.0
VSLD,0.0
VLMLIEE,0.0
LMVSLGDTFE,0.0
IFHLEAE,1.0
MILGAED,0.0
TIWE,1.0
IIFIIEE,1.0
IFYTE,1.0
WFVD,1.0
LVVPK,1.0
VTIWGTK,0.0
KLVGGGAILR,0.0
FTAIQLLR,0.0
ILKVKAAILR,0.0
FMMNSGR,0.0
MMYEE,1.0
ILFFQRR,1.0
HYPDD,1.0
LTFK,1.0
LITISEE,0.0
EVEEVE,0.0
MKMVAVR,0.0
IMAVKHR,0.0
LYIVDSD,1.0
PTPFTK,0.0
QTPPID,1.0
ILLQVTVD,0.0
WKIQR,1.0
IMSLAAALNR,0.0
IYIIGEE,1.0
WVMQVK,1.0
GLLHAEE,0.0
MMLIAK,0.0
YMELE,1.0
LAMDAAD,0.0
LVIIK,0.0
LYGISISD,0.0
MFQAVGDD,0.0
LISVAAVDD,0.0
VVFETTD,1.0
FWQDYNYD,1.0
FGLTD,1.0
EIMAATE,0.0
LMTRYQMR,1.0
ILWFEE,1.0
PFDNIHID,0.0
IMINYIVPSD,1.0
IVSVANDD,0.0
LIFEQSE,1.0
VMIEE,0.0
LVLGDDD,0.0
IVWR,1.0
LVHSEE,0.0
VIAMHAEE,0.0
LIIFRQK,1.0
VVFIDD,1.0
MLDMAAWDE,0.0
MYLKK,1.0
FLED,1.0
WHTE,1.0
LIVYYDD,1.0
QFHEE,1.0
LHLWD,0.0
IGLSMED,0.0
VWDQEE,1.0
WPFRRR,1.0
LVLSKK,0.0
FWVVDD,1.0
LMIAAADLE,0.0
PIWQVTSR,1.0
LAVIVDADFD,0.0
IFANTK,1.0
FHLFFINVE,1.0
MTGE,1.0
VFTYENYPAE,1.0
ALWMVRK,1.0
FLVSKK,1.0
FVLSEIE,1.0
VTLSDD,0.0
FVVTSDE,0.0
MMFGAKK,0.0
MEVQFD,1.0
IDIASEE,0.0
MPVPRKYMQK,1.0
YAWVE,1.0
ITIEE,0.0
AVLVMAEE,0.0
WVQK,1.0
WMAADD,1.0
MTYQE,1.0
ILSVEVSE,0.0
PNFFWDD,1.0
WRTR,1.0
LIEE,0.0
EFEVNAE,0.0
LIMFVE,0.0
ILEYNSD,1.0
YMITMFNVE,0.0
FWVFKK,1.0
YYGIR,1.0
LMYVNED,1.0
PWQD,1.0
VSFIDD,0.0
WMKR,1.0
VPLR,1.0
YMMKK,1.0
IAVVEAITD,0.0
AIVNAMDD,0.0
MAPPPD,1.0
ILWWKK,1.0
VKIAANKR,0.0
EVWIED,1.0
WIIFEE,1.0
ILTK,0.0
GVIIGTDD,0.0
LILHENE,1.0
LFGAALAID,0.0
LLEVAAE,0.0
PAFE,0.0
IFWDD,1.0
LYNELSE,1.0
IASGR,0.0
LMMAAKK,0.0
VAYR,0.0
MFTKK,1.0
LMVDHGE,0.0
MFGMSDD,0.0
IVHLD,0.0
WLQLKR,1.0
KWAK,1.0
MFVMAKK,0.0
WWEND,1.0
LILAAAAIRR,0.0
PPIWD,1.0
IAIPLR,0.0
VITLVDE,0.0
FVMWDD,1.0
IHILSFD,0.0
MSFDID,1.0
FLVIKK,0.0
LIYYQEE,1.0
FVTKK,1.0
HPVD,1.0
MPSSVAQE,0.0
FLSIR,1.0
FLNTMVD,1.0
IIAMSEE,0.0
FFALED,1.0
ILKGAVR,0.0
YIDD,1.0
YLAPQGTK,1.0
ALLLNSDD,0.0
FIVNAKK,1.0
IIWDD,1.0
MGIYADD,0.0
QPMVNGSE,0.0
WAEMPQD,1.0
QVWGK,1.0
MFFKNAK,1.0
VISFAQGILR,0.0
FYMALIWE,1.0
PQIPTFISE,1.0
VDLVAAE,0.0
PPWK,1.0
GILINSEE,0.0
YRLPR,1.0
MNKLFRR,1.0
VEWLGQD,1.0
PYYFD,1.0
LYEMAD,1.0
VYVQADD,1.0
YAGK,0.0
LLEALAGD,0.0
FWVEE,1.0
KARIR,1.0
DWMD,1.0
LRFSK,1.0
IILVKK,0.0
FMVIDTE,0.0
YLIR,1.0
TWRR,0.0
MMWIEE,1.0
VLYGIDD,0.0
MLYGHR,0.0
FNLVDD,1.0
VIMEHVD,0.0
LGEFGE,0.0
IVVVISQID,0.0
WLSK,1.0
WPYWYE,1.0
PPFHLE,1.0
FIMDNTD,1.0
WIWWKK,1.0
VMIAAKK,0.0
LYSD,1.0
LMVAARK,0.0
VFIFEE,1.0
VIGYGDD,0.0
AIMIHDD,1.0
WDPIVD,1.0
LELMMSE,0.0
AIMAAFR,0.0
YPMPFSE,1.0
IEFSQDE,1.0
LMLLKK,0.0
LIGGMTDQE,0.0
PPNEMHD,1.0
FLFAEAD,1.0
MLLFK,0.0
IMIRFK,1.0
FVAMKNK,0.0
PDQATE,0.0
YLDLGE,1.0
MGVVSDD,0.0
FLFMKR,1.0
VILNKGR,0.0
YSPD,1.0
MLTVSGND,0.0
MSIAK,0.0
IWEDPFD,1.0
VIMHKK,0.0
HPPAK,1.0
IFFSMEE,0.0
VYAIMEE,1.0
GFDFLESD,1.0
MLLSSAEE,0.0
YYVAR,1.0
AIITAEE,0.0
WPNSE,1.0
LLVWKK,1.0
LWMFEE,1.0
LSVLLDQE,0.0
IMTQK,1.0
MDVVSYD,0.0
IIMFEE,1.0
FVFVQYR,1.0
FFYMPNLPFK,1.0
AVTR,0.0
APPWLHE,1.0
VLIKMSALFR,0.0
IPEFSQQLFD,0.0
FLVESNPYMD,0.0
VMFLEE,1.0
FIVLEE,0.0
LSVIDGD,0.0
WIEWE,1.0
IMSVDAD,0.0
FILDD,1.0
LLISSEAGD,0.0
VLAYEE,0.0
FIKK,1.0
IYLVDGGD,1.0
FTVAR,1.0
LVYVNAEE,0.0
IFQHAILGE,0.0
LLMDSEQE,0.0
LLAGESD,0.0
FTLTKGGR,0.0
YPWNAAE,1.0
FMANKK,1.0
LVYVSGGID,1.0
ISPD,1.0
VLIEGGGD,0.0
IMVLKK,0.0
YLYNNFLGAE,1.0
VTILNGEE,0.0
TYLQK,1.0
FMIITDD,0.0
YAIR,1.0
MWTRNK,1.0
ALLITSDD,0.0
WLFKK,1.0
PSFR,0.0
FFVK,1.0
IGWD,1.0
EPVMNAAD,0.0
LGLTAMDD,0.0
FSVLRIVSR,1.0
VLGVISKK,0.0
VFYLEE,1.0
ILMTAEE,0.0
LLVKNTK,0.0
MLLIKK,0.0
MISWAE,0.0
MIVHD,0.0
FGIRAK,1.0
IYISDED,0.0
PGGDD,0.0
VLLVVVD,0.0
LDFVGGD,0.0
IFIISDIE,0.0
ALLVHDD,0.0
FPNNTD,1.0
LIAADDD,0.0
YPYTPGR,1.0
LMMHTVE,1.0
FVVVEE,1.0
VSVMAE,0.0
GMAYE,0.0
FIISSEE,0.0
FIYTEE,1.0
FEDD,1.0
MMFWKK,1.0
LAVVAAGDD,0.0
MVMVKK,0.0
IIMNAAEE,0.0
FAVTNEE,1.0
YIIAAEALHD,0.0
IGYE,0.0
AMLLGFD,0.0
LVSALVDD,0.0
LMYQSEE,1.0
VDYIVSE,1.0
WIFMEE,1.0
KMFGSK,1.0
LQWPK,1.0
LELAELGTE,0.0
LHDD,1.0
VKKK,1.0
AWAFR,0.0
VMEVGAIE,0.0
LGFAAEE,0.0
ILLKVSR,0.0
FGEVAFE,0.0
WKYR,1.0
YWHR,1.0
MTYSAR,1.0
KTMK,1.0
FLFEE,1.0
ILGIAAVDD,0.0
VIKHAR,1.0
VFVKK,1.0
WPNEYD,1.0
LWEFD,1.0
WDIND,1.0
VVVISAADD,0.0
