LMVEAAD,1.0
FRLLR,0.0
YFRKR,0.0
MMTISAEE,1.0
AIVDITD,1.0
LFQISDE,0.0
YGYNEE,0.0
YAIR,0.0
IHDVYID,0.0
LIVHLDE,1.0
TESE,0.0
IVLLNDE,1.0
VIINFED,1.0
MTDFAE,1.0
ANPTD,0.0
IWVVKK,0.0
LLAGVDGGD,1.0
ITLQLDD,1.0
EFFHE,0.0
DWMHE,0.0
MLMTVDD,1.0
LWVMEE,0.0
LLSMISDD,1.0
FLIDYDD,1.0
IIFGLRK,1.0
LYMEGGE,0.0
EFVD,0.0
LLIAKRK,1.0
WYAD,0.0
VSIIQVEE,1.0
IVYANKK,1.0
IILDVAD,1.0
MMFVEE,1.0
VLLAGDTLE,1.0
IMVTELSE,1.0
IMLGEAE,1.0
VFTYENYPAE,0.0
TWLRK,0.0
VSGK,0.0
LLQSK,1.0
WLVFDD,1.0
TPWD,0.0
IKIIK,0.0
LDNLQWFPD,1.0
AYIYE,1.0
VLVFEE,1.0
VHRTR,0.0
LLVVAKK,1.0
LVIYPPAK,0.0
FLAAEVD,1.0
LAGFDDE,0.0
SLLTR,1.0
SLIPHK,0.0
FWWMEE,0.0
IYMK,0.0
ADSE,1.0
LSLDDD,1.0
TIGGAR,0.0
IIIEDFD,1.0
WPSED,0.0
FMLWEE,1.0
GMFMLHQLK,1.0
EFSVQE,1.0
PISVAPD,0.0
YWMASID,0.0
WQVWE,0.0
IFHDME,1.0
QLVIHR,0.0
VMLEEESE,1.0
EWILFD,0.0
MVSITRTPR,1.0
FIIFSDE,1.0
PFRK,0.0
VEWLGQD,0.0
VTIFQEE,1.0
IIGYFDD,0.0
VFVSMEE,1.0
PHPD,0.0
MFLVSEE,1.0
IWKK,0.0
GMFSPQAK,0.0
GVLLPNTD,1.0
IFRISK,0.0
ILLEMHE,1.0
PAFE,0.0
VRAPK,0.0
LVSIADGIE,1.0
MLSD,0.0
VGILQADD,1.0
WVWWEE,1.0
LLISRLSTNK,1.0
LIITLEAD,1.0
LAILVSDNFD,1.0
PFPR,0.0
VLRILASTNK,1.0
LVHLKK,0.0
WFKQR,0.0
PYEE,0.0
VFGLD,0.0
LLWLEE,0.0
VISMALEE,1.0
KVIMTAK,1.0
LYTAE,0.0
MSGE,0.0
MMDVYE,1.0
VIVLHEE,1.0
IGMVLSSD,1.0
LILSQAIDD,1.0
AAPFMTGGD,1.0
LKPK,0.0
LILDHQD,1.0
APYR,0.0
FNIMVLARYK,1.0
WFPSKK,0.0
WFIVDD,0.0
ILTGDAEE,1.0
VLALKGR,1.0
FGPVPYE,0.0
YMMHHK,1.0
FVIHALD,1.0
VVLGGAADD,1.0
WRVK,0.0
VVTFE,0.0
VMTMYPGQE,0.0
YLTD,0.0
LELMMSE,1.0
LIMLIGDD,0.0
ILLIADQD,1.0
LWPPNE,0.0
IRYYR,0.0
YLEMSQD,1.0
VFINVDD,0.0
AVYR,1.0
LLMDQFD,1.0
VFAILDD,1.0
FVLEGEE,0.0
IIAEE,1.0
GGKR,0.0
RILASK,0.0
LLVSDGD,1.0
VLIGSVDLD,1.0
AFFIAD,0.0
MVFAADD,1.0
FILNMDD,0.0
WVFK,0.0
PYPK,0.0
ELVLITEE,1.0
YMYVEE,0.0
IVKMKAK,0.0
GWVE,0.0
ALTILE,1.0
IWFWEE,0.0
LLWEE,0.0
IITLVRR,1.0
ILTVMEALD,1.0
PHGLK,0.0
IIMVEE,1.0
LMDMDIMYD,1.0
LMLYTEE,0.0
IYMATD,0.0
VIQFSD,0.0
PTWD,1.0
YSQE,0.0
VIYGSEE,1.0
LLMHIRR,1.0
YIVAADD,1.0
LSYK,0.0
VILVEE,1.0
ELTHEE,1.0
LLTE,1.0
IVFLDEE,1.0
HIGK,0.0
WFAVK,0.0
FYVKK,0.0
MAYWE,0.0
ILFDD,0.0
FIIYK,0.0
LEIVDAALD,1.0
ILIIGSDD,1.0
LAVIHDD,1.0
LLLGAAADD,1.0
MFMIVYFWYD,1.0
VILAVEE,1.0
YPPTSK,0.0
LLAILEE,1.0
ALMNYD,0.0
LPGAGWND,0.0
FKMMVLPK,0.0
LTSK,0.0
LVMDNTD,0.0
YVSR,0.0
YRLSR,0.0
YYILSR,0.0
FAFGIE,0.0
MVFEE,0.0
IFVNSEE,1.0
VGLVAKK,1.0
IPFWSE,0.0
ILSLEE,1.0
LLAIDAGID,1.0
FYTR,0.0
IFFQVEE,0.0
WMVDD,0.0
VSAMSR,1.0
LVSLRK,1.0
KKAK,0.0
EIMYGAE,0.0
FFINGEE,0.0
LLVAGTLALR,1.0
LYILARR,1.0
LVYYPR,0.0
YVAQLK,0.0
YGTPD,0.0
MLIWARR,1.0
LVISVED,1.0
MIIFKK,0.0
WGWK,0.0
WVLRR,0.0
WFTMIPR,0.0
GKSKK,0.0
FYMALIWE,1.0
LIIVGEE,1.0
FYYIMTK,0.0
AVLVMAEE,1.0
WMKATAVAR,1.0
FFAEE,0.0
MWPEGND,0.0
DDLGQPIFD,0.0
VIIHSDE,1.0
APPLMQD,0.0
ALVSLVED,1.0
LYIEEDE,1.0
EYMSE,0.0
ILTK,0.0
FWNFNIFK,1.0
YWIQGDE,0.0
KVMATTR,1.0
TWMGE,0.0
VMDVGYD,1.0
LMWWEE,0.0
ILIMEE,1.0
SSPFLK,1.0
EYEENE,0.0
ELLGANSE,1.0
FAGTK,0.0
IIEHISE,1.0
PPFHLE,0.0
ILHSK,0.0
FLFFAPDFD,0.0
YMPPSK,0.0
IKLTYLVFGR,1.0
KGMMKR,1.0
LFAIDQALD,1.0
LYLLNDD,1.0
VFYTLHR,1.0
KQWR,0.0
VYSR,1.0
VLWAADD,0.0
FNVWD,0.0
WLSWPAD,0.0
HPPAK,0.0
AVLGIQEE,1.0
LVLGSAADLE,1.0
MVLDALDE,1.0
IMVIVADD,0.0
PTNWD,1.0
IMMLHKK,1.0
WGVVNE,0.0
LLVTIDALE,1.0
EFIDLD,1.0
WEMNMGD,0.0
IVVFSKK,1.0
FEMLD,0.0
PTVLVDD,1.0
FMYAIEE,1.0
YIRLTAR,0.0
ALIMAKR,1.0
FALHE,1.0
VFVGDD,0.0
IAPGR,0.0
ILTFDNHE,1.0
PAIR,1.0
LMGYVFMQK,1.0
IIHGLEE,1.0
QPLTE,0.0
IMGLAIDD,1.0
LGSE,0.0
LLHAIDD,1.0
LPYRIVYR,1.0
TLMIDD,1.0
LPIWSME,0.0
LLFSMDD,1.0
LIGDAIVE,1.0
LVAIIAETD,1.0
YLHAGVD,0.0
MLSFMEE,0.0
TLIFD,1.0
IHLYVRIFK,1.0
FVAYADD,0.0
QLEGGED,0.0
ELLSE,1.0
FTVAR,0.0
WFPIPTID,0.0
WFLEE,0.0
MLSSLDGND,1.0
VFIYGEE,1.0
IFFIDD,0.0
IMGTD,0.0
MMTVSEE,1.0
LISKR,1.0
LLLKKSALFR,1.0
LIDLALD,1.0
VLAYGEALE,1.0
IKFK,0.0
IMWVEE,0.0
FWFLAPD,0.0
VMFVDD,1.0
VWVRAR,0.0
MVLFEE,1.0
YGRK,0.0
LVHINEE,1.0
IWWLID,0.0
ITIIGRR,0.0
IPNVSE,1.0
MITHR,1.0
ITTR,1.0
FVAMKNK,1.0
ALIHDVMD,1.0
LEFAISD,0.0
MMLSTEE,1.0
LLTEDGD,1.0
VTLLQFVELD,1.0
LLTWR,1.0
IYYRK,0.0
YLAPQGTK,0.0
ILAYSEE,0.0
WLQFGPR,0.0
MELTAEE,1.0
FDVDD,0.0
WRWK,0.0
KGMVR,0.0
VFMAASALD,1.0
IGIVGADFD,1.0
IVFTLEE,1.0
VISFAQGILR,1.0
VMTLSEE,1.0
DPYD,0.0
QLGSR,0.0
IVVWND,1.0
APIVD,0.0
FALAAKR,0.0
YVVSDD,1.0
VHSFE,1.0
KGPLMPPAK,0.0
WTLED,0.0
LEHYQE,1.0
TYRR,0.0
LIMGHDD,1.0
LTKMQYNR,1.0
LGFMGDE,0.0
NGAD,0.0
LILALSELD,1.0
DYLD,0.0
KTGK,0.0
KLTK,0.0
FWVVDD,0.0
PTIQK,1.0
WLWTPAAD,0.0
MDILE,0.0
ALVMKAK,1.0
YDVPVE,0.0
KGKMR,0.0
FVQIADD,1.0
NLWPR,0.0
WLPGFSE,0.0
LSMYQWYE,1.0
IVVWDD,0.0
FSVGIAE,1.0
MILGDHE,1.0
WIQD,0.0
ISVLMEE,1.0
IIFVLEE,1.0
LPDD,0.0
VLLR,1.0
IWWLEE,0.0
YMHR,0.0
WIFK,0.0
WLFFDD,0.0
VIISVAEE,1.0
LYFNNVK,0.0
PHHID,0.0
IWGFMDD,0.0
YILMQTED,1.0
RMYLMLNR,0.0
LVMVKK,1.0
LVYAKAR,0.0
GPMYAE,1.0
RHGR,0.0
MWFK,1.0
MMESITE,1.0
ILYMARR,0.0
MYNFTR,1.0
FMMKK,0.0
FSAND,0.0
LWIAEND,0.0
MLMGVYR,0.0
APKK,0.0
YLHPSGE,0.0
WFYE,0.0
FFLMDD,0.0
YIDIGVE,0.0
IIISWDD,1.0
LHMNQMIK,1.0
NWMR,0.0
LVWVDD,0.0
PEPVD,0.0
IIMQKKK,1.0
FVIIEE,0.0
PMGIWPIGK,0.0
IFLSVDD,0.0
LISLQKK,1.0
WLTK,0.0
EIPQFGLAD,1.0
WFQR,0.0
VWIFEE,0.0
LGILQTDD,1.0
LPPKPVYLR,0.0
LVSIAAADD,1.0
MSIRKR,0.0
KISNQR,1.0
IITESANAE,1.0
LWIVKK,0.0
IALVSDE,1.0
FLAD,0.0
LLISSEAGD,1.0
ADGMIVPE,1.0
PPNPRFAK,0.0
FWMNDD,0.0
TFPD,0.0
IFMMQKK,0.0
MPQMWE,0.0
LVAFTDE,1.0
MGYEME,0.0
LVYMGDE,1.0
PELYVD,0.0
LVVISSLQFR,1.0
LAITVADIHE,1.0
YIGSEE,0.0
IIVE,0.0
MLMIKK,1.0
PDVYEE,0.0
FIKFAK,0.0
LVIASVADD,1.0
IIAVVVDTIE,1.0
VMLAEDEE,1.0
IFSAEMAE,1.0
IILGKAAAVR,1.0
PSFR,1.0
IFLAQVEE,1.0
LVTDDIE,1.0
VLIIEE,1.0
VFIAFMHTR,0.0
LALISSINR,1.0
LAYTEE,0.0
KMHPK,0.0
VLVVISEE,1.0
IMSAMEE,1.0
IDPIVD,0.0
ILSLVRK,1.0
MLVSLRR,1.0
VIPE,0.0
FFKNR,0.0
WMTK,0.0
LGLYSEE,1.0
ELESDD,1.0
YVFK,0.0
LLLAKIAIFR,1.0
MLEVLSE,1.0
PLPAQIHK,0.0
HMYAK,0.0
DFMDID,0.0
AFAK,0.0
IFVVEE,0.0
ATLE,1.0
NFWD,1.0
YVQK,0.0
KIYK,0.0
IVMTDED,1.0
YIIALEE,1.0
IPMSTKVKIR,1.0
FLSLFK,1.0
VVVTLADD,1.0
WMKR,0.0
LYIVTEE,0.0
VWLMKK,0.0
MIKR,0.0
VRLLWK,1.0
YEVE,0.0
FVVTSDE,1.0
LFALEE,1.0
AFLFSEE,1.0
IVEYHNED,1.0
LFVKK,1.0
FLYKTK,0.0
DMLGGAGD,0.0
WVPAR,0.0
GWSE,1.0
MSVTR,1.0
LFGSVGEE,1.0
MWYQSK,0.0
PITK,1.0
FHLEDD,0.0
FSNMIE,0.0
LVVITDE,0.0
MTYMQPAAD,0.0
MFLLKK,0.0
FIMFEE,0.0
GADNAE,1.0
VIEFTNE,1.0
YMLE,0.0
IWWIEE,0.0
ALLNPMVAR,1.0
LLVVKK,1.0
ILITAMDD,1.0
YMKMR,0.0
GLIPGD,1.0
LVYD,0.0
IYVDAAIID,1.0
WVLD,0.0
LLIIAE,1.0
IWNYYIR,0.0
ALLIAED,1.0
YIPE,0.0
IIMGGKK,0.0
PQLHE,1.0
VIIDTSE,1.0
VMEMSGD,0.0
YMGWD,0.0
DLIIAD,1.0
YAIEMEE,1.0
MYLEMAD,0.0
FLMTGDE,0.0
ILIIEE,1.0
LLAAFDD,1.0
VGLNTPR,1.0
VMSTAD,1.0
VVILQDD,1.0
GLFYADD,1.0
WTAIAK,0.0
YMTSR,1.0
LLSISDE,1.0
VLIMIDD,1.0
WMFLKK,0.0
LVLLEE,1.0
MLLFEE,0.0
SLVVQDD,1.0
WFYEE,0.0
YVTVEE,0.0
MYGK,0.0
VLLFKK,1.0
FLLARTR,1.0
MMVKKKR,1.0
FLLEE,1.0
IQQIMVTAD,1.0
ILLLKK,0.0
IVLNHD,0.0
LLDSDIGD,1.0
GEMTE,1.0
TWRR,0.0
YTAWGD,0.0
YIPHK,0.0
LMMHYGE,1.0
VVVEILGD,1.0
LVAIKLTK,1.0
WLIEE,0.0
ELVAMSIE,1.0
WPNPEE,0.0
DVASD,1.0
VVVYDD,0.0
FAGNE,0.0
LPFIIED,0.0
LIYSAADLID,1.0
WVFEE,0.0
TMEPDE,0.0
ILLWAEE,1.0
MLYTK,1.0
VMDWD,1.0
YKYR,0.0
VFVFDD,0.0
EIVIDSD,1.0
MFQAVGDD,1.0
FVVVEE,0.0
KITR,0.0
LMFKMSR,1.0
LYIILDSE,1.0
LIIGNSDE,1.0
VVQWARNR,1.0
PFVYE,0.0
VVVFR,1.0
ILGYEND,0.0
FMVLKK,0.0
VMLTNKK,1.0
DFWSED,0.0
MFSLKK,1.0
IVLSGRK,1.0
MLFIKK,1.0
MGWNVFIHEE,0.0
LALVESAGFE,1.0
TVPMTK,0.0
MMGNYK,0.0
VIVESAE,1.0
KAKK,0.0
EIWSME,0.0
MMPELEGE,0.0
WAPMD,0.0
VDLVAAE,1.0
YIPQNK,0.0
VMKYYRR,0.0
KVAIRK,0.0
ILISNIDD,1.0
LLLSTDD,1.0
MILQTPMD,0.0
GVVSD,1.0
LIFMEE,1.0
VWILKK,0.0
IFMFKK,0.0
MVITGKK,1.0
LQLSGVK,1.0
FMLTADD,1.0
IVIIDD,1.0
LFLDLENFD,1.0
LTLSINPD,1.0
GFLDVGD,1.0
IVFTEAD,1.0
ITMAKK,0.0
MLMVKK,1.0
MSPANPPK,0.0
MLAVSGGND,1.0
YWGE,0.0
PFKFK,1.0
MLNGISDD,1.0
WVIK,0.0
VVMMSKK,1.0
APGD,0.0
KIGYQK,0.0
LLPDE,0.0
LVVAIED,1.0
FYMEE,0.0
WVFMEE,0.0
LIAKMFHR,1.0
IVLTQEE,1.0
LMFDVTE,1.0
IAFAAKK,1.0
LLMDSEQE,1.0
IITDSWMPND,1.0
VTHMPK,0.0
PKFIWR,0.0
MLTAIKK,1.0
LISVIATIID,1.0
YIGGD,0.0
VLWLKK,1.0
MSGYK,0.0
YGDIILE,1.0
EIMAATE,1.0
IVAVTDD,1.0
FHLFFINVE,0.0
IHDD,1.0
WPKSAQR,0.0
LNMHAR,1.0
ILDIAAIAD,1.0
FSPTDE,0.0
GPDPE,0.0
ILVSLGGLHE,1.0
FPSK,0.0
FMVIAEE,1.0
IDIASEE,1.0
GIYAEE,1.0
RFMGKGVK,0.0
VARQWR,0.0
ILSGWWD,1.0
FIVIDD,0.0
GLLTLDD,1.0
LFWWEE,0.0
VLAVAMADD,1.0
IGTKK,0.0
ILKIRMYFTK,1.0
MTIISEE,1.0
VVVFDQDE,1.0
VALKTAALGR,1.0
YPMPD,0.0
EPVMNAAD,1.0
LAVGMAADD,1.0
LTED,0.0
LDGGIPE,0.0
VIMLR,1.0
FAGR,0.0
KLKK,0.0
LLIVSNEE,1.0
EMHD,0.0
LLVRKSR,1.0
PHPRNK,0.0
WWSGE,0.0
RKSK,0.0
SPIPVFAE,0.0
FFMEE,0.0
WIDED,0.0
VIVTADDID,1.0
IWIWKK,0.0
ILGIAAVDD,1.0
IFVQSKK,0.0
GLIATEE,1.0
IYIMSEE,0.0
VIVIDD,0.0
IGIIADD,1.0
MWLLKK,0.0
VHSPWE,0.0
FIWVKK,0.0
LVLVASEIE,1.0
ELIMTAD,0.0
MMHMDD,0.0
EIYQVAEE,1.0
IVIFKK,0.0
YPMD,0.0
MGVVSDD,1.0
IFLEISE,1.0
ILLSAALDD,1.0
MFVMDGD,0.0
YMMLNDD,0.0
LIKIAAAIR,1.0
FMYTID,1.0
DYMVDQME,1.0
LLAILDD,1.0
GVMGLNTEED,1.0
VILNKGR,1.0
LAVVALEEHE,1.0
IFQMDFFE,0.0
IALAKGQIIK,1.0
LVKGLGK,1.0
TWMAR,0.0
FLIMRR,0.0
VWSNAVSD,1.0
WFGK,0.0
PIWQVTSR,0.0
GLLHAEE,1.0
PLTWIR,1.0
IMVLLEE,1.0
PVTD,1.0
FAIE,0.0
VAYALADD,0.0
IIAPQHLND,1.0
VFYLEE,0.0
APHK,0.0
VAVTVYK,1.0
VLELVSE,1.0
DPYED,0.0
VIYAINED,0.0
WLPSNK,0.0
IWSGK,0.0
TILSE,1.0
FWVK,0.0
YLLR,0.0
IIFSSWE,0.0
EIVMAAD,0.0
VILIAADD,1.0
FVLTDID,0.0
FMAITDD,1.0
VALID,1.0
FFYMPNLPFK,0.0
ILLLIEE,1.0
IVMVGAADD,1.0
ELID,1.0
PPFSLIKR,1.0
KVLTNR,1.0
MIWMEE,0.0
VIVLGDD,1.0
FTWQNK,0.0
LVVMKK,1.0
VYILSD,0.0
ILSFNDD,1.0
LLEVSVVTE,1.0
TVPRLAK,0.0
ILTIAAELYE,1.0
QSFPE,0.0
MWMEE,0.0
WDGED,0.0
LSIVGEE,1.0
WILDD,0.0
AWHR,0.0
INPPGEDE,0.0
VMYDPE,0.0
ILMYDGAE,0.0
YYATED,0.0
FKLNK,1.0
MPWSE,0.0
ILLLKAR,1.0
LFAR,0.0
VGMVDAED,1.0
MIMVKKR,1.0
WYYMD,0.0
ILQAKK,1.0
IFFEVDD,0.0
LMFMKK,1.0
FELTAGE,1.0
VMDDGND,1.0
WMAADD,0.0
IIKLTQK,1.0
VLMTQKK,1.0
VGSVYFFR,0.0
FVILKK,0.0
IWDTE,0.0
LSLIIEQD,1.0
PWPK,0.0
AIIESEE,1.0
FPYIAQR,0.0
TIKQWQYK,1.0
RVAAK,0.0
FVTKK,0.0
ETEID,1.0
LLDTD,1.0
VVLKIGR,1.0
MLNWEAE,0.0
LWDD,0.0
IMLANAEE,1.0
IGWD,0.0
ALLALRR,1.0
MFFIEE,0.0
VWVDD,0.0
IYAIEGE,1.0
IEVSIGD,1.0
GIPPK,0.0
VYDAD,0.0
GYAK,1.0
FLIK,0.0
IWMWEE,0.0
ALLMSRK,1.0
LIMFVE,1.0
IIMMTKR,1.0
IMYYIDD,0.0
LIAETDD,1.0
VFIVDD,0.0
VMLLAKR,1.0
NWSE,0.0
VVISVDD,1.0
PIVD,0.0
LQAD,0.0
ITIKK,1.0
VFNFSEE,1.0
MLIFKK,0.0
YLVPR,0.0
MFRAR,0.0
LIWITE,0.0
VLISELTVE,1.0
ISDFEHD,1.0
IISILDD,1.0
KGMIAR,0.0
FAFDGGD,0.0
YFWD,0.0
EVEEVE,1.0
MPPTGPQVID,0.0
IIWR,1.0
WRTR,0.0
VLMAKVR,1.0
VYEMFID,0.0
ILYILLIVK,0.0
LWIGGR,0.0
AIAFKKK,1.0
LVAIETE,1.0
LVMHEED,1.0
FVWIDD,0.0
LISLKQR,1.0
FLTADAE,0.0
MVISEAGGD,1.0
LITDSVD,1.0
MSVSLK,1.0
WVVHE,0.0
IHMLSE,0.0
VHMVE,1.0
ILPPE,0.0
VIAITIDD,1.0
LFIIDEE,1.0
FFIEE,1.0
YVVQK,0.0
WLMAGQFD,0.0
WLWMEE,0.0
MVHAE,0.0
YVVLAGEE,0.0
IIQLSNMK,1.0
IWFDD,0.0
LALLESSND,1.0
QMFWWLE,1.0
LLHMD,1.0
VAPD,0.0
IMIEE,0.0
MFFQDD,0.0
FGAPR,0.0
YQSE,0.0
WFAEE,0.0
IYIEE,0.0
FLAYMGE,0.0
LIAALEGID,1.0
YWVNE,0.0
IYKK,0.0
FKVPR,0.0
VIHLQDD,1.0
LMIWMELD,1.0
ADHE,1.0
IMLALNDD,1.0
FTYK,0.0
VDLLAE,1.0
TLLIK,1.0
FFYEAD,0.0
PMLDYEDVLD,1.0
FMIADSD,1.0
MWMVKK,0.0
YILAWE,1.0
IFTIGRK,0.0
LFVVKK,0.0
VLLISSEFE,1.0
LALMSDD,1.0
ALWGD,1.0
ELISEGD,1.0
MTGMD,0.0
LSVIDGD,1.0
MLIADMTE,1.0
EMITGND,1.0
FMNPHPEE,0.0
DPFME,0.0
IILGAQELD,1.0
VIMWKK,1.0
FVMFEE,0.0
LVYQE,0.0
IVTITLDE,1.0
ILVGVDAFD,1.0
YLAARK,0.0
PVIPWYR,0.0
VFLMKK,0.0
QYVNTK,0.0
YGPE,0.0
FGMWPQGTE,0.0
IIIWEE,1.0
VAVMDSE,1.0
VITEIDD,1.0
MYYTIMK,0.0
VLAVLRATHR,1.0
MAMADD,0.0
YLHDD,1.0
VIEFE,0.0
IFMLSRR,0.0
PFWHMMDED,0.0
MLISLEE,1.0
VSPK,0.0
EVFGMD,0.0
VLIFTIR,1.0
KGAGR,0.0
FIPE,0.0
IFSR,0.0
IIIIYPVPPE,0.0
FGMPGMK,0.0
DTDD,1.0
ALMSSEE,1.0
AVMLSADD,1.0
VMIESAE,1.0
PGYK,0.0
FVFVKK,0.0
IGIVADE,1.0
VVFSIEE,0.0
KLGKAK,0.0
ILAFQKK,0.0
LGFWPE,0.0
LMQVLYED,1.0
PWHR,0.0
AAAIIFYGR,1.0
LYIGKK,0.0
WHWNE,0.0
FVVIDD,1.0
ITFLIDD,0.0
IFWKK,0.0
LMYVNED,0.0
FFGK,0.0
LYWMD,0.0
MYTTGD,0.0
FWKINRNRR,1.0
PFPKR,0.0
AWWE,0.0
YIDD,0.0
MHVK,0.0
IWYPYR,0.0
VFLNTEE,0.0
LAIMTQGE,1.0
LDHD,0.0
FVVQSEE,0.0
LLWE,0.0
VFYGEE,0.0
WNWR,0.0
LLHAIAELD,1.0
KGWTR,0.0
VMQEWNQVD,1.0
FFKR,0.0
LDEWE,1.0
VIFLAAEE,0.0
FAVISMAE,0.0
VSLIAAMD,1.0
LLIQHDE,1.0
LLKSLNK,1.0
KFWHMK,0.0
ITIEGE,0.0
MLMWEE,0.0
WMLE,0.0
LAVIVDADFD,1.0
FLISFDD,1.0
FIDIIDD,1.0
WNAE,0.0
IFMTIKR,0.0
LMYVARR,0.0
LLEWANE,1.0
LILEE,1.0
IYAQE,0.0
LIVSMQTMR,1.0
LWDVIWE,1.0
MYSD,0.0
AMSD,0.0
FVALMED,0.0
PYNGAR,0.0
ILAAMAIDD,1.0
TISPLR,1.0
LFSMK,0.0
LGVVSGDD,1.0
YIITKR,1.0
MMYEE,0.0
FMIHEE,0.0
LGLMAED,1.0
FLHSR,1.0
WIYDAE,0.0
WMVTNIR,1.0
ILVKANAIHK,1.0
YLHIR,0.0
LLEAVVMD,1.0
IVSLELGGE,1.0
IWAGR,0.0
LVVWNDD,1.0
VMMMSKK,1.0
LTLD,0.0
LVVSVSDFND,1.0
LPIWMQE,0.0
ILLDASD,1.0
GLYND,1.0
VFEEVAAD,1.0
LMHYR,0.0
AGYTE,0.0
AVHLVAK,0.0
LLLGVADE,1.0
FIMQWVHNFE,1.0
IWWLVDALYE,0.0
EYILGGD,0.0
LLIYEGE,1.0
DWED,0.0
LKTK,0.0
WVMYR,0.0
LWWDAD,0.0
PYKR,0.0
MWKIR,0.0
TIWRR,0.0
QWFLLE,0.0
WAEMPQD,0.0
WWQR,0.0
TPGD,0.0
ILVGLQEE,1.0
VANIAR,1.0
FIWFEE,0.0
AVFIIE,1.0
LWFKK,0.0
IGPMGVTAD,1.0
LLVASAAGD,1.0
LYVPD,0.0
LMFISEE,1.0
EVMGIDGD,1.0
IFQHAILGE,1.0
EIVINTD,1.0
VSFK,1.0
WMKK,0.0
LQWPK,0.0
FFTGADD,0.0
IIISLGDND,1.0
FMHD,0.0
ILVMASDLID,1.0
FMFGVR,0.0
VIGVSKK,1.0
TILFYD,1.0
VAEVAE,1.0
LLSD,0.0
MYIAKNK,0.0
ALIGK,1.0
IISAFSQYD,1.0
YWGED,0.0
LLMLRTK,1.0
VMLMDSD,1.0
WMIMEE,0.0
MNMFLK,1.0
IYGIGLDD,1.0
IWVE,0.0
VVIDDSD,1.0
LMVLTKK,1.0
ASGR,1.0
IMAVDAEITD,1.0
LMIYVED,1.0
FFWFKK,0.0
LITISEE,1.0
LLVVSTDLE,1.0
LLTSLEE,1.0
MFMKATR,1.0
ILDLHED,1.0
IMLLGSEE,1.0
VLLAADTLFD,1.0
VYVFR,0.0
EIASLQE,1.0
VSIAFEE,1.0
VYPFYMYR,0.0
NPPLNSIAE,1.0
LLSAK,1.0
VFILEE,1.0
IVISKITIFR,1.0
SMYFE,0.0
WVFR,0.0
WANVAD,0.0
IFIWKNYAK,1.0
IAALVIK,1.0
FSVLRIVSR,1.0
IAVLRKR,1.0
SLEWD,1.0
LVLGDDD,1.0
HFRIR,0.0
RIIYAK,1.0
MPPAIGR,0.0
VMLIKK,1.0
IEIFAAD,1.0
LNLLVEAD,1.0
MYQIITD,0.0
IELSLTE,1.0
EPANIIIWE,1.0
LALLGEGTE,1.0
IFLD,0.0
YIETD,0.0
IAVIVANIHR,1.0
FMIITDD,1.0
IISAD,0.0
LHVD,0.0
VIAYD,1.0
PLHE,0.0
VKKR,0.0
WAMGR,0.0
ILVEE,1.0
MMLSQDD,1.0
ILIVAEE,1.0
WFNAK,0.0
EPVE,0.0
MMDYGE,0.0
YIRVR,0.0
LIMQATDD,1.0
LAIQKKK,1.0
LMTNQGGD,1.0
TVTVVR,1.0
DLWIGE,0.0
GIVFGGEE,1.0
WWVLEE,0.0
YLQKVK,0.0
LSFGGE,0.0
VDFDDLIWED,1.0
TVQFE,1.0
IMWFEE,0.0
MIIGAADITD,1.0
AMFWD,1.0
LNPAK,0.0
KKRR,0.0
WVIKK,0.0
FPMPDED,0.0
VYHNK,1.0
VFLFKK,1.0
IVGYVVDD,1.0
KIIQLAFMR,0.0
IMIYGED,1.0
AEAEAE,1.0
MSLLR,1.0
IFNYDD,1.0
WGFGFGD,1.0
MFKAIAK,0.0
VILLTRR,1.0
IVFSDQE,1.0
FMVFEE,0.0
VMRSWK,0.0
IIFANGDD,1.0
MMVADTD,1.0
AYANE,0.0
MISIEAD,1.0
RVYR,0.0
SIEDE,1.0
LSMDAD,0.0
LMSTVAEE,1.0
TIEDD,1.0
LLAFAKK,1.0
YLDLGE,0.0
IAFNTEE,0.0
VWAESD,0.0
IIIVEDD,1.0
ILWGAIK,0.0
IWILKK,0.0
PFYLK,0.0
MLMFEE,1.0
ILSDGED,1.0
FTKR,0.0
VITVAVDD,1.0
MTAYK,1.0
FLSR,0.0
WEYLD,0.0
AVHMDD,1.0
LHDD,0.0
LLYEE,0.0
MLIWK,1.0
FAWSR,1.0
LLMNTKK,1.0
PSVLTMGESD,1.0
LVFIENE,1.0
VPWVLQTQRK,1.0
IVVFEE,1.0
MVLAIATD,1.0
LIGYDVD,1.0
FPED,0.0
IILYDD,0.0
GKWPR,0.0
FTAIQLLR,1.0
IAYMK,0.0
MTMR,1.0
ILVNVKK,1.0
QFYVK,0.0
GILR,1.0
VIVIDGDLD,1.0
HLVGNFLFK,1.0
LFYVAEE,0.0
ISKVNNTGLR,1.0
IMVEHED,1.0
MFHGNVLE,1.0
MWIKK,0.0
FMLANKK,0.0
VWIEISQEE,1.0
VGGYLIVED,1.0
FLSFGEE,1.0
ILVWKK,0.0
IMLDSAELD,1.0
WLAE,0.0
TIIAVDD,1.0
IEDSAD,1.0
VHMAK,0.0
ALVSAKR,1.0
FFMPPE,0.0
VALFQQEE,1.0
MISLLSEE,1.0
IYNMKK,0.0
LPATWR,0.0
WWIWEE,0.0
PPHQQPR,0.0
PGYHR,0.0
FFFEGAD,0.0
AYISD,0.0
ESPGD,0.0
VLGVISKK,1.0
LYITIEE,0.0
QWPR,0.0
IWGFGDD,0.0
ILQLKRK,1.0
LHIK,1.0
LMVLIQDD,1.0
ILMAPMR,1.0
IEFTGE,1.0
ITMK,1.0
VTVWIPQQD,0.0
MFIVKK,0.0
FYHE,0.0
LALLGAAALR,1.0
ALMIRSK,0.0
ALIKTTK,1.0
LYIVQDE,0.0
IILGSKAVHR,1.0
LVWYK,0.0
IFKAAIR,1.0
HIVE,0.0
WLKSK,0.0
VVKMALR,1.0
GIMPSFMDD,0.0
IIMNAAEE,1.0
LIAMSRR,1.0
YMLK,0.0
VVVAAAEEE,1.0
LSVLLDQE,1.0
MDED,0.0
YYMD,0.0
AMMITAEE,1.0
VAVWTIR,1.0
LKVNIAK,1.0
VVISAEE,1.0
IKLALKR,1.0
IMVSLVEE,1.0
IMEMDTE,1.0
YNVK,0.0
MVILHEE,1.0
YFSAR,0.0
ILISISQLD,1.0
LPFK,0.0
VVVMSKR,1.0
LMAIKK,1.0
WVLFKK,0.0
LIVYR,1.0
IWWMKK,0.0
LLFESAE,0.0
IALIIEE,1.0
DVFQLTDE,1.0
FFDTID,0.0
WMQFD,0.0
PVSR,1.0
LTIVGED,1.0
IYNKAK,0.0
LWQSGR,0.0
LIHAR,1.0
LLTYR,1.0
IIMSADD,1.0
IILVSTGILR,1.0
FLFINIWK,0.0
QVWGK,0.0
LIIYGAIAHR,1.0
MLIVADD,1.0
AVVVEE,1.0
YTYD,0.0
APQWTR,0.0
FYLEE,0.0
SKVR,0.0
KFAPR,0.0
LPFNKK,0.0
DWWGD,0.0
PFPD,0.0
VLWFEE,1.0
IIGVGDD,1.0
FIAIAKK,1.0
PYMFR,1.0
KVQLAR,0.0
DWMAAE,0.0
AVLIHDD,1.0
FMASVEE,0.0
AIVNAMDD,1.0
LEIIEGGTD,1.0
IVASIAIDD,1.0
IEFDGGE,0.0
VFILSED,1.0
MIYALEE,0.0
HLIK,0.0
TWMD,0.0
LSWID,0.0
VLGLTGEE,1.0
FVDHE,0.0
MSMEPQTLAE,1.0
EHGE,0.0
IITLTVEE,1.0
FIGIETE,1.0
IFKK,0.0
TNLIPAK,1.0
YGMR,0.0
LILHENE,1.0
WVMWEE,0.0
VVFVDD,0.0
VLTSMEE,1.0
LYIMSEE,1.0
FFRR,0.0
LISGLED,1.0
GPKR,0.0
LYVYDE,1.0
IQIMSAEE,1.0
VTFEED,1.0
YVHVD,0.0
LYFVAED,0.0
YMMEAAD,0.0
VLLTVSDE,1.0
FFIE,0.0
FMIADSE,1.0
VLYEAIQE,1.0
WMSK,0.0
KIIVLFHIR,0.0
PLID,1.0
LALMDAE,1.0
FAAID,0.0
VLPWLPFTAD,0.0
MIFHIEE,1.0
VVLVVHEE,1.0
TDGGE,0.0
FVTTEFE,1.0
LLTK,0.0
LFGAALAID,1.0
YVIE,0.0
KHMK,0.0
IGLKAAALQR,1.0
LTIGIDD,1.0
IMFLDD,0.0
ILVVMDAID,1.0
LLKLSSR,1.0
VVLAANID,1.0
VIWHRR,1.0
ILWIKK,0.0
LDFMAMD,0.0
IMMWEE,1.0
LIISLNEE,1.0
IMLMSFPR,0.0
LVIMEE,1.0
MITVAVEE,1.0
HIIQGR,1.0
SYMR,1.0
DLLVADD,1.0
IFVGGEE,0.0
MTLVSEE,1.0
FMNIAFMSKR,0.0
IARRYGR,0.0
VVILEE,1.0
WYLEE,0.0
VYIID,1.0
AFMVE,1.0
IQISR,1.0
MFIFTSR,1.0
FILINDD,1.0
IDFE,1.0
ELVSAME,1.0
IWRK,0.0
WSGD,0.0
FMFIKK,0.0
IIDLDAAE,1.0
VVWIKK,0.0
VLSIKGR,1.0
LPHVHDQD,1.0
LVIYDD,1.0
FFLFKK,0.0
MAIGKGAAIR,1.0
WADD,0.0
PYVK,0.0
IFRHAPIIK,0.0
PILTNIEYNE,1.0
AFGVLID,1.0
LIGFDGD,0.0
LILVADDE,1.0
LVDFE,0.0
KTMK,0.0
LAVGSKK,1.0
VIYYEE,0.0
MIFAADD,1.0
MWDIND,0.0
LIIHAANIHR,1.0
QIFSK,1.0
EVAAVE,1.0
MIPHR,0.0
LVGGMSSPD,0.0
LPMHYK,0.0
IFQASDD,0.0
PSMD,1.0
FWFVKK,0.0
WARLK,0.0
LIATMDAE,1.0
TPPPLDIEE,0.0
PNIFLFR,0.0
KSGKR,0.0
YGYE,0.0
VMFMAEAE,0.0
MIAITDD,1.0
VYKR,0.0
LVLYTEE,1.0
MIFND,0.0
IYISDED,1.0
PIEDFND,1.0
WLDHE,0.0
PPFE,0.0
GILINSEE,1.0
WNKYR,0.0
NPPLAGGK,0.0
FWFIEE,0.0
VLFHTNQE,0.0
VKKK,0.0
QWMLVR,0.0
LVELMAD,1.0
LSPWK,0.0
LFKK,0.0
MVYTADD,0.0
MLVMKK,1.0
LLLIGNDD,1.0
VVVLSSDND,1.0
YPMYNVE,0.0
MYVFYK,0.0
AIVIKAR,0.0
WWYLNGTR,0.0
FAWQE,0.0
AYKR,0.0
LFMKPVVK,0.0
IIDVASGLLD,1.0
IRNVWLSWR,1.0
LYLEIED,0.0
DLPGWE,0.0
IKSVYAR,0.0
ASPK,1.0
YRLPR,0.0
FAFR,0.0
LLQQWFK,1.0
PPHQYIQR,0.0
VLYDLVFD,0.0
TYLK,1.0
ILNIMESE,1.0
VVMLTRK,0.0
SVIK,1.0
FFLYR,1.0
SKLQNR,0.0
MLYNIEE,1.0
PWQMTWIR,0.0
IVVMTDE,1.0
VVVVEE,1.0
RIWR,0.0
LAIILETD,1.0
AMFE,0.0
MIHLEE,1.0
VNVYAVYQNE,1.0
PITSVIFK,1.0
VIILSDD,0.0
FGYD,0.0
WGLQK,0.0
MPDPLD,0.0
PIKLANR,1.0
LVYGIEE,1.0
LFISQDD,0.0
QVFGEAD,1.0
LLAIGEE,1.0
WLMKK,0.0
IMLSGKR,0.0
WFVD,0.0
MFTEIAD,1.0
WIPHMYVE,0.0
PWFLR,0.0
FWTQK,0.0
IFAAID,1.0
VPHSPD,0.0
WVTKK,0.0
IIAGMEE,1.0
WVQKAR,0.0
WQKAR,0.0
FLMNDGD,0.0
IVFFKK,1.0
QFWFND,1.0
ILLLSMEE,1.0
LYQQYD,0.0
IIISADQID,1.0
TLMGFEWEDE,0.0
MKMVAVR,1.0
YLALVAVE,1.0
VVFETTD,0.0
VLLASDVND,1.0
TIISEE,1.0
IDQMAD,1.0
WDAE,0.0
TILIGDD,1.0
IYFDANE,0.0
LVLAAAGDD,1.0
FMTD,0.0
FMPIFMR,0.0
FVIKK,0.0
PAPR,0.0
VFITAEE,1.0
MFWMEE,1.0
FADINEQE,1.0
WWWEE,0.0
LIGHIDE,1.0
MVIKTAK,0.0
IIGWGEE,1.0
LPFAR,0.0
MVWDD,0.0
ISPVSDE,1.0
LLDIAGGVND,1.0
VFVASRR,1.0
VVIQWTMANR,1.0
VDLFSGE,1.0
AVTR,1.0
FTME,0.0
MDILGAAE,1.0
VFLVEE,1.0
QWIAE,0.0
ITLIIEE,1.0
ILADALE,1.0
LVTEVSE,1.0
FILQESE,0.0
VKITAAR,0.0
IETILD,0.0
PHVFR,0.0
YIRSR,1.0
EVIEQLD,1.0
LWYGE,0.0
MIVHD,1.0
FQTE,0.0
LTTEE,1.0
VFVKK,0.0
IHMGGE,0.0
MYLITEE,0.0
MLYADYD,0.0
LWLLPWIR,0.0
APPWLHE,0.0
MLTSLED,1.0
QWFQND,0.0
KKGK,0.0
LDLMVSE,1.0
EVVEATE,1.0
IVVVISQID,1.0
ISMK,1.0
WLLE,0.0
FWLLEE,0.0
LYHWIAK,0.0
WWLR,0.0
IYWLTDPLE,1.0
IISIADD,1.0
IPEFSQQLFD,1.0
VIIMTKK,1.0
IMMHNDD,1.0
YMFLSIK,1.0
ILIAGEALE,1.0
YWIAK,0.0
FFHGR,0.0
WIFEE,0.0
IINMMAEE,1.0
LFQYAEE,0.0
IKMISSR,1.0
PLIPSMIMQE,1.0
FQYLMLAE,0.0
FILYSEE,1.0
VYELEANIMD,0.0
PIFAYK,1.0
MIMHVDD,1.0
ALWPNPE,0.0
MSDTE,1.0
LLGWADD,0.0
PAYLLNGE,0.0
FFMAQDD,0.0
FEIYGSE,0.0
FFSGIEE,0.0
SFLPEHGE,0.0
VLIFDD,0.0
NFMTE,0.0
KSYR,0.0
YEDLGAD,0.0
IVAVIEETHE,1.0
WMFVEE,0.0
LEQLNSE,1.0
LLSKLAGIHR,1.0
LLKNLLK,1.0
LISLNAIE,1.0
MFFLEE,0.0
YIMD,0.0
IPFADD,0.0
MLVTVD,1.0
LIAIAEETD,1.0
LEVASLLD,1.0
YLAR,0.0
GDSD,1.0
ILASDAIIE,1.0
ALMMTEE,1.0
AKPK,0.0
LILFRR,0.0
IIGLSED,1.0
HAPED,0.0
VLAMVDD,1.0
ILYAADD,1.0
MLLFK,1.0
TYLR,0.0
SVMFNFK,1.0
IAYIATK,0.0
MLFMKSK,1.0
IVWVAEE,0.0
YIKTAR,0.0
LLAIKNR,1.0
MKMK,0.0
LLEISLVTD,1.0
VMILEE,1.0
FMLGIEE,0.0
FMIVDD,1.0
SIIAIDD,1.0
ILKAVAAFVR,1.0
VKYR,0.0
FVSLPD,0.0
LITMGEE,1.0
PGVPTGVR,1.0
FIKK,0.0
EFYQME,0.0
PHIQGAK,0.0
SVFVR,0.0
SFIMGFE,0.0
MWWKK,0.0
FLFVKK,0.0
IAISDD,1.0
LLKRNPVLGK,1.0
VYVARR,0.0
NLIHE,1.0
YPATE,0.0
QFLLAMKGK,1.0
AFAFDE,0.0
IGLWAEE,1.0
IVIVTDEIE,1.0
VVIVKSR,1.0
LNMWRK,1.0
WGLPK,0.0
IVSKLRIK,1.0
QIFSR,1.0
VFVTTEE,1.0
GVVTEE,1.0
VVWKK,0.0
MSDAVE,1.0
FIYTRK,0.0
GYFD,0.0
FVMD,0.0
MVFVDD,1.0
WLVEE,0.0
HVVDD,0.0
LMYMR,1.0
ILTIITEE,1.0
AMKGK,0.0
IFFYKK,1.0
IPFSRLWNR,0.0
AIMAAFR,1.0
PPQD,0.0
IGVYAEE,1.0
VIWQADD,0.0
AYFVE,0.0
VLTLQAELD,1.0
LIKTTIK,1.0
WLFK,0.0
IWTK,0.0
WKLR,0.0
EFTE,0.0
PGSPIFE,1.0
LQYGKR,1.0
INWMHVD,0.0
LWTIK,0.0
IYIAIGDD,1.0
WMWEE,0.0
IFSAIR,1.0
IKWIR,0.0
LLTVSVELD,1.0
LWWK,0.0
MTID,0.0
VFVMDD,0.0
MMKLIAR,1.0
VFLATRK,0.0
VYVRK,0.0
EGYLWAAD,0.0
MYLQRK,0.0
IILGSKK,1.0
QFMNWIPQD,0.0
LVEMSLVE,1.0
IVLAVDSLD,1.0
MVFMQDD,1.0
PPEYLE,0.0
LLAQLETE,1.0
LLVVSITGFE,1.0
LMLSKNR,1.0
WLYPE,0.0
FMRK,0.0
IRPWHMR,0.0
LGFGTDD,1.0
VMVMKK,1.0
IIVAVADVE,1.0
EIDWQD,1.0
WLFMEE,0.0
NFLLVPQQD,0.0
MYTE,0.0
IITITRR,1.0
YPYTPGR,0.0
TVVKK,0.0
LQYFND,0.0
IIFIIEE,0.0
WRPR,0.0
FIIFEE,0.0
WVRTMQK,0.0
ILSIEVGGD,1.0
ISFYVE,1.0
IVILQKK,1.0
FEIMSD,1.0
TIFNR,1.0
MEILDEAE,0.0
TMWK,0.0
SFPYPAR,0.0
HIMPE,0.0
LFMIDD,0.0
KSVR,0.0
GLFEYGE,1.0
LYIEE,0.0
WQYFD,0.0
FMKKAPKK,0.0
RYAK,0.0
YRVFR,0.0
WLFLEE,1.0
VVMKAKK,0.0
SQWE,0.0
IKGK,0.0
IEYLIVE,1.0
WMID,0.0
IVILADD,1.0
IKWFILTR,0.0
PVVFTNVHK,1.0
FILMDD,0.0
ITGR,0.0
VIIGINTR,1.0
FYLD,0.0
ILVGHEE,1.0
IIFSLTIK,1.0
LIYGSDD,1.0
VVDYAVGE,1.0
LYADIAD,1.0
KPPRPIAR,0.0
LFMYMPVYE,0.0
GHIAR,1.0
IELLEDD,1.0
MVLLASDD,1.0
LYMMATEE,1.0
VILAYEE,1.0
YWHR,0.0
FFIIDD,1.0
LVILSSGTMK,1.0
MLVASEAID,1.0
IVHGDD,1.0
HPEQE,0.0
PVHSNLE,1.0
ILYAKTK,0.0
YVGKK,0.0
WWMEE,0.0
SIPRMK,0.0
LFLGIK,1.0
IYHPQPEE,0.0
KIMAPGR,0.0
LTPGR,0.0
TFVYE,0.0
LLNDTD,1.0
IILMGDD,1.0
FMAAVFD,0.0
DIYEAME,0.0
VVTIIDD,1.0
LAMYKK,0.0
LVFSEEE,1.0
YLHHD,1.0
WVFLEE,0.0
QFLIEQD,0.0
FEGD,0.0
IILESGALE,1.0
VLFSFR,1.0
VIFTQDD,0.0
VLIDNADE,1.0
IIMWKK,1.0
AYMD,0.0
IIIKKQR,1.0
LYGISISD,1.0
LSMAIPE,0.0
MMFAATEE,1.0
FHMNR,0.0
IISLAGDD,1.0
VMLGKTK,1.0
APNPWD,0.0
FLWED,0.0
MILMARR,1.0
AIVFDQE,1.0
VSFIDD,1.0
VSLTYD,1.0
FLYDAQE,0.0
IVMKLKKWR,1.0
LMLTGVDD,1.0
FPWMMTPK,0.0
VLMWKK,1.0
IYWIME,0.0
NKWK,0.0
FIALHDD,1.0
IYMIED,0.0
LYEMAD,0.0
HVLAQMD,1.0
IFIISDIE,1.0
MMEDD,0.0
LEEMTMD,1.0
MWPKIR,0.0
MTPPE,0.0
PHLK,1.0
YPRR,0.0
WIIR,0.0
FILDD,0.0
VMVWDE,1.0
GMYR,0.0
LAVQVK,1.0
WVQK,0.0
VSLK,1.0
KIHGIK,1.0
VMFMKK,0.0
IIYFMDD,0.0
LGWPYD,0.0
IISGKK,0.0
HIFLYQK,0.0
LLALGKK,1.0
IAFAKNK,1.0
IWTMADD,1.0
LMIFHRR,1.0
YGDD,0.0
AKAR,1.0
FFLD,0.0
VMPSWK,0.0
IHIARLK,0.0
VIVYAEE,1.0
LLSLDLLTE,1.0
LIAAAKK,1.0
LGGWGK,0.0
ITIDD,1.0
AIMYSEE,1.0
IMLQKK,0.0
ALQAD,1.0
VFMNFNELD,1.0
LSLGIAAGLR,1.0
VLMMKK,1.0
MYFE,0.0
AWPE,0.0
PWQD,0.0
FGLNADD,1.0
MLVVGLEE,1.0
LKNK,0.0
LIIFIK,0.0
LLYLGTND,1.0
LVGEVSD,1.0
QFIVIVGK,1.0
IMFITEE,1.0
AWQK,0.0
YLVR,0.0
FTISDD,1.0
IMNIVLWSE,1.0
VIFMSDE,1.0
LMLLSSSVTE,1.0
FLEVASYD,0.0
VLTVALDD,1.0
WWEND,0.0
VAALLDE,1.0
VLVTQEE,1.0
SWLR,0.0
WMTMNK,0.0
WMSND,0.0
ILFLQKK,0.0
KMAGR,0.0
YTQVAE,0.0
MVVKARK,1.0
WIYLAGDE,0.0
LVFIKK,0.0
FMPTSQND,1.0
LIFSQEE,1.0
FIMTAKK,0.0
LALHKK,1.0
YMHDIDAEQE,1.0
FIYEE,0.0
ITVAATPMR,1.0
MIFKQHK,1.0
MFDLAD,0.0
IWSAR,0.0
WSME,0.0
VHQAAD,0.0
WYIIPLE,0.0
PYWDYEFPNE,0.0
FVNISEE,1.0
VAWAE,0.0
VIFRIQGK,0.0
FLWMEE,0.0
AVIYAKR,1.0
VLSVIDTID,1.0
YFAIK,0.0
MLFFKK,0.0
ILLETQE,1.0
SVTR,1.0
YALDE,1.0
LIYAIDD,1.0
YNIFD,0.0
VFFGDQE,1.0
MIMVGKK,1.0
KWYR,0.0
WLWK,0.0
PDVTD,1.0
FKHFK,0.0
KLHTK,0.0
QVLAFD,1.0
LKSR,0.0
EPAD,0.0
WFQD,0.0
VMSLTKK,1.0
ILSYQDD,1.0
MMYLQEE,0.0
FYHMGFNPE,0.0
FIYDGE,0.0
YLSK,0.0
LAIMWQE,1.0
WVMKR,0.0
QFYIQSE,0.0
PPYFLAHTR,0.0
ELVAIDQE,1.0
LISLRGALLR,1.0
PWMR,0.0
LGTMEE,0.0
KLYRK,0.0
ILKSASLIIR,1.0
LLASKMK,1.0
VFWMDD,0.0
FAFFIEWDGE,1.0
LIIMKK,1.0
WMEYPGD,0.0
LRFSK,0.0
FYVQK,0.0
AIIKIAR,0.0
LWVWKK,0.0
MMFTAED,0.0
LIDMSDE,1.0
MGYKR,0.0
SPMD,0.0
MIID,0.0
MWQD,0.0
LYNVYR,1.0
VHINR,0.0
MWVAENWD,1.0
HLLYQLPMR,1.0
VILVSRR,1.0
LEFVSD,1.0
VYSFE,1.0
IDVVAGD,1.0
PIEDTFVMD,1.0
IVVVKK,1.0
FMIWK,0.0
FLHNLR,1.0
WIVDD,0.0
VFWESE,0.0
IEDAPWIE,1.0
LVGLSKK,1.0
MLTMEQD,1.0
WFVSNGAE,0.0
VMFLEE,0.0
SMPIIGE,0.0
ILAVVAGDD,1.0
EVISAEQD,1.0
VIYLIEE,0.0
WFTDNE,1.0
MLISMGPSK,1.0
LIFGR,1.0
LFVAYDE,1.0
VMVVKK,1.0
LNLVGKK,0.0
PKQPSR,0.0
LPRGYR,0.0
MLLWE,1.0
AIKMAAK,0.0
AAVLWAR,0.0
VVAKKNALLR,1.0
ILHMMEE,1.0
YAQD,0.0
IIALTTLMID,1.0
IGVPAIDND,1.0
MWQAK,0.0
VFDIIAE,1.0
YVMAFLMD,0.0
EIITMQTE,1.0
YPMAR,0.0
LGFAAEE,1.0
IAVAYE,1.0
IILGAETLD,1.0
VVFLEE,1.0
LMLMGEE,1.0
IQVFEAE,1.0
RLPSR,0.0
LFIYESD,0.0
LMWLEE,0.0
GVLFALDD,1.0
ADYLVVE,1.0
IHIKK,1.0
LLSFLEE,1.0
LEYE,0.0
IYMGPPWK,0.0
MLIYRR,1.0
LILSRLK,1.0
PRYIIYR,1.0
VSLD,1.0
SMLVMGKQMR,1.0
VALKIAR,1.0
ALELDAE,1.0
AFMMHK,0.0
IFNFD,0.0
VLKGFSR,1.0
YPGAD,0.0
FHMVGE,0.0
LFVYKK,1.0
IVTLTEE,1.0
AWPINFD,0.0
MKHK,0.0
VLWADND,1.0
DLVHE,1.0
RVKK,0.0
YQPLK,0.0
ITYYE,0.0
MLKISVK,1.0
YAFAE,0.0
WVFVKK,0.0
VWIWE,0.0
FIWLEE,0.0
VFQMLR,0.0
GMTPTK,0.0
LMVAKTQIFR,1.0
VGLFAEDD,1.0
VFQLIDE,0.0
IVQFK,1.0
LSRYGR,0.0
LEVVSIGGD,1.0
YIEVMD,0.0
LDWE,1.0
GYSK,1.0
IAMSLDD,1.0
FVYD,0.0
EVAMGATND,1.0
IMGIGGDD,1.0
WLIIKK,0.0
LDDWE,1.0
TLLAMEGD,1.0
ALIKITQVK,1.0
AVFAGNIE,1.0
LVGYSDD,0.0
YLFRHPK,0.0
YMITMFNVE,1.0
PSYK,1.0
INWVLD,0.0
LSSIK,1.0
PHLYD,1.0
IMIVSDD,1.0
LILTIGEE,1.0
RFPKK,0.0
FFIFKK,0.0
PASK,1.0
VGIVAAIDD,1.0
VLEMAQDE,1.0
LLLIKK,1.0
PSLD,1.0
ILRPK,0.0
MLLYGED,1.0
LAVLAQADD,1.0
WHFK,0.0
IIHIEAE,1.0
IIISLGAID,1.0
MGYLTEE,0.0
YPWPFTR,0.0
WGILLSR,1.0
IEIFTTE,1.0
VWVFEE,0.0
FIEFPE,0.0
IYNHD,1.0
VVIVKAAGLK,0.0
PWVTDDLE,0.0
ELLGNTD,1.0
LLLTETD,1.0
FLALEGD,1.0
LVHSEE,1.0
FQIDAAD,1.0
FSLR,0.0
LYVSPSNPD,0.0
MMMVAKK,1.0
GQVWYE,0.0
MFMIEE,0.0
FMASE,0.0
VHMVSDD,0.0
LMPPWD,0.0
KGIIAGK,0.0
TLLIE,1.0
LIEHVEEE,1.0
VLSIQED,1.0
IMKK,0.0
LLISTKK,1.0
HPTK,0.0
IFLMKK,1.0
AVVAAKK,1.0
HIIISMVE,1.0
VLVAMKR,1.0
VWEGDE,0.0
WALINVNE,1.0
GWAE,0.0
DIYE,0.0
VWVWKK,0.0
ILMFQKK,0.0
MYMYAEE,1.0
IVDMISD,1.0
LMMRFK,0.0
EMTSQE,1.0
LVFLKK,0.0
VVYAGIEE,1.0
LWGELAE,1.0
MFKGK,0.0
PHWHNE,1.0
PILYPKVK,0.0
VDLVAAAE,1.0
KYFLR,0.0
YTVNK,0.0
PVTTR,1.0
AYMHFAE,0.0
MSVD,0.0
ISLIDLED,1.0
TLVYK,0.0
LWMID,0.0
WYMK,0.0
LIMKASR,1.0
VWAAE,0.0
IWFMDD,0.0
AFPMHR,0.0
PVWK,1.0
LFMAIIR,1.0
FLSADD,1.0
FMIWEE,0.0
VIVTGRK,1.0
VTMSHR,1.0
IFVWDD,0.0
WVRR,0.0
VAVVHEE,1.0
WPRIHGR,0.0
PAPFQSGK,1.0
IIAVSAEIVE,1.0
FISALDD,1.0
KYYR,0.0
LGISDVD,1.0
IVYKK,0.0
MFSMDGE,0.0
DLVSQVE,1.0
LYPSPE,0.0
MVFLEE,0.0
VVLIIDD,1.0
IIATMDD,1.0
MELTATE,1.0
ALIVTDD,1.0
VLITDAD,1.0
ILTNIVEE,1.0
VWAEE,0.0
SGILPE,0.0
FPVASD,0.0
FKTILR,1.0
KISK,0.0
IMINYIVPSD,0.0
IFIIEE,1.0
PSQIMTR,1.0
FIISSEE,1.0
HFVHE,0.0
MFMNDTE,1.0
VAIVVDAAD,1.0
MMLWKK,1.0
LVSTILDD,1.0
IVTLTDD,1.0
MKLMTK,1.0
EMMISAE,1.0
TMLSPNWE,0.0
LMLALDD,1.0
SMPD,0.0
LLDASIE,1.0
IILYKTK,1.0
FIDLWNVE,0.0
MAFTEE,1.0
WDIND,0.0
IFSE,0.0
FGIIIVNK,1.0
FMWDVNGD,0.0
LLDALDD,1.0
LHVR,0.0
TIEWAD,0.0
VIDFDND,0.0
LFLAMFR,1.0
IISVVTEIE,1.0
LLAINSDD,1.0
FLSVVWVAR,1.0
MVASQSVD,1.0
IFGLIRR,1.0
VTMRVK,1.0
IAVEE,1.0
ITITIEE,1.0
MNKLFRR,1.0
MLKIAIR,1.0
INLMYHD,1.0
MVKGK,0.0
LIYGTDD,0.0
MMFTNADE,1.0
MILHAADD,0.0
KRVWR,0.0
LWVR,0.0
HIPR,0.0
IIFWARR,0.0
HAIAE,0.0
LIGVVGDLD,1.0
MPTR,0.0
FGILEE,1.0
LGWFKFQK,0.0
LAIAEAEE,1.0
LFTFLIFR,1.0
MWWVKK,0.0
MLKNYHK,1.0
VWAAQIGWE,0.0
ILLHTEE,1.0
FIVIYSMLGE,1.0
ILIITKR,1.0
YWGQVTR,0.0
FHDE,0.0
VIVAK,0.0
PDMWTAE,0.0
LLMIDDE,1.0
VYHMMR,1.0
ITIIGDD,0.0
MYAFAEE,1.0
LVQHE,0.0
SVYE,1.0
SKLR,1.0
VMHE,0.0
TMID,1.0
FVLFKK,0.0
IMKLAHR,1.0
MFRSR,0.0
LLELTLEE,1.0
ILGGKK,0.0
IMMIHKK,1.0
LIIIDSALD,1.0
DWLAD,0.0
MESE,0.0
GDLWID,0.0
QWGAD,0.0
FAWKK,0.0
FIMGEAD,0.0
WGFR,0.0
AYWD,0.0
WPMR,0.0
LWIKK,0.0
VMLVEE,1.0
LVSLIDE,1.0
HVID,0.0
LLGYEAELD,1.0
LNSWNE,1.0
VGIISIDD,1.0
PELQFDMID,1.0
EYGYQD,1.0
VLWEE,0.0
PVFHPK,0.0
LLESDID,1.0
YEEPE,0.0
IEILSHD,1.0
MVLIEE,0.0
FAIYAEE,0.0
MYIFTTD,0.0
EIISAMD,1.0
EMSE,0.0
ILFFKK,1.0
ITYRR,0.0
MILVEE,1.0
LLMFATEE,1.0
IFFVNDD,1.0
IGVHNR,1.0
TTMR,1.0
YMGD,0.0
AIIAAVADD,1.0
FMWEDD,0.0
FFLFR,0.0
FFEIDGE,0.0
FVMVEE,1.0
FWISPFGK,0.0
DLPSGD,0.0
MISWMRGMR,0.0
FWQK,0.0
VILLRK,1.0
PSMRFRR,0.0
PWYRGQR,0.0
FLRVK,0.0
VAYR,1.0
PTFYPFR,0.0
ITIIIE,1.0
ILEYDQD,1.0
MMIFKK,1.0
ILAKKAALR,1.0
MVSIADD,1.0
KWLSGR,0.0
MLID,0.0
VIVAAKLIAR,1.0
IVGWSEE,0.0
WIWLKK,0.0
VMYLEE,0.0
LHVE,0.0
VHQK,0.0
IMFIDD,0.0
ALVMSRK,1.0
WVTD,0.0
PVANWKR,1.0
FYWD,0.0
AILAGDDLD,1.0
IVTLLTEE,1.0
MFIMQMAD,1.0
YIWK,0.0
MVLADLD,1.0
IWFD,0.0
LILFKR,1.0
WFLIKK,0.0
VLVGESAID,1.0
TIYIE,0.0
ILEETMFE,1.0
FVPAK,0.0
NIFDDD,1.0
IIPVR,0.0
MWMAPFIK,0.0
PKPSRK,0.0
GPMPHE,0.0
FIALGEQE,1.0
LMVDTGD,1.0
FGWLNQR,0.0
LLEHGGD,1.0
IFAIVDD,1.0
IETIED,1.0
FLLNAKR,1.0
ILLQVTVD,1.0
LLIFEE,1.0
WEQD,0.0
MEGVWD,0.0
FIILQYR,1.0
FWMFDD,0.0
MFLAKTR,1.0
ILALAEAGD,1.0
LWLVKK,0.0
YFYNNWIFD,1.0
MKNISR,0.0
WFIIEE,0.0
LWVVEE,0.0
WGMLAVE,1.0
KTPR,0.0
ALYAAED,0.0
PADWD,0.0
IIAVDSEIE,1.0
VLMSMKK,1.0
SIKR,1.0
YEND,0.0
LLVATEQILE,1.0
WLIWKK,0.0
VIDLHGE,1.0
GLHE,0.0
YIFPTSR,0.0
PYTAYD,1.0
IEIQDGD,1.0
LGLEMETE,1.0
DMAYIILE,1.0
ILGAVKAITK,1.0
GIITGED,1.0
FMAHGEVD,1.0
LMLVEAAD,1.0
FMLVNWPGYR,0.0
MGAIK,0.0
LVDSVSE,1.0
LYIED,0.0
KPPTR,0.0
FQFQK,0.0
LKKK,0.0
IAFPPFIK,0.0
LELSSAE,1.0
LHLMVEE,1.0
VVTMIGEE,1.0
MIPPTSYQR,0.0
FKKK,0.0
WGQIPR,0.0
VLIISSDTD,1.0
GIVLYDD,1.0
LFWFKK,1.0
YAIGAK,0.0
MLTAVEE,1.0
IKLISQR,1.0
YYSD,0.0
DFPEE,0.0
MIHFR,0.0
FYAED,0.0
VLSLIDGGD,1.0
YVWAR,0.0
YGFFHD,1.0
LMLEAND,1.0
LMLFNHWR,1.0
IWND,0.0
DLIGSGD,0.0
FGEVAFE,1.0
YPVMAME,0.0
VVAAEE,1.0
MISAK,0.0
YMKIK,1.0
NWTE,0.0
IMVESAEID,1.0
VVVLVRK,1.0
KFMK,0.0
MIFLEGD,0.0
IFVAKK,1.0
KVYR,0.0
PMLD,0.0
LVSKK,0.0
WYYD,0.0
MGLLADD,1.0
FQVWND,0.0
AITID,1.0
ILIGEHE,1.0
IAIPLR,1.0
YWID,0.0
VVIATDQD,1.0
VDYIVSE,0.0
VFPMLHTE,0.0
ILKVKAAILR,1.0
VVSHK,1.0
LFVGEE,0.0
MFWDGAE,0.0
YWAGD,0.0
MIVSVDAILD,1.0
KWLNSK,0.0
IKYVR,1.0
VFLLEAE,0.0
MYVITEE,1.0
HWLLQR,0.0
YFAPK,0.0
VDLEDDD,1.0
EIFAAQD,0.0
ILYAEMD,0.0
IVAYQADILE,1.0
GFPTKNR,0.0
KFRR,0.0
GIKK,0.0
IIMGDHD,1.0
MVLVKK,0.0
FWQE,0.0
IVLADGD,1.0
HIPELTE,0.0
IIAVLSEE,1.0
LVIFEE,0.0
GILSGDTD,1.0
LVGVLMDD,1.0
FLILD,0.0
IMYGGEE,0.0
PMMK,1.0
QTPPID,0.0
LEYVDND,0.0
LAEISGDE,1.0
IILISDEID,1.0
LIFWEE,0.0
LMTYWFGYD,0.0
TIEE,1.0
WGLFE,1.0
IQDLIYID,0.0
QPNSFMLLR,1.0
AFIQDAE,0.0
VLNVIAEE,1.0
AMLYLE,0.0
FWND,0.0
MMYNLDD,0.0
FFGIE,0.0
WTAK,0.0
MVWLKK,0.0
HLNVE,1.0
FLDDYE,1.0
WPNEYD,0.0
LLMTMTEE,1.0
IVNLIHAD,1.0
FIIGAR,0.0
PQPAK,0.0
IALKK,0.0
MIHIWE,0.0
AWQD,0.0
IIVAKGQIHR,1.0
VAILIGEE,1.0
IAVIKTK,1.0
FVGGFGD,0.0
FPPMID,0.0
KVHR,0.0
ILVAFEE,1.0
LVVEE,1.0
VYDIGGAE,0.0
YMELE,0.0
LMVFVAFWYE,1.0
FQYIR,0.0
LSVMAEAID,1.0
WAQR,0.0
IVMIEE,1.0
MLTVSGND,1.0
WPYWYE,0.0
EIPWQD,0.0
MTIWSMD,0.0
PYTAATE,0.0
IWVFKK,1.0
AILMTGEE,1.0
LMESIDD,1.0
LFFVKK,0.0
ILYLSGDD,0.0
PAMHAK,1.0
MVDPGND,0.0
MSLEYD,1.0
LIGYIEE,0.0
LGLVKSAILR,1.0
LIAVSSDID,1.0
PIFFNWWHLE,1.0
AMLIHEE,1.0
VWDQEE,0.0
MAIAMTEE,1.0
VVFSMDD,1.0
GIILTEE,1.0
FINDHNQEE,1.0
FLRTR,0.0
VILNGKK,1.0
IVFLDD,0.0
AILGGTDD,1.0
PTDLD,1.0
EYGNED,0.0
YYVTD,0.0
LHWE,0.0
LSWIE,0.0
LLTWAEE,1.0
LVFGGEEID,1.0
MFED,0.0
YIHFEME,1.0
IMVVTD,0.0
PMNLSIEE,1.0
AVVNDFFD,1.0
WMLR,0.0
LIDDIGAE,1.0
MFVMAKK,1.0
LPSPVIFD,0.0
MTQKK,0.0
IAMARK,1.0
FLVSKK,0.0
LALGHE,1.0
FGAK,0.0
ILHIEVD,1.0
MLTLGEE,0.0
WFQEE,0.0
WVMD,0.0
LILAADALD,1.0
FLVESNPYMD,1.0
IAIFDAE,1.0
ILMEDHD,1.0
LFFWEE,1.0
IALFD,0.0
LFKIK,0.0
LAILNFAR,1.0
FKLPRPK,0.0
EFNAD,0.0
YFSQD,0.0
TIWE,1.0
MMSIVDD,1.0
WYGE,0.0
YMPK,0.0
QYGFPIE,0.0
VLGAVAEDLE,1.0
IMIRFK,0.0
TPKGR,0.0
MLTTLIEE,1.0
FWAK,0.0
TIWD,0.0
IIGWADD,1.0
MGVWGAIR,1.0
LIAIIADIE,1.0
VVVWDD,1.0
HLPR,0.0
IILGVEEAD,1.0
WFVLEE,0.0
HIIE,0.0
LFGVSEE,1.0
MVDFMAE,0.0
LLESLGE,1.0
YGAK,0.0
MFFEE,0.0
HSPAE,0.0
LFEDFD,0.0
MLNSYD,1.0
IGQAYFNFIR,0.0
IVYR,0.0
MFVFDD,1.0
FLFMKR,0.0
AVLEWD,1.0
MVVLDEE,1.0
VLIVLEE,1.0
VIWR,0.0
LVVISTDGD,1.0
VVTIIDE,1.0
ALLAEMAE,1.0
IGFLIE,1.0
ILIAGKK,0.0
LLAMAIDTFE,1.0
LLEALAGD,1.0
INGGSDME,1.0
RYLAHR,0.0
AWPGGD,0.0
EWAMGND,0.0
IPPE,0.0
ILLGAAKK,1.0
PWTGNE,0.0
IETDNE,1.0
IWFVEE,0.0
IIGLSGED,1.0
ILGLDAEALE,1.0
PINDFD,1.0
LLVNLEE,1.0
FEFAASE,0.0
LVAIQVEE,1.0
APGAGD,0.0
LLLVDQAID,1.0
MMTK,0.0
WNLD,0.0
MWWRR,0.0
LMIGELAE,1.0
FFIEMAE,0.0
IILVKK,1.0
YVEE,0.0
MPQWHPPDNE,0.0
WYVWDNAD,0.0
AKLLLANR,1.0
MGEEQE,1.0
IYLVDGGD,0.0
YIWKK,0.0
LLFRAKK,0.0
MFIMTEE,1.0
IFLSTKK,1.0
MFVAMDD,1.0
AILAKTR,1.0
PGTPTE,0.0
EYTE,0.0
GLIQLAEE,1.0
WEID,0.0
VGMALED,1.0
VLFVDD,1.0
MIHK,0.0
YWNK,0.0
ATMMVYWAE,1.0
YDPD,0.0
LMAVWAR,1.0
WKLK,0.0
MIDFAGE,0.0
EIAAD,1.0
MTPWLMD,0.0
HIYR,1.0
EIHIAQE,1.0
MSFDID,0.0
AVTD,1.0
LLFADGVD,1.0
KLIVAKR,1.0
WFIAADE,0.0
TFFVME,0.0
LMVIDSE,0.0
WWGR,0.0
IIITVEE,1.0
LSYTD,0.0
IWLD,0.0
HLIE,1.0
LALVSAVDD,1.0
LLEYIASD,0.0
MEGTD,0.0
VMMFKK,1.0
QSEFFFLD,1.0
MVLLRK,1.0
IIMAWRR,1.0
YLMMFGK,0.0
LLGKAKALR,1.0
AMWD,0.0
LMMKK,1.0
VPLETPD,0.0
ILMTGIDD,1.0
MALAMEE,1.0
EILLNSD,1.0
LMALDAAD,1.0
VMWIKK,0.0
FYLPGR,0.0
LMITAKK,1.0
FAPR,0.0
TYLPD,0.0
LTRGK,0.0
PTPHE,1.0
VPAGYR,0.0
MVYSVDD,0.0
LSIIVQEE,1.0
ILVVDD,1.0
LSTWR,1.0
ILVSRRR,1.0
IYVGDGD,0.0
LVWQD,0.0
VLAYEE,1.0
KVTLR,1.0
VVLFKK,1.0
LIGVIADIHD,1.0
FHFIGR,0.0
FIQLDSE,0.0
ILAYYEE,0.0
KPHR,0.0
FLLMTKIR,1.0
LLFNKK,1.0
ILFDSAE,0.0
GWMSE,0.0
WYHR,0.0
FILWEE,0.0
VLGKAAALNR,1.0
VLAYAAEIE,1.0
VHAPPD,0.0
YYYAGVD,0.0
LMLSTEE,1.0
LLIEE,1.0
IIIEEID,1.0
RIPVSK,0.0
LKQKK,0.0
WADE,0.0
WGVWR,0.0
IWTNTK,0.0
KQFNHR,1.0
IVLDLGDE,1.0
VLEPE,0.0
LHGMR,1.0
ALLMANEE,1.0
YEPPYE,0.0
VITLVDE,1.0
YFIR,1.0
MMTYYEE,1.0
YWVE,0.0
VIGFK,0.0
APMPHKK,0.0
YKKR,0.0
IAIMSRR,1.0
ETAD,0.0
VWYKK,0.0
MPHMGRR,0.0
ILIMDDALD,1.0
FMYSIQD,1.0
SIAD,0.0
WELVSE,0.0
KWGK,0.0
IFNGKK,0.0
FTVSVD,1.0
LLYSVAELLD,1.0
ILEVISAE,1.0
MIEMDSD,1.0
PQWD,0.0
LWAGEAD,0.0
VLFIKSK,0.0
EMITATD,1.0
MTDVVDSE,1.0
AMVAAALE,1.0
SVPSE,0.0
VMWWKK,0.0
MLVFKK,1.0
IWGFK,0.0
IWVMEE,0.0
EEID,1.0
YHLR,0.0
LIAAVLADD,1.0
LFGSMD,0.0
ILVSVGEE,1.0
MEMVSQD,1.0
FITMDAD,0.0
FLMANDD,1.0
IVVLKK,1.0
IVPNDE,0.0
WHLNE,0.0
AIMMQGD,1.0
LLEYSGD,1.0
LIIEGEED,1.0
FYGTIILR,1.0
FIWIEE,0.0
MVMKK,0.0
IVYNLMK,0.0
YFLKK,0.0
PVLITD,1.0
MTIFSDE,1.0
IAIEAD,1.0
MFAFED,1.0
LQYYR,1.0
IIMHRLR,1.0
IIAEIWE,1.0
LWFVDD,0.0
VVLKAAAIK,1.0
AIVADAD,1.0
LLMAVETE,1.0
LSMMKR,0.0
YIMIRR,0.0
LIMYADD,1.0
MEMLDYE,1.0
LILSDSLGD,1.0
YNMPD,0.0
LIQSAK,1.0
MMFWVGQQR,1.0
FYWPPQD,0.0
IMVSADIDLE,1.0
IFTLQEE,1.0
LVIVDDGGD,1.0
VVMVSLDD,1.0
IIVTSRR,1.0
ILITIDD,1.0
HPYGE,0.0
GVSE,1.0
PPWK,0.0
VLGYVFK,0.0
LVVMGKK,1.0
IHILGEE,1.0
ILYIMDD,0.0
IVAVIEEGD,1.0
MPVQHGRK,0.0
ILTAMDD,1.0
FVVDTGD,0.0
AAWK,1.0
ILFWEE,1.0
VMMLATEE,1.0
YLTE,0.0
FWVWKK,0.0
GVFSKNK,0.0
NAAE,0.0
FLVD,0.0
VWWVKK,0.0
ILLDGATLD,1.0
LPATE,0.0
AYLFEE,1.0
YGVNHE,0.0
WGSR,0.0
HFPE,0.0
IIIFEE,0.0
IIAVAEGDD,1.0
HVIAE,0.0
IFSYVYGK,0.0
AILWNEE,1.0
FTNK,0.0
ALYD,0.0
MWQNSE,1.0
YFHR,0.0
NLLPLTYVE,1.0
WVMFDD,0.0
SIFE,0.0
KPNTK,0.0
IILFDAGD,0.0
IPNHYE,0.0
IWAWVPE,0.0
VILYAKK,1.0
YGAQLE,0.0
VPPD,0.0
ILMETED,1.0
LVFGLFFTE,1.0
MLFLD,0.0
ELFAQLGD,0.0
LGPLGE,0.0
LMYDEDE,0.0
YVSIE,0.0
PEAD,0.0
WILSGEE,0.0
ELFAID,0.0
MALWAEE,1.0
PFNISK,0.0
MGIDTDGD,1.0
EIVLIAE,1.0
PWVPD,0.0
ILTEIGE,1.0
TMLILMKK,1.0
WIRLAPLK,0.0
IIFDAGDE,0.0
WEED,0.0
YDID,0.0
LMFVSRR,0.0
ISPFDWMNE,1.0
WVYED,0.0
LEAVHE,1.0
MFTGKK,1.0
LMFATAEILD,1.0
VPLR,0.0
KTAR,0.0
IIIDSWD,1.0
NLIIHWMK,1.0
VFYVMDD,0.0
LLGAAADIE,1.0
PKQGK,0.0
LWLIKK,0.0
WAEDE,0.0
LPVFE,0.0
ILWMK,0.0
EWME,0.0
AYWWE,0.0
MLFAFEE,1.0
ALIAPPD,1.0
VWMWEE,0.0
PMYRKR,0.0
LKVAAAK,1.0
LSIIMDD,1.0
VLIMD,1.0
IFGYNVR,1.0
ILSGGDD,0.0
IFLLEE,1.0
LMMIKK,1.0
MVYIEED,0.0
IILLEE,0.0
RWPVR,0.0
EVVASAGD,1.0
VLEIAAELD,1.0
IVAK,0.0
TVVIK,1.0
LVESLTD,1.0
AMFVDQE,0.0
LAIVTDE,1.0
LIIQYAEE,0.0
MLWDDVE,1.0
AASR,1.0
GPIPAD,0.0
FQIK,0.0
WMGD,0.0
VSLFRNTANK,1.0
MMAKK,0.0
MALKSQK,1.0
LVLESD,1.0
PNPYD,0.0
VEMVSSD,1.0
VLMSMRK,1.0
KWWK,0.0
AVLFNDD,0.0
VFTQAR,0.0
IMFDD,1.0
YSIR,0.0
MLHLQFDD,1.0
FEHEID,1.0
LYWPVDME,0.0
LVIAASIDD,1.0
FYWAVQE,0.0
MMMWLR,1.0
IMVMDTE,1.0
VTFVK,0.0
MSPFE,0.0
LILLEE,1.0
LYNELSE,0.0
VATIR,1.0
EWYE,0.0
MFGTYME,0.0
HLGD,0.0
VTLLGDD,1.0
LGIFSEE,1.0
PLNGGNAR,1.0
HIAK,0.0
IVMTMKK,1.0
QFTE,0.0
ELLAGED,1.0
WMQGK,0.0
GGMPYTR,0.0
LLWEQQQLME,1.0
LLHQEE,0.0
FMANKK,0.0
TVFR,1.0
LMLKYFR,0.0
VKHIYPR,0.0
YYIKR,0.0
VVQLTEE,1.0
GWEWE,0.0
LVYMD,0.0
LFINGDD,0.0
FAMD,0.0
GIIVHDD,1.0
VKIR,0.0
YSPD,0.0
VLDSIDD,1.0
MKQLLR,1.0
PKITK,0.0
IWMMEE,0.0
LIIMDGD,1.0
LIWKK,0.0
MLFMADE,0.0
HPPPE,0.0
VKKLKK,1.0
MVWVEE,0.0
MFFIDD,0.0
IMWASK,0.0
WSYQD,0.0
VFSNAMMLID,1.0
WQHID,1.0
FIFWKK,0.0
KMAR,0.0
LLYITDD,0.0
VDTWE,1.0
ITLVTDD,0.0
QIVID,1.0
YWLE,0.0
LLSAVEE,1.0
WVMQVK,0.0
MFGMSDD,1.0
LMYQSEE,0.0
MLHNYAE,1.0
LFNFDGD,0.0
FWGAGFR,0.0
FGPD,0.0
DYHD,1.0
FVLWSWNQR,0.0
LHGK,0.0
LTHR,1.0
LLNIKSIK,1.0
IFVLDD,0.0
GIIFADD,1.0
GAVK,1.0
WLQLKR,0.0
VLHMEE,0.0
KKSPR,0.0
EESD,0.0
TIYPE,0.0
VFVLEE,0.0
ITIIGKK,0.0
GPLTLDNWE,1.0
IFHLEAE,0.0
KVAMMGQGIR,1.0
AWIE,0.0
FLQVADD,1.0
WIEWE,0.0
TLKK,1.0
VIAITKK,1.0
MVWPMQR,0.0
RPVLPKK,0.0
LIFVDD,0.0
IKILNTK,1.0
LAYR,0.0
IGWK,0.0
LYVMDAE,0.0
MMFVNQYWR,1.0
YQAVR,0.0
IVMAAGIDD,1.0
GTTE,1.0
VMFKK,0.0
FMIDSWD,0.0
WLED,0.0
LIFHESE,1.0
FITIK,0.0
WWDAE,0.0
IVMAAKK,1.0
FMMFEE,0.0
IVTVAEDLD,1.0
LKSVQIR,1.0
LLISEGGVE,1.0
IYYAVR,0.0
LLMIKK,1.0
LSITE,1.0
YLDFNE,0.0
LSAQR,1.0
MLAVDDDID,1.0
FWMSE,0.0
VLGLTRR,1.0
LMHE,0.0
WGIE,0.0
IIMAAADID,1.0
IFMSRAK,0.0
LDFVSLE,1.0
FITKK,0.0
MFINSDE,0.0
TLVDTQE,1.0
MLVSMEE,1.0
WLHLK,0.0
FGWR,0.0
MVQAIVND,1.0
IMVAK,0.0
VLIAEDD,1.0
VYVEE,0.0
LLIVESEID,1.0
TAKK,1.0
FPYPHPDD,0.0
VILYQTYKGK,1.0
APAK,0.0
IFAALEE,1.0
VVVIAVADD,1.0
EMDDDD,1.0
MALASDD,1.0
IALLDNDD,1.0
LWMPPDMVTD,0.0
VIFAYED,0.0
IMAYGEAID,1.0
ILTR,1.0
FVIDYGE,1.0
WVYDD,0.0
EATD,0.0
VTFE,1.0
MFIDD,0.0
LVSALVDD,1.0
ILHDVAE,1.0
AILVSDE,1.0
FITGKK,0.0
LVTVGDD,1.0
AAIYAD,1.0
IEMLSTD,1.0
IIISSEE,1.0
VMVFHRR,0.0
YYNIVAVAD,1.0
IIFHHDD,1.0
VFTISED,0.0
EYPD,0.0
LKAIIKR,1.0
LLFSVDD,1.0
VKIAANKR,1.0
VSQFE,1.0
VHLLE,1.0
VILMNAEE,1.0
MPTGR,0.0
LSFD,0.0
IFFVKK,0.0
SVLVADD,1.0
LFFTNDD,0.0
VFMVDD,0.0
MPVR,0.0
MTGE,0.0
LMEYSAD,1.0
GLISD,0.0
LYIVDSD,0.0
ILFNNKK,0.0
LVVFKK,1.0
FLADELE,1.0
PLSD,1.0
HFVTE,0.0
LVLSDAE,1.0
PVNFEDE,1.0
WIMLKK,0.0
FWWDD,0.0
PGVKWK,0.0
VMSMDLMSD,1.0
NPATK,0.0
PTKR,1.0
SFFFR,1.0
LFQFGDD,1.0
ILLYLNK,1.0
KWRAK,0.0
LIADTAE,1.0
FAMIEDE,1.0
ILSMAK,1.0
AILWSEE,1.0
ILTGLSGNFD,1.0
IGIYEGTE,1.0
VMILNKK,1.0
LEID,0.0
IFVLETD,1.0
LIHK,0.0
FYALRR,0.0
FIGVAED,1.0
EILGTED,1.0
FPGFAAK,0.0
LVLAMDD,1.0
VLSDAVGE,1.0
VWWMEE,0.0
LAVVAAGDD,1.0
IYVR,0.0
YWFNAASQR,0.0
MLSQQSQE,1.0
RFKR,0.0
WFIFDD,0.0
FVLYADD,1.0
VETLEDME,1.0
ILGYGK,0.0
MIMKHGK,1.0
VYLMGDD,0.0
IFLNIED,0.0
ALGLMHD,0.0
YYMR,0.0
TPLTQE,0.0
LAIWDGD,1.0
FMGVSDD,0.0
LVGFDTD,0.0
LYVSMEE,1.0
LKLGGKR,0.0
VIIQSKK,0.0
LAPIWSYGK,1.0
LSIYAGAYE,1.0
FLVSAKK,1.0
IEEWTGE,1.0
IVILNADD,1.0
IMMIKK,0.0
ALIIMVSTYD,0.0
LRVLSR,1.0
MPHHYLQE,0.0
LDIIAEE,1.0
IAEID,1.0
WISFMD,0.0
VLTTVDD,1.0
VPEPWQDD,0.0
IMLKK,1.0
VVLAAKLAFK,1.0
TLFE,1.0
FFFE,0.0
WVIFDD,0.0
MFNKKLAR,1.0
VWLKK,0.0
VAYPVQPE,0.0
WFMFDD,1.0
MLGIKKR,1.0
IYAAIDE,1.0
IMHIGDGE,1.0
IIWVD,0.0
SWPITD,0.0
YANFPGE,0.0
VFFDD,0.0
ALYK,1.0
WKAK,0.0
MVMFEE,1.0
LWYAME,0.0
ILAMDILE,1.0
VIAE,0.0
LLVFKK,1.0
IIIDMHE,1.0
STVR,1.0
MISVDGAE,1.0
LMVFR,1.0
VGFLIE,0.0
GIIDSAE,0.0
MPSSVAQE,1.0
IYKR,0.0
KLITAGR,1.0
PMHLME,1.0
VISAIDD,1.0
PHPVVGHD,0.0
VLMAKK,1.0
MIVHIR,1.0
LFIKSGK,0.0
HYIAD,0.0
GIMFD,1.0
VFMDDED,1.0
WEVGTE,0.0
EMHME,1.0
LAFMKAK,0.0
LLSDGIE,1.0
MISWAE,1.0
GVPHINE,0.0
ALLLNSDD,1.0
VIAMHAEE,1.0
PWED,0.0
AILTFR,1.0
ISVIDD,1.0
APVVD,0.0
VLTKK,1.0
IFDETME,0.0
LWIIIDD,1.0
YVHQAR,0.0
YAND,0.0
VSFSLILMR,1.0
LYQHD,0.0
FIVKRAR,0.0
AFVD,1.0
WWMMEE,0.0
IKQQNYLYR,1.0
PKYK,0.0
WASPD,0.0
MDMLDHDMVE,1.0
LVWGEAALD,1.0
VMAWD,0.0
DFVIASE,1.0
YPWNAAE,0.0
IVVLLTEE,1.0
WLMPLE,0.0
FWIVEE,1.0
IIVVTAADD,1.0
VTLHR,1.0
LIMHGGALHR,1.0
IMWGYDD,0.0
ALLTMDD,1.0
VMLHRR,1.0
VVTHK,1.0
IIMIEE,1.0
MMASLNDD,1.0
LISVAAVDD,1.0
LFVTQAGIHD,1.0
LYFE,0.0
LFGEEID,1.0
ILIINSDD,1.0
LAYEE,0.0
ILMLDATE,1.0
EILESGE,1.0
LLVSSGVGR,1.0
PPVRPK,0.0
AFIR,0.0
ITQAMK,1.0
IFWSTSD,1.0
ILIYNHD,1.0
DMITAD,0.0
MLTGVDD,1.0
VLVIDDTE,1.0
FVLMKK,1.0
YAIGD,0.0
IVWYFYSK,0.0
AFWSR,1.0
VFIWR,1.0
VMMFSEE,1.0
MLMSHK,0.0
IMLLDGD,1.0
VFTFHFDD,1.0
MAVMTEE,1.0
LTLTNMPFE,1.0
IIAVSKK,1.0
MISIVDD,1.0
DMTD,0.0
VLIIAGDD,1.0
LFVVQADIHD,1.0
LMFWEE,0.0
VFGKLGR,1.0
IIMAGGGID,1.0
MVEYALFND,1.0
ILVMKK,1.0
IWLNVMD,1.0
HPIK,0.0
AWFDDE,0.0
PEYPME,0.0
FNISVED,1.0
LIMADTID,1.0
KVLK,0.0
PVEMNYE,1.0
IPSYPNEMD,0.0
AWEE,0.0
KINLTAK,0.0
YLFINE,0.0
VFPTR,0.0
IFVTAAEE,1.0
MLMLTKK,1.0
VVVILYEE,1.0
IQMLAIE,1.0
ILASDD,1.0
KFLMAAR,0.0
VKNSK,0.0
WIFLR,0.0
LVLAETALD,1.0
VPQISFE,0.0
WWFEE,0.0
ITAWR,1.0
IVAEE,1.0
IWFIIK,1.0
WHFD,0.0
AIGMKKK,1.0
AVSLTD,1.0
LELD,1.0
VTLSDD,1.0
NTPFLDWME,1.0
FTIEE,0.0
EFAE,0.0
LIFINTEE,0.0
KFTR,0.0
VWYYE,0.0
WLWKK,0.0
VLTKSAR,1.0
AMYMD,0.0
WVVDD,0.0
YWDTE,0.0
FWVQPNPE,0.0
WDSE,0.0
YSED,0.0
MWGMDAD,0.0
MYDAD,0.0
MWFWEE,0.0
LMVMFR,0.0
IVSLDSD,1.0
GKAK,0.0
AITR,1.0
MLDMAAWDE,1.0
AFTK,0.0
LITSDD,1.0
WKNK,0.0
MIGTIDD,1.0
ELVETAE,1.0
IFVGSDD,0.0
MPWHK,0.0
MKAYR,1.0
IIYDGVE,0.0
GWGGQR,0.0
IIVTIADD,1.0
VIVIGKK,1.0
ILMPTARKK,0.0
VPYR,0.0
WDFE,0.0
AMLAAAEE,0.0
APWVAYE,0.0
LIDWD,0.0
LIISDAIAHD,1.0
MLADDAE,1.0
MYSGE,0.0
WIGDD,0.0
MQLVTANVE,1.0
IKKK,0.0
LMGHIEE,1.0
LLPD,0.0
KVMKRR,1.0
TDLLFATE,1.0
FTLTKGGR,1.0
ALLITSDD,1.0
APVK,0.0
VLFGASDLLD,1.0
MHYD,0.0
ILLQKHK,1.0
NYGLE,0.0
WFFMDD,0.0
LLVSSKK,1.0
VLAALVPD,1.0
LSIIEIQE,1.0
IISED,1.0
FFWMDD,0.0
DWMAQD,0.0
VNTD,1.0
IMVQTID,1.0
LVIIAIDE,1.0
WAIVVE,1.0
YWRK,0.0
LIAFSKR,1.0
LFEEIED,1.0
LLMQKTK,0.0
VLTFDMWVQE,0.0
EWLMSD,0.0
NIFYMVAE,0.0
LIIIEE,1.0
YMAVE,0.0
LLRMTGR,0.0
RYLR,0.0
ISPD,0.0
PGIDISE,1.0
IPTYFMVSKK,0.0
VYIQHPVGK,0.0
VLVESGALD,1.0
MWAK,0.0
FVLETEE,1.0
ESLE,0.0
WFEIHE,0.0
NWFK,0.0
IVLLSKK,1.0
VLAMATDID,1.0
MISFGEE,1.0
YDAAE,0.0
IYLTAR,0.0
LLSISRR,1.0
PIHWKK,0.0
VIIASVEE,1.0
VLYINKK,0.0
LVLIVK,1.0
MILNAKK,0.0
IMLLPQDE,1.0
KGGGR,0.0
AWPAK,0.0
YQPPPPME,0.0
VLSVGKK,1.0
IFWVEE,0.0
IWVKK,0.0
VFLIEE,0.0
KVSWR,0.0
PQTWID,1.0
IYPIMD,0.0
VAFVR,0.0
IWDQSD,0.0
IAFFARR,0.0
IMVKSGR,1.0
LIAQLFFSTD,1.0
FRQAPK,0.0
VIDIAAD,1.0
MILVDAD,1.0
FFSGK,0.0
WIIFEE,0.0
PHILGIE,1.0
MAFK,0.0
YIAWD,1.0
QIVVAAEE,1.0
YLGSRK,0.0
MVQIVEEE,1.0
LILELEE,1.0
VAMVMEYE,1.0
AGMPILQD,0.0
YMVD,0.0
VILSYGEE,1.0
VFARAK,0.0
FVFGEDE,1.0
LMLTQEE,1.0
WPMLFAPR,0.0
IKIYGAR,1.0
ELFVPGEE,0.0
IFMSEIE,1.0
FWFEE,0.0
IIMYLEE,0.0
LIMHSEE,1.0
GPRGAAR,0.0
PHDE,0.0
APRWR,0.0
VFAAAALLE,1.0
VGILKAR,1.0
LLTDSGE,1.0
ILIYYEE,0.0
WWFPRK,0.0
SIIVRPLAQK,0.0
LTLMIDD,1.0
LILAAEQIE,1.0
WTLILPMMD,0.0
LIHAIMRSNK,1.0
FMLVYEE,1.0
YIIAAEALHD,1.0
IVSVIADAD,1.0
LALVNKK,1.0
MLTLIEE,1.0
PFKQR,0.0
LKRK,0.0
LLLQIIEE,1.0
MFLDD,0.0
LLFKK,1.0
FLTRR,0.0
VLLIQADLD,1.0
GVIVD,1.0
FVAKK,0.0
LWIIKK,0.0
WIMKK,0.0
WSPK,0.0
MAFFSR,1.0
WEANE,0.0
LLYKGNR,0.0
VVLEHDE,1.0
KLWNWR,1.0
PLQHE,1.0
FVLVKK,1.0
QQILFR,1.0
FEDD,0.0
PFGAGWE,0.0
VKPRLSAKK,0.0
LLTSFFPYK,0.0
WHTE,0.0
VSDIWYD,1.0
LLSAMDD,1.0
YPMYFE,0.0
WWFLEE,0.0
FFKSTSGR,1.0
LLHLQDD,1.0
ILVTTKK,1.0
VWHRK,0.0
VWVE,0.0
EIIIHEE,1.0
LGFAGEE,0.0
LFILE,1.0
RWALNGK,0.0
LAEEYD,1.0
MVWAIDD,0.0
VWTPGE,0.0
ELVLQDGD,1.0
ALKAK,1.0
MILHRIR,0.0
MISSLNDD,1.0
YYVAR,0.0
VFTILGEE,0.0
MFMLAEE,1.0
EIMWE,1.0
LVLEDPMD,1.0
FMMEHGE,1.0
PEYE,1.0
PMKK,0.0
VLILAEELD,1.0
YEAQYILD,1.0
VMALVDGTD,1.0
LMTRYQMR,1.0
ILLKVSR,1.0
MWSGFRR,0.0
AQYK,0.0
IMWTQDE,0.0
IVWHLEE,1.0
VTALLGEE,1.0
EFQDLLLD,1.0
FILVETD,1.0
LSLGVKK,1.0
VYILEDE,0.0
FFQMQPK,0.0
FAHLLLMR,1.0
FAFLGAR,0.0
IGKK,0.0
TFPE,0.0
LLWIKK,0.0
PKLMAMHTR,1.0
VFFFNEE,0.0
VLFLEE,1.0
MMMYHRR,1.0
LFKVSAR,0.0
LVLWKK,1.0
IVMISRR,1.0
VLVSGVKK,1.0
LIASIRR,1.0
IHYD,0.0
IIEYAQD,1.0
WHKLK,0.0
FHQQR,0.0
IKRWR,0.0
YHMD,0.0
IVSVVAGDD,1.0
TLIVLAE,1.0
KGGQR,0.0
PITE,0.0
LLVASDLQFE,1.0
WEPID,0.0
WEYASD,0.0
AVYK,0.0
IIMMEED,1.0
FGEVD,0.0
DVPMD,0.0
TLVIAEE,1.0
GIMLVHGMID,1.0
FIKR,0.0
MIISEADID,1.0
QYFFIPNE,0.0
PGLAVEGD,1.0
IYVADDD,1.0
VIVVSEAQLD,1.0
FLKHR,0.0
WQFQD,0.0
VSVMAE,1.0
YMSR,0.0
VTIFDD,1.0
AILITAEE,1.0
MIYAAKK,0.0
HPSK,0.0
VVLDAQD,1.0
YARK,0.0
YYRKIR,0.0
IALMDSD,1.0
PDID,1.0
IDEYTGE,1.0
FLVWEE,0.0
ELVLNAD,0.0
VLFGSEE,1.0
VITVDDGLD,1.0
LFKTK,0.0
MVIVTSDD,1.0
APTD,0.0
EMYIDE,1.0
WMVLKK,0.0
LFFIDD,0.0
FLLMKK,0.0
YTRK,0.0
VEMDMSPIDE,1.0
DVLDD,1.0
FWWPRNR,0.0
WDLVTE,1.0
FGIMGTK,0.0
MVALSEE,1.0
VMLMKK,0.0
LAKIASR,1.0
FMVIDTE,1.0
IMYSTR,1.0
WQKK,0.0
VYLK,1.0
SADD,1.0
LIIVGGDLD,1.0
LIYYARR,0.0
VLFIEE,1.0
WTAGD,0.0
LVVIAGIDD,1.0
YLIYD,0.0
LLIMEE,1.0
VMTWGE,1.0
WVSDE,0.0
VMYVTIMAR,0.0
YLLGIGR,0.0
GIVIESD,1.0
LMLGKK,1.0
AKGR,0.0
PAPSYFR,1.0
MIAIKK,1.0
IVIWSRR,1.0
EPWGME,0.0
MMDMTAD,1.0
IEFTDAD,0.0
LVVTLDD,1.0
MLIMTNEE,1.0
ILIWEE,1.0
PSITE,1.0
MKLVR,1.0
LAEWIE,0.0
SLLK,1.0
VVALAVEE,1.0
LFYFEE,0.0
FGGKK,0.0
SWAE,0.0
YQYHD,0.0
LIEE,1.0
MFYKK,0.0
LWFLKK,0.0
KPLIGYK,0.0
DMMYE,1.0
MSIASE,0.0
PGPHSMAE,1.0
WFQLTTD,0.0
MLIKK,0.0
IIAWVD,0.0
TVYMD,0.0
IVLNHAEE,1.0
VITALR,1.0
LFAYR,1.0
IIMDSQE,1.0
LLTMQKK,1.0
LITAAVEID,1.0
IHSIFIMED,1.0
LITGDE,1.0
PQYFVLGNMR,0.0
IVLVASDD,1.0
AIFIAE,0.0
ILKAAAR,1.0
LMLD,0.0
IAKTK,1.0
FMVFDSE,1.0
IPLGYTGE,0.0
WPMYGED,0.0
EWVAE,0.0
LIQITELE,1.0
FWELTE,0.0
MFWFKK,0.0
YATD,0.0
ILHIQEE,1.0
WIVVEE,0.0
VIFIKK,0.0
LLMVED,1.0
PVSFPQPMD,0.0
KMVK,1.0
WTNE,0.0
IFYDD,0.0
FWYDD,0.0
WDMILWMSE,1.0
WNIAEE,0.0
ISYRR,0.0
VIFWDD,1.0
MMELGAD,1.0
LLRMTSK,0.0
VVFDD,0.0
IVVMSVEE,1.0
LTLDWD,1.0
PWFHR,0.0
KGKTR,0.0
SAED,1.0
VGLFDD,1.0
IFMEE,1.0
IAFFMSVNSE,0.0
FIMK,0.0
FWLEE,0.0
IFWVASE,0.0
PEYLMFDD,1.0
AIEVTD,1.0
ILAYVGEE,1.0
IMMIHDE,1.0
VTLMADD,1.0
IYPIE,0.0
VVVKK,1.0
LPHVMTQD,1.0
VWPANVK,0.0
FMWMGD,0.0
AHHE,0.0
IFIEYAD,1.0
VLTAVAGK,1.0
PGQD,0.0
KILSHK,1.0
FVMHAPENMD,1.0
WSED,0.0
LILAIED,1.0
YYIGDD,0.0
ELMYGQE,1.0
APFNK,1.0
FWHR,0.0
VILYQEE,1.0
LVKIGTR,1.0
IYVRSR,1.0
EIVGTQVE,1.0
ILVESLE,1.0
LVAHSYR,0.0
FEEELE,0.0
LSKLGPNFFK,1.0
YMLATEE,0.0
MVIVKK,1.0
VLFKK,1.0
HIKGAK,0.0
MKLSLR,1.0
IIHYD,0.0
ELIYFPE,1.0
VMLSR,1.0
FTKQK,0.0
LMVFKK,0.0
IFGNDLD,1.0
FWTQD,0.0
PMYESD,0.0
PLDFQQAD,1.0
LEIIYGD,1.0
MWGQKPK,0.0
FILFDD,0.0
MPVPRKYMQK,0.0
ITRAK,1.0
FLFEE,0.0
ILGVVADTE,1.0
VVYGDD,1.0
IFFSMEE,1.0
MLSVDD,1.0
MMWKK,0.0
FAPLSNSGK,0.0
SFKRK,0.0
LQVLFSDE,1.0
MFGFGAHQEE,1.0
IFIINEE,1.0
WWISYD,0.0
LLIAVTDLE,1.0
YAKK,0.0
ILMIEE,1.0
ILAALPGE,1.0
ILMTAEE,1.0
PAEND,1.0
LMYVHE,0.0
MHPYD,0.0
FMTFELGE,1.0
LLLVSAADD,1.0
VKHFK,0.0
WTLPDSE,0.0
LPVNYR,1.0
IIAAR,0.0
LLVGMDDIHE,1.0
WLWR,0.0
IIYEE,1.0
MWILKK,1.0
LALKSVR,1.0
MWWWD,0.0
PAKPR,0.0
LLLNMKNYK,1.0
LWGFD,0.0
ILPVHHR,0.0
LLVVASGVFD,1.0
VMIWQTSID,1.0
PLLAR,1.0
IAFAIDD,0.0
VLLVVVD,1.0
GVVFSWK,1.0
IKVR,0.0
IIEIYGD,1.0
VLLYRTK,0.0
LILYSKK,0.0
VLLTAKK,1.0
GLIVSTEE,1.0
LVLVAQEAD,1.0
FLYQMK,0.0
ILSAVDE,1.0
IVVGVDAAD,1.0
GMHLD,1.0
MILWEE,1.0
VVYGADD,1.0
IYQEVFD,1.0
MHYPD,0.0
PVPVDALAD,1.0
LIVSAKGGNR,1.0
AQAD,0.0
YLPVR,0.0
FWLMKK,0.0
ILIMVTDD,1.0
VMISAQDD,1.0
ELVESTD,1.0
LIAADVGE,1.0
VDTDE,1.0
LFIMMWFR,1.0
KMWTMK,0.0
VIHGEE,1.0
LIWQADD,0.0
VVAKSAK,1.0
VLTMSED,0.0
FYYADD,0.0
GFMAKK,0.0
WGPFND,0.0
LPFSAGFSAR,0.0
LIFTEE,1.0
LGKK,0.0
IYFQAEE,0.0
LMVSLGDTFE,1.0
LLHISEE,1.0
INTWR,0.0
MHLGE,0.0
ILEYTD,1.0
AVSFLMK,1.0
LILGEADLE,1.0
VVHIDGE,0.0
VLYK,1.0
LVHLQVDD,1.0
VILVTAEE,1.0
FLYFPFE,0.0
VKGKR,0.0
VMGVDSE,1.0
WMLLEE,0.0
MMGYWE,1.0
VYLIAADD,1.0
LVIYAEGLD,0.0
LYFQFD,0.0
IFAQMDGE,1.0
LSVMLE,1.0
IVAVAIAE,1.0
YRAR,0.0
VMWGTDD,0.0
WIFMEE,1.0
MLFR,0.0
IFVVGAQLIR,1.0
MLGSIEE,1.0
LIEAELDD,1.0
WYTIFD,0.0
VVIVRKK,0.0
LAFVKAK,1.0
IIATMK,1.0
TYIGRR,0.0
MRMAMTGAK,0.0
VYLFSGTE,0.0
GISK,1.0
ALIVAED,1.0
FFIYDFALDD,0.0
FMLQDDE,1.0
LLVDSLGGE,1.0
MLLATDD,1.0
MLFLSDE,1.0
YADE,0.0
TMAE,0.0
MLTDVTE,1.0
YLFVAED,0.0
FVWD,0.0
AKTK,1.0
IGLSVDE,1.0
VGVYVK,1.0
MIWID,0.0
MFMFKK,1.0
FLYNVDD,0.0
LVFTMDD,0.0
LGWKGK,0.0
MLEVAD,1.0
LYDVSGD,0.0
HLWE,1.0
LLVDENSLQE,1.0
IALKQASIFR,1.0
MVILAKR,1.0
FWKLYMK,1.0
IFIMKK,0.0
VPIK,0.0
MHVD,0.0
FIRWAR,0.0
WVGK,0.0
LVLSGEE,1.0
MVLIGDD,1.0
IAVVSDADLE,1.0
PMFLSFAPD,1.0
VYYLDD,0.0
IFLGQKK,0.0
FFLVDD,0.0
LIEYTAD,0.0
FELLVNEEQD,1.0
WYPYD,0.0
MISVNKK,1.0
DPDWE,0.0
LHFIMR,1.0
YALPQWD,0.0
WFAELWLE,1.0
LSLIEE,1.0
NPWK,0.0
MIGMSPKR,0.0
IIEVSDALLD,1.0
MFSR,0.0
FMQYK,0.0
LMHNPPE,0.0
YMMKK,0.0
PAWK,0.0
WIGTAVRR,1.0
LMAITSEE,1.0
IAMMAAEE,1.0
KHNK,0.0
LLDVTGME,1.0
VAIAFGEE,1.0
IYIITEE,0.0
PAITTKPK,1.0
IIGYIKK,0.0
MMFLEE,1.0
MLYMADD,0.0
FMPWFNK,0.0
LITYMK,1.0
ILWSMK,0.0
YSVLE,0.0
EMWLE,1.0
GIATK,1.0
FVYKK,0.0
VLLATEDLE,1.0
MLQLVGDD,1.0
MLVINTDE,1.0
MVLDTTE,1.0
ILDIAAEID,1.0
MMWR,0.0
ELWD,0.0
IIDLAGD,1.0
IILGDVAID,1.0
MHAK,0.0
VLAILKK,1.0
WGGIQD,0.0
LVAIYDD,1.0
VVPWYD,0.0
LLWFVTKWK,1.0
FIIESVD,1.0
EIFGFDE,1.0
ELVIAND,1.0
IILSGGEIHE,1.0
VTIWGTK,1.0
FIDETD,1.0
IWFLEE,0.0
WVWMEE,0.0
MWLFEE,0.0
FPWWSLNNR,1.0
IWLFEE,0.0
FIIQDD,1.0
VTLAAPWE,1.0
IAFVESD,0.0
PTMVFSK,0.0
LLSIMRR,1.0
IIAILRR,1.0
ILWQDDD,1.0
IFIAQAALD,0.0
MILGAED,1.0
MIIGNEDD,1.0
QPALPPDPE,0.0
HIWR,0.0
FSDQE,0.0
LMLLKK,1.0
KSPMAK,0.0
WLVVNTME,1.0
MVFIEE,1.0
VLHK,1.0
LKTQPR,1.0
LHPVK,0.0
AVLWE,1.0
LIFDEVE,1.0
LVGVSTEE,1.0
IYFHTAD,0.0
LWWFKK,0.0
ILLQDD,1.0
IIVVKK,1.0
FFAMRGR,0.0
LAVFTDD,1.0
IIVSDFE,1.0
FLVQID,0.0
WLFKK,0.0
MFAKAIK,1.0
IDYMED,0.0
IYVNLEE,0.0
VWVLQAE,0.0
FLMLHMGAWE,1.0
LLHWD,1.0
WLFMD,0.0
KWVR,0.0
WVGMR,0.0
LAMVGADLE,1.0
YFTEIE,0.0
WPMGR,0.0
AWFNYK,0.0
PLNLYHLD,1.0
FVVSEVE,1.0
FMMMKK,0.0
LLAVWADD,1.0
YTPE,0.0
ELFDHD,1.0
TVFQR,0.0
SPLEE,0.0
LLFAKTK,1.0
KMFGSK,0.0
VKWSR,1.0
VIGYGDD,0.0
ISMAVLVTR,1.0
MPHGLQMYFK,1.0
LKMYSR,1.0
VPHME,0.0
KVKKLKK,1.0
VNDGFMLTND,1.0
IYVEE,0.0
DMYAE,1.0
LAYD,0.0
SSNR,1.0
HLFGEE,1.0
PYQTMR,0.0
LYIANTLVGR,1.0
IVLVAGETD,1.0
LGPK,0.0
FIIR,0.0
IMSLAAALNR,1.0
LLISGDD,1.0
TMKNR,1.0
ISQPLIAK,0.0
LLDINSE,1.0
PIIEAAVVQD,1.0
WFTNE,0.0
VMLETHE,1.0
WFVIEE,0.0
VAVVAAKQLR,1.0
ELLEEID,1.0
LVMGWD,1.0
VIVAAADDD,1.0
LELAELGTE,1.0
LFMLED,1.0
FIIMEE,0.0
LMFMNSK,0.0
IMTLAKK,1.0
ILSIIKR,1.0
MVTNVED,1.0
LILAAAIED,1.0
VFIK,0.0
MFLSGDD,0.0
IIAEMSD,1.0
FPFLFNRMR,0.0
ISLIAIDD,1.0
EGIPILFEGD,0.0
MVHE,0.0
FLDAQIWD,1.0
FFIMFYHMD,0.0
LYVTD,0.0
LYYIGDD,0.0
VIGLSDLE,1.0
LLELSSVVMD,1.0
LIMKSSALIR,1.0
LILAVAADD,1.0
LITYGR,1.0
TAKQK,0.0
LMKTPTKRR,1.0
WILLEE,0.0
LVSQYEE,1.0
FLPMWQK,0.0
MFAMTDE,1.0
MDVVSYD,1.0
IIGWADE,0.0
FPTHQK,0.0
IGLAMSEE,1.0
MMLSMKK,1.0
HFVR,0.0
FIFTDGE,0.0
LMLTSDD,1.0
IVSVANDD,1.0
GMKKRK,0.0
VYGPTEYE,1.0
ILQVYTD,0.0
MWYEE,0.0
LVGIMQEE,1.0
WIIGE,0.0
MEMSMTE,1.0
AYIEGGD,0.0
PLSTYMIDE,1.0
IYQPKK,0.0
FIWE,0.0
VGMHD,1.0
FSAME,0.0
ILVDSAAID,1.0
FFLQNK,0.0
LFTLNAD,1.0
FFMIDD,1.0
YLIR,0.0
PLETPD,1.0
IFIFDD,0.0
LMIIADD,1.0
FMEWQD,1.0
LMMAIAEE,1.0
WARR,0.0
TLAE,1.0
LVAGFAIPED,0.0
IYAIMDD,1.0
LTFMALNVR,1.0
IMAVKHR,1.0
FIYGMDD,0.0
IVFAEDALD,1.0
ISMD,0.0
AIFYD,0.0
FLTYSEE,0.0
LGIALKK,1.0
TIMHQD,0.0
IFLSIDD,0.0
MIFADLD,1.0
YLVDVEED,0.0
LILAAAAIRR,1.0
HKVR,0.0
PWIIRAMR,0.0
LLSSDMD,1.0
YYILLASTE,1.0
LFTKK,1.0
FAIGVE,0.0
WLFMQAK,0.0
WITK,0.0
FQWFR,0.0
YFSD,0.0
LVVKARK,1.0
PTPFTK,1.0
ILYD,1.0
LMTSITR,1.0
EIFQGD,0.0
YLFGAGEE,0.0
GLLTE,1.0
FYITE,0.0
PAPKNR,1.0
FIIDAVD,0.0
VLYDD,1.0
GILAVTDD,1.0
LTWVPIASK,0.0
LGLTAMDD,1.0
RMYR,0.0
LLADYDD,1.0
VYHQYLTNE,1.0
MFTKK,0.0
WYID,0.0
PGPLFGTK,1.0
VYPK,0.0
LILRQKK,1.0
VWMEE,0.0
ALFMDD,0.0
VAPTID,0.0
VPQWVDD,0.0
MPLDWALNMD,0.0
IVILKK,1.0
IFFMDD,0.0
FIWKK,0.0
VNFPHIK,0.0
VIYQTYRK,0.0
LFMVKK,0.0
FPAGQFVSE,0.0
LVIVKAAALR,1.0
KIRPK,0.0
VVVSKAGLVR,1.0
PGPHE,1.0
LIAKK,1.0
FVVFKK,0.0
YFVKK,0.0
LVVPK,0.0
IIIMLKK,1.0
VVFFKK,1.0
MAIVADD,1.0
HILE,0.0
FWWR,0.0
FLWIEE,0.0
MIHIGQGAD,1.0
PGFEQND,0.0
FNFEE,0.0
LYIMDGGE,0.0
FIIANEE,0.0
ISARK,1.0
VIMLGQDD,1.0
VLYGIDD,1.0
PLKNITLR,1.0
VVSPAFVTE,1.0
FFLSRK,0.0
LVAVVVKK,1.0
IIAMASDE,1.0
GVWYE,0.0
VMWHE,0.0
IWSR,0.0
LMFHIEE,0.0
LPSD,0.0
ALQMFPQAK,1.0
LIVAYEE,1.0
VLMTLDD,1.0
VIIGSEE,1.0
IIMAAVEID,1.0
MRYVGK,0.0
MTLQVAEE,1.0
VLGSLDD,1.0
LIMANAEID,1.0
VVIDTDE,1.0
IIALSIDLLD,1.0
GFLETE,0.0
