IFAEGD,0.0
ILGYEND,0.0
MTGE,0.0
FGIAIEE,1.0
TMWK,0.0
VRAPK,0.0
PQWED,0.0
YTIK,0.0
MILGDHE,1.0
IRYYR,0.0
IVYSLDD,1.0
LAFMSEE,1.0
ALLLNSDD,1.0
IWGFMDD,0.0
IWWLID,0.0
LVVFKK,1.0
IMYYIDD,0.0
PWMR,0.0
HLLE,0.0
FLDAQIWD,1.0
PAKPR,0.0
LLAELTD,1.0
FMAHGEVD,1.0
IMLGEAE,1.0
WPVNPR,0.0
VNVYAVYQNE,1.0
AIIAGKK,1.0
IYND,0.0
MLHNYAE,1.0
INGGSDME,1.0
MWGMDAD,0.0
LWGELAE,1.0
LILEGADLE,1.0
IAMSLDD,1.0
IYGIINMEPE,1.0
YVVQK,0.0
PGWR,0.0
LGISDVD,1.0
MGIIAIEE,1.0
MVLFEE,1.0
WPFRRR,0.0
PIPNQTE,0.0
IYISDED,1.0
LLISRLSTNK,1.0
IILVKK,1.0
TLFE,0.0
EMIAMTE,1.0
IWFDD,0.0
AFPMHR,0.0
VFLYRR,0.0
IIHMAEE,1.0
TKLRK,0.0
YGDD,0.0
FAGR,0.0
LLLANKK,1.0
YIVPGMRK,0.0
GLIATEE,1.0
YVVSDD,1.0
FLWMEE,0.0
LMFTE,0.0
ALQMFPQAK,1.0
MLLIKK,1.0
KGIHR,0.0
LFFFKK,0.0
WFPSKK,0.0
ELVLITEE,1.0
FVWFDD,0.0
LSLLVKK,1.0
LSVLLDQE,1.0
MILAAEEAD,1.0
IMEMDTE,1.0
FWQDYNYD,0.0
SWAE,0.0
FLVIKK,1.0
TYLQK,0.0
LGFIADD,1.0
PELYVD,0.0
VVMGTKK,1.0
FTIEE,0.0
IAFPFFQMTR,1.0
NLIIHWMK,1.0
FLYDAQE,0.0
MIMVKKR,1.0
KRPK,0.0
SFKRK,0.0
IISIADD,1.0
PSFR,0.0
AILTFR,1.0
ILDLHED,1.0
IVMIQADD,1.0
FIMIWLSLR,1.0
AILQAMEE,1.0
FHLEDD,0.0
VFLVEE,1.0
YMPPSK,0.0
LFKK,0.0
HFWD,0.0
WVPAR,0.0
LLYITDD,0.0
VLELVSE,1.0
MMVIKK,1.0
WDWD,0.0
FFLIEE,0.0
LMSMSDD,1.0
IVFFKK,1.0
IVVLLTEE,1.0
ILASDAIIE,1.0
ALLMLR,1.0
FLVWEE,0.0
LALLGEGTE,1.0
FAFLGAR,0.0
MMKLIAR,1.0
FAWQE,0.0
WPNSE,0.0
VVWVAEE,0.0
IIIDMHE,1.0
VIVTADDID,1.0
LVIVTDAID,1.0
VILLTRR,1.0
VMLHMDD,1.0
IFWVEE,0.0
APPWLHE,0.0
YVMAFLMD,0.0
YMVD,0.0
LDPEVNWE,1.0
FPFLFNRMR,0.0
MYFE,0.0
FLWDD,0.0
WQFQD,0.0
WMAADD,0.0
IIHYD,0.0
LLSDGIE,1.0
VFLLEAE,0.0
AMMITAEE,1.0
YADE,0.0
MVISEAGGD,1.0
ILMTMEDE,1.0
FFRK,0.0
LMLLSSSVTE,1.0
MLAVSGGND,1.0
LHDD,0.0
MFIMQMAD,1.0
AHHE,0.0
AYWD,0.0
WLDHE,0.0
ELVETAE,1.0
WVLWEE,0.0
FLFINIWK,0.0
LYYFRR,0.0
MVMFEE,1.0
YNVK,0.0
MFILKK,0.0
LLEISLVTD,1.0
IIMGITDD,1.0
FIYTRK,0.0
LVFIENE,1.0
YIGGD,0.0
FLYMK,0.0
LMIWMELD,1.0
LNPAK,0.0
LIKMAAR,1.0
WMLR,0.0
LEIIEGGTD,1.0
VSVMAE,1.0
IILESGALE,1.0
KYYR,0.0
EIVIDSD,1.0
MEMSMTE,1.0
GLLLESE,1.0
MSLIGDD,1.0
PRYIIYR,0.0
VMWIKK,0.0
YTRK,0.0
IFVQTKR,0.0
YIRSR,0.0
KYYK,0.0
LALISSINR,1.0
LVYLEE,0.0
LMSTVAEE,1.0
LIVAYEE,1.0
MFSLKK,1.0
LIWITE,0.0
LWFE,0.0
LLVASAAGD,1.0
YTLWAR,0.0
IFSYVYGK,0.0
LFIIEE,0.0
IYWEE,0.0
MWYQSK,0.0
AMFE,0.0
QPIYAWAK,0.0
VYILEDE,0.0
IFVLETD,1.0
LPYQIVQQD,0.0
RMFTWAR,0.0
LVVSVSGAD,1.0
PVLITD,1.0
SFIPVEED,1.0
IISAFSQYD,1.0
YWID,0.0
YYEHIND,0.0
DWIE,0.0
VLVESGALD,1.0
MLIMTNEE,1.0
PYVK,0.0
TPKGR,0.0
VIWMKK,0.0
MLQLVGDD,1.0
TVTVVR,1.0
SFND,0.0
FIQLDSE,0.0
MWWWD,0.0
VVVVPSR,1.0
YVAIDAD,1.0
IYLVDGGD,0.0
WEPID,0.0
GFMAKK,0.0
YVSWE,0.0
WLAE,0.0
IMVEHED,1.0
LSIMDD,1.0
MTPPE,0.0
VIISVAEE,1.0
IFIMDD,1.0
LLHQEE,0.0
WTED,0.0
LRWR,0.0
VLLASDE,1.0
FYTR,0.0
TFMK,0.0
MALASDD,1.0
FMYWR,0.0
WFVLEE,0.0
LILAAAAIRR,1.0
TLIK,0.0
LLALGKK,1.0
FWHR,0.0
MIAITDD,1.0
YNYR,0.0
IMAVDAEITD,1.0
IIVTIADD,1.0
FIGVAED,1.0
TFME,0.0
FLTRR,0.0
LLTSLEE,1.0
SIAD,0.0
YMKMR,0.0
VFFGDQE,1.0
EQTE,0.0
FILVETD,1.0
MLSSLDGND,1.0
AMFIAKR,1.0
LGIAMTEE,1.0
IYMMAAELD,1.0
FVIIEE,0.0
LIIVGGDLD,1.0
PVFHPK,0.0
WIGDD,0.0
WPMLFAPR,0.0
IFKK,0.0
VAEVAE,1.0
LIGDAIVE,1.0
ALLITSDD,1.0
LVFKANR,0.0
LLVVKK,1.0
LIDVASE,1.0
VFARAK,0.0
IKIYGAR,1.0
VVAFSDD,1.0
FDVDD,0.0
IILVIIDD,1.0
LWGFD,0.0
LLMDQFD,1.0
IISLLDE,1.0
FMMISGEE,0.0
VIVLEE,1.0
IIAMSEE,1.0
IFMWKK,0.0
WVLD,0.0
LIKIAAAIR,1.0
IITESANAE,1.0
IMLGHDD,1.0
QFLLAMKGK,1.0
PFYLK,0.0
PLSTYMIDE,1.0
FEWE,0.0
LISLQKK,1.0
MLALYEE,1.0
IFGTGDE,1.0
YMGQTE,0.0
LLMDSEQE,1.0
VDLVAAE,1.0
VLISELTVE,1.0
LFMAIIR,1.0
WAEDE,0.0
HVLD,0.0
ILILTDD,1.0
TYLQR,0.0
IAHD,0.0
VLLSQAELD,1.0
HPFE,0.0
MWLFEE,0.0
WRYK,0.0
IVVMSVEE,1.0
LFLGIK,1.0
FGNIYTE,0.0
MPHHYLQE,0.0
FVMGGGDD,1.0
IIYAKRK,0.0
IVLLSKK,1.0
QVFGEAD,1.0
YIVAADD,1.0
FMEIMLD,0.0
LMHNPPE,0.0
GDLWID,0.0
LMDMDIMYD,1.0
FLFVKK,0.0
LVMHEED,1.0
EWHAE,0.0
SIIVEAE,1.0
WLFFDD,0.0
IVYANKK,1.0
LVYGRR,1.0
AVLGIQEE,1.0
LTWE,0.0
LMAITSEE,1.0
IMLAETD,1.0
ILVLKK,1.0
LAVLD,1.0
LLDALDD,1.0
IVAVAIAE,1.0
MWIAARR,0.0
PGLAVEGD,1.0
FIWIEE,0.0
PNWGRR,0.0
WLFMEE,0.0
VLLATEDLE,1.0
YGVNHE,0.0
PRMFWR,0.0
EFFHE,0.0
LVYVASEE,1.0
PIVD,0.0
EIFGSIME,1.0
LLIDGTD,1.0
MIIFKK,0.0
MYIK,0.0
PMLD,0.0
LVVSLSEGD,1.0
LFLR,0.0
PMKK,0.0
ILLMKNK,1.0
MIFADLD,1.0
FPSK,0.0
FFDTID,0.0
YLYMD,0.0
WYVWDNAD,0.0
LEDVLGTE,1.0
FSLR,0.0
VYLFSGTE,0.0
DWVLLE,0.0
ELVSAME,1.0
VVLIIDD,1.0
WWAE,0.0
WVFVKK,0.0
FMYQMDD,0.0
LIAKMFHR,1.0
IWTNTK,0.0
DLIMAME,1.0
VVKSSR,1.0
MWLKK,0.0
QFMNWIPQD,0.0
IVAVTDD,1.0
YVEE,0.0
KHRR,0.0
FGILEE,1.0
WLWKK,0.0
FIFLDD,1.0
LVILANEE,1.0
PFNISK,0.0
MIYAAKK,0.0
IPEFSQQLFD,1.0
VYARR,0.0
FINDHNQEE,1.0
YIWLEE,0.0
EESD,0.0
WSKR,0.0
MHYE,0.0
IILQADGID,1.0
AKPK,0.0
IYVR,0.0
LVSVKK,1.0
LLISSVAGD,1.0
IFILEE,1.0
IIVVTAADD,1.0
KTMK,0.0
IIIIKK,1.0
YAVR,0.0
FIIFSDE,1.0
IIEVSDALLD,1.0
IGLAMSEE,1.0
IIALAGEE,1.0
IPPE,0.0
WMFFEE,0.0
SLFE,0.0
FLSVVWVAR,1.0
WLFMD,0.0
VWYME,0.0
KQYIR,0.0
VFQMLR,0.0
IAISDD,1.0
MILGAED,1.0
SMLVMGKQMR,1.0
VTHMPK,0.0
FKLIMGPK,1.0
FIRHK,0.0
LLVVAKK,1.0
IWFMDD,0.0
VHINR,0.0
LYHWIAK,0.0
DLPSGD,0.0
MYIFTTD,0.0
VIMWKK,1.0
IDIGITE,1.0
FHQQR,0.0
FIVIYSMLGE,1.0
MPVQHGRK,0.0
FIIDSID,1.0
IFMLKK,1.0
AILITAEE,1.0
IVTLLTEE,1.0
WWIMKK,0.0
DIVVSSE,1.0
PGYHR,0.0
FIKFAK,0.0
IVIESIE,1.0
FDPTND,0.0
LEAVHE,1.0
MWIKK,0.0
FFIMFYHMD,0.0
IWSAR,0.0
LLAAMAIDD,1.0
YASR,0.0
LLDIAGGVND,1.0
FVPWE,0.0
VVIATDQD,1.0
IIIFGGDD,1.0
WWQR,0.0
RWPVR,0.0
TLLNLDD,1.0
SLTD,0.0
PYNFQD,0.0
VFAAAALLE,1.0
IAVVSDADLE,1.0
IGLSVDE,1.0
LFLEALE,1.0
ITLKGGGLFR,1.0
GVLGADD,1.0
LALKTNR,1.0
GVIVD,1.0
KLWNWR,0.0
LKAGLIYK,1.0
VVVTLADD,1.0
WMYQHR,0.0
IVFWKK,0.0
LEQLNSE,1.0
LLTEDGD,1.0
MGIDTDGD,1.0
ILVASLEE,1.0
MVLLMQMRR,1.0
MHSQE,0.0
YKYR,0.0
ITFLIDD,0.0
ILWMK,0.0
VIGLSDLE,1.0
WLSWQPR,0.0
VMMFSEE,1.0
LIVHLDE,1.0
IYFHTAD,0.0
VIMLR,1.0
VFILSED,1.0
WPDFVD,0.0
LGLMAED,1.0
LAITVADIHE,1.0
MFMGSDD,1.0
WLVR,0.0
WYID,0.0
IIMVGTEE,1.0
VHMRKR,0.0
LSKLGPNFFK,1.0
LVIVEE,1.0
LIIIDSALD,1.0
FSWPR,0.0
VFYE,0.0
LAFFEQE,0.0
LPATE,0.0
VLRILASTNK,1.0
KQWR,0.0
ILMLDATE,1.0
LIMLIGDD,1.0
PPFSLIKR,1.0
LIFDEVE,1.0
LMVGGKK,1.0
AFTE,0.0
LYWMD,0.0
FVVVEE,0.0
IIFSLTIK,1.0
LLNIKSIK,1.0
LLLGSESE,1.0
FLVD,0.0
MMVSGEE,1.0
TIEWAD,0.0
VIFIKK,0.0
LFVKK,1.0
ILQAKK,1.0
MQWFRR,0.0
IFNFD,0.0
ILIVAEE,1.0
FGAPR,0.0
FMIWK,0.0
MFKGK,0.0
FFHE,0.0
MVAGLTEE,1.0
ALLYDD,0.0
AVTYLAD,0.0
ILSGWWD,1.0
ALVIGDE,1.0
VTLLGDD,1.0
MPTR,0.0
LLIAKRK,1.0
WLQFGPR,0.0
YNALLDD,1.0
MWYEE,0.0
YWFNAASQR,0.0
LMITAKK,1.0
GIVFGGEE,1.0
IYNLMEE,0.0
IIAGMEE,1.0
YVVEGLE,0.0
ILEMSAALD,1.0
FAAE,0.0
WVFR,0.0
ALLIASEE,1.0
ILFNNKK,0.0
IGIIADD,1.0
WVMFDD,0.0
LVTVGDD,1.0
MLASADD,1.0
HIIE,0.0
LMMAAKK,1.0
MYAFAEE,1.0
ALSAD,1.0
APRWR,0.0
ALLAEMAE,1.0
FFLFKK,0.0
IVFNFEE,0.0
IWMAK,0.0
DWMHE,0.0
FISALDD,1.0
LSVIDGD,1.0
VILTE,1.0
LLAFAKK,1.0
LLAGLDD,1.0
LDNLQWFPD,1.0
PWQGSLPPE,0.0
FIAKLR,0.0
VLVWDD,1.0
MMLSMKK,1.0
MFPVIGKR,0.0
LMVFKK,0.0
VPHME,0.0
ALIVAED,1.0
YVWAR,0.0
VVTMIGEE,1.0
LVLTMGDD,1.0
LIEMESE,1.0
FTKR,0.0
IIEHISE,1.0
FIWFEE,0.0
MVYIEED,0.0
HPSK,0.0
VISFAQGILR,1.0
PDMWTAE,0.0
IWGFGDD,0.0
VMTLSEE,1.0
LAVKTNK,1.0
IIDLAGD,1.0
MVVISSTND,1.0
LMFLSEE,1.0
LGIIHEE,1.0
LIIMKK,1.0
WWVDD,0.0
PQIPTFISE,0.0
MILELSD,1.0
IVISFDE,1.0
ILLGAAIDD,1.0
FTLTKGGR,1.0
EISE,0.0
PITSVIFK,1.0
PHHID,0.0
YIMD,0.0
VVLEHDE,1.0
ILRPK,0.0
PSMD,0.0
VMLETHE,1.0
MVFYAEE,0.0
FMKAARR,0.0
LLMTVKK,1.0
FMVLKK,0.0
APQWTR,0.0
LVALKRK,1.0
PWKYRFR,0.0
VVLISDGNYD,1.0
SQWMR,0.0
LWIKK,0.0
LKQKK,0.0
FIIFEE,0.0
LLWTAALLPE,1.0
FIWE,0.0
VMEVGAIE,1.0
PVVFTNVHK,1.0
IMWFEE,0.0
LLVVSTDLE,1.0
AVLIHDD,1.0
IWRK,0.0
VKHFK,0.0
MLADDAE,1.0
ILLSAALDD,1.0
MFHGNVLE,1.0
FEYE,0.0
ILSLVRK,1.0
GFLDVGD,1.0
LLMLEAD,1.0
IVAVIEEGD,1.0
TMID,0.0
LMSVDAGLD,1.0
FWVVDD,0.0
MTSRR,0.0
LIAALEGID,1.0
IVLNHAEE,1.0
EVLVAND,1.0
EFFD,0.0
IVLVASDD,1.0
PYKR,0.0
TIWRR,0.0
EEID,0.0
EFEVNAE,1.0
FMMNSGR,1.0
FYMPR,0.0
VFEEVAAD,1.0
VAVMDSE,1.0
VILVTAEE,1.0
AVHMDD,1.0
LALLESSND,1.0
GFQVIE,1.0
PKFFLR,0.0
FYMEE,0.0
VLQANIYK,1.0
PTIQK,0.0
FFLEE,0.0
FVLWSWNQR,0.0
MIHK,0.0
IQISR,1.0
ALVMKAK,1.0
IILGAETLD,1.0
EFITE,0.0
IIEVTDGD,1.0
TTAE,0.0
AFVLESE,1.0
LLFAKTK,1.0
WVTD,0.0
AWQD,0.0
MIEMDSD,1.0
WEED,0.0
MGVWGAIR,1.0
VVVVEE,1.0
MISIEAD,1.0
FLYQMK,0.0
LWPAWRR,0.0
IVISKITIFR,1.0
IFKAKIR,0.0
ILIMVTDD,1.0
VGYGYEE,0.0
LVAVVVKK,1.0
FLFFAPDFD,0.0
IILEGYE,1.0
IIMYLEE,0.0
FLAPSQD,1.0
FVPAK,0.0
IFVWDD,0.0
PLPDLYLATE,1.0
PKQPSR,0.0
YANFPGE,0.0
QYMWQE,0.0
MLMFEE,1.0
PHWPR,0.0
MFWVEE,0.0
VIGVSKK,1.0
IYWIME,0.0
IVMYMGDD,1.0
FQMYR,0.0
PYYFD,0.0
ETEE,0.0
WIYLAGDE,0.0
AVMLSADD,1.0
IWWEE,0.0
ELFSGGE,1.0
DIYVD,0.0
AAIYAD,1.0
ILFLQKK,0.0
VFVDTSD,1.0
IMYIRTR,0.0
VLFMRSR,0.0
VMGLAKK,1.0
FMIMMLFRQK,1.0
LIHMEQD,0.0
IWIMEE,0.0
MMWR,0.0
VLYDD,1.0
IILYDD,0.0
IFDETME,0.0
MMIFKK,1.0
SFLTR,0.0
ISLIAIDD,1.0
LGLFSDE,1.0
IMLANKK,1.0
PKITK,0.0
ALMTDNE,1.0
FSLDAAD,1.0
IYIMSEE,0.0
LLLTETD,1.0
LIAAVLADD,1.0
LMGTLTEE,1.0
MLFIKK,1.0
LLLGVADE,1.0
VFYVMDD,0.0
VFIWR,1.0
IIVSVDGGD,1.0
FWLEE,0.0
MAFK,0.0
MFMLKK,1.0
FFIFKK,0.0
FRQAPK,0.0
GLIVSIEE,1.0
AIMMQGD,1.0
AVIYAKR,1.0
AFGK,0.0
LMTYWFGYD,0.0
MILYADD,1.0
INVLSDD,1.0
PPVRPK,0.0
FFKR,0.0
IVASIAIDD,1.0
LMTSITR,1.0
IGWD,0.0
GWFD,0.0
FMVDASE,0.0
EWSD,0.0
KVYR,0.0
EIFGFDE,0.0
TLVIAEE,1.0
YTAR,0.0
IFAAKLR,1.0
GILAVTDD,1.0
LIAKK,1.0
LIASIRR,1.0
MWKIR,0.0
IVAWSEE,1.0
LSINVAEE,1.0
LFTFLIFR,1.0
LFINGDD,0.0
IMAYEGE,1.0
FSNR,0.0
MHRHR,0.0
FMPTSQND,1.0
EWAMGND,0.0
MLNGISDD,1.0
MMFEHDE,0.0
QIVVAAEE,1.0
PINDFD,1.0
IKLISQR,1.0
ILGVNKK,1.0
YWAGD,0.0
VLAHIGEE,1.0
IWYPYR,0.0
IIMGDHD,1.0
YALPQWD,0.0
FFINGEE,0.0
VWWQR,0.0
DLIAVGDD,1.0
IWDD,0.0
TFVYE,0.0
MLLRLSGTNK,1.0
VFIFEE,0.0
ILAALPGE,1.0
YGYE,0.0
LFLGKGR,1.0
MLFQESE,1.0
MTPWLMD,0.0
AIVDITD,1.0
VVLAANID,1.0
LLIMEE,1.0
IKIGIAK,1.0
LIMKK,1.0
WGVWR,0.0
MFIDD,0.0
LLNDTD,1.0
PHILGIE,1.0
WFTDNE,0.0
AWRAK,0.0
LLDLSAGID,1.0
FWMFDD,0.0
IALVSDE,1.0
LIWEE,0.0
LVAIKLTK,1.0
MIID,0.0
YLPVR,0.0
LMIIADD,1.0
VLIFDD,1.0
LFGSMD,0.0
LYGADSPD,1.0
TWGE,0.0
HIAK,0.0
IIWVD,0.0
FALAAKR,0.0
LFKVSAR,0.0
FWWPRNR,0.0
LVVISTDGD,1.0
LLISGDD,1.0
KGWTR,0.0
HPPPE,0.0
WAFNIK,0.0
PYQMADD,0.0
QWFGNDE,0.0
VLIQIADD,1.0
IVMAFGDD,1.0
ILTGLSGNFD,1.0
YGRK,0.0
VVLKAAAIK,1.0
GKWPR,0.0
LLFVFE,1.0
PFKQR,0.0
LIAQLFFSTD,1.0
AIIGADAIE,1.0
RIIYAK,0.0
IMTLAKK,1.0
FMLGIEE,0.0
NFFFIR,0.0
PWHR,0.0
AMMLTD,1.0
MWIR,0.0
LVLLEE,1.0
IMFITEE,1.0
LLGAAADIE,1.0
VEVHQE,0.0
VIHGEE,0.0
EHPGD,0.0
HIPLKVR,0.0
LYLKK,0.0
IMMDGAE,1.0
TIEE,0.0
LIAAAKK,1.0
GIMLVHGMID,1.0
FFPGHGGND,0.0
AWEE,0.0
IMFASKK,1.0
IYGIGLDD,1.0
IMISSDVE,1.0
FAIGVE,0.0
VYYWE,0.0
EVGVEGGD,1.0
MYYTIMK,0.0
LFLNKNK,1.0
IAEID,1.0
LAFVKAK,1.0
FLEVASYD,0.0
HFRIR,0.0
VLKMGKR,1.0
MMFAIDD,1.0
AVVNDFFD,1.0
VVIVKSR,1.0
ILEYTD,1.0
TIWD,0.0
FWFLEE,0.0
MIFLEGD,0.0
WWGR,0.0
ILYAKGR,1.0
VGLFDD,1.0
MFIVKK,0.0
MGIYADD,1.0
VFVTTEE,1.0
IVYGVED,1.0
PPIWD,0.0
SLYE,0.0
FFYR,0.0
VPFESE,0.0
VYWKK,0.0
EATD,0.0
RIPVSK,0.0
YDMDE,0.0
IIWR,0.0
IIWFKK,0.0
YYVAR,0.0
YMLK,0.0
LSIIEIQE,1.0
FIWMEE,0.0
PIFAYK,1.0
ILTVMEALD,1.0
SFIMGFE,0.0
FIVKRAR,0.0
LIFLKK,1.0
HWLLQR,0.0
WFDMPASED,0.0
ILYMIVQRPK,1.0
VYDYQD,0.0
LMLALDD,1.0
ELFMAAD,0.0
EPFMD,0.0
FVIAAGGGLR,1.0
VETLEDME,1.0
ILMIEE,1.0
VLLIEE,1.0
HVID,0.0
MELVGAGTD,1.0
IFGKVGWK,1.0
IVTLTDD,1.0
YPATE,0.0
FIYADGE,0.0
IFIVQDD,1.0
MFMFKK,1.0
VLHAKK,1.0
PWFHR,0.0
IILDVAD,1.0
LLIIAE,1.0
FIWLEE,0.0
FLLMTKIR,1.0
WFVDSE,0.0
IHID,0.0
FYWAVQE,0.0
MWYK,0.0
LVVISSLQFR,1.0
MAIGKGAAIR,1.0
MMVFNDD,1.0
IVLNHD,0.0
IIMLDATE,1.0
IWTK,0.0
GILSGDTD,1.0
IFLLEE,1.0
VHMVSDD,0.0
WMVLKK,0.0
FMVSIVARK,1.0
WNMEE,0.0
MFLDD,0.0
LMSIDGD,1.0
YVQK,0.0
FYWD,0.0
MISWMRGMR,0.0
KKTR,0.0
MEMLDYE,1.0
VWPDPHME,0.0
MIVLKK,1.0
AILKKGR,1.0
ALIKTTK,1.0
YLVDVEED,0.0
LALMDAE,1.0
LLFAKGR,1.0
LLASKMK,1.0
WWDAE,0.0
LYVPD,0.0
ILWWKK,0.0
VMMYHDD,1.0
WLTK,0.0
LVLVASEIE,1.0
QWLGTE,0.0
HIFLYQK,0.0
LTVGFFPYKK,1.0
LGVVSGDD,1.0
LFILKK,0.0
PYGD,0.0
YWEME,0.0
YGFNK,0.0
IVAGGAD,1.0
VVLFKK,1.0
FIWKK,0.0
FPWMMTPK,0.0
FSYK,0.0
WKNK,0.0
WFIIEE,0.0
FQTE,0.0
IILQAQEE,1.0
SYQD,0.0
VIEFTNE,1.0
WLSWPAD,0.0
LFNFDGD,0.0
LLHLGEE,1.0
VIDIAAD,1.0
GYFD,0.0
AILAKTR,1.0
VVYDD,0.0
FIDIIDD,1.0
IFMNAEE,0.0
YIEVMD,0.0
LYLEIED,0.0
MAVDGSD,1.0
AIAFKKK,1.0
LLWLE,0.0
LALVNKK,1.0
MDED,0.0
VMLKTSK,1.0
LIYGTDD,0.0
YVVADLE,1.0
PKLMAMHTR,1.0
YFAIK,0.0
KGKTR,0.0
PFHIPR,0.0
IWIIEE,0.0
LFVQGDD,1.0
PIWQVTSR,0.0
VILDD,1.0
LMHMEGD,1.0
WMFD,0.0
LLAIDAGID,1.0
LIIVENTE,1.0
IMHIGDGE,1.0
LFGVADGLE,1.0
LVLTAADVFE,1.0
IFWAIEE,0.0
MFASVDD,1.0
LIGVASED,1.0
FVLTDID,0.0
TWMGE,0.0
GLLGADD,1.0
FIGIETE,1.0
YAND,0.0
AQYK,0.0
FVWE,0.0
MIPHR,0.0
IAVLRKR,1.0
LASLIDD,1.0
HPPAK,0.0
PYMETIVFE,0.0
VMVEVGAD,1.0
VHSPWE,0.0
IMAGQQIK,1.0
VMKYYRR,0.0
FFIIDD,1.0
IVFAEDALD,1.0
GLIQLAEE,1.0
IPDWQGVD,0.0
WMGD,0.0
FIKR,0.0
LLGIAVADD,1.0
LVYMGDD,1.0
AYANE,0.0
PQWHD,0.0
GLAFNHK,1.0
NPATK,0.0
IVWE,0.0
LRYK,0.0
WATD,0.0
MWFDD,0.0
FQWFR,0.0
VSYD,0.0
IRTKR,0.0
FGPD,0.0
VWPANVK,0.0
FMPWFNK,0.0
VHVVLSR,1.0
PGVKWK,0.0
PAIR,0.0
FILSIDD,1.0
LYIVTEE,0.0
VLLAGDTLE,1.0
IGMVLSSD,1.0
WAPMD,0.0
LFWFKK,1.0
LSVMLE,1.0
MMMVAKK,1.0
ILEYDQD,1.0
ILKGAVR,1.0
YLFRHPK,0.0
FILDD,0.0
MWWRR,0.0
IFIWKNYAK,1.0
NYGLE,0.0
VLGMMMPFVE,1.0
LLTFARR,0.0
FGEVAFE,1.0
LNMHAR,1.0
VSLFRNTANK,1.0
MLSVDD,1.0
WQVWE,0.0
HMYAK,0.0
LKVNIAK,1.0
IVLDLGDE,1.0
YPMPFSE,0.0
ILSMGDGID,1.0
VIVLHEE,1.0
IFIWYK,0.0
LAIAIAEE,1.0
ILMTGIDD,1.0
IYYRK,0.0
LGFGTDD,1.0
IKYVR,0.0
LLAWHED,1.0
ILYAAAIDD,1.0
IFVTAAEE,1.0
LHDE,0.0
MMFAATEE,1.0
ALYAAED,0.0
MFVAMDD,1.0
LVQSVKK,1.0
IILVSTGILR,1.0
LVAIETE,1.0
AILMTGEE,1.0
LAYTEE,0.0
MFWFKK,0.0
MIGEFLD,1.0
WFMIEE,0.0
LLSMISDD,1.0
VIAE,0.0
MEALTGGE,1.0
LVYVNAEE,1.0
FYEWEYD,0.0
FHWD,0.0
LKRMRHQK,0.0
VLVETAE,1.0
GVVFSWK,1.0
LILSRLK,1.0
LLAMAIDTFE,1.0
FPGDAPNAE,1.0
LILAAEQIE,1.0
ARYR,0.0
ILIFEE,1.0
TLWR,0.0
IVLADGD,1.0
LWIVKK,0.0
IHMFLMGR,1.0
IFRISK,0.0
ILIGFADD,1.0
VLIEGGGD,1.0
AYIEGGD,0.0
AYWWE,0.0
EFYQME,0.0
VLALKGR,1.0
VLVHE,1.0
WVMQVK,0.0
YFYGE,0.0
MLVVGLEE,1.0
WRPR,0.0
MYTE,0.0
IIFSSWE,0.0
IVMAAKK,1.0
AVIGAAIDD,1.0
VGMALED,1.0
PWPK,0.0
HVIE,0.0
KYKR,0.0
YFIEE,0.0
ALIYAGDD,1.0
LVLSGEE,1.0
FAWD,0.0
LAEISGDE,1.0
WVGD,0.0
LELMMSE,1.0
FVFWKK,0.0
WMTK,0.0
VHQK,0.0
IFLMKK,1.0
IFIWEE,1.0
MVWVEE,0.0
LVHLQVDD,1.0
VMVVKK,1.0
WWWEE,0.0
LYVTD,0.0
FAAID,0.0
FLIMRR,0.0
VIVLGDD,1.0
IYVDAAIID,1.0
FFALED,0.0
WALK,0.0
VLGLTGEE,1.0
FIALGEQE,1.0
TMLILMKK,1.0
VMAWD,0.0
IMSVDAD,1.0
MILSGKK,1.0
ILLLIEE,1.0
IMVESAEID,1.0
WVMDD,0.0
KWAK,0.0
RFLMNWGAK,1.0
GVIIGTDD,1.0
LIGVVGDLD,1.0
LLMAVETE,1.0
YLYNNFLGAE,0.0
VLVGESAID,1.0
YINSK,0.0
IILIEE,1.0
IFVTGTFIE,1.0
LLMIKK,1.0
YYMR,0.0
MWWFKK,0.0
SKVR,0.0
IIFIHEE,1.0
LIAVSSDID,1.0
IMWLMEE,0.0
PYQTMR,0.0
VVMITKK,1.0
MFTGKK,1.0
YDVPVE,0.0
IATLPGSID,1.0
MFGMSDD,1.0
PWFLR,0.0
IHMGGE,0.0
MVFLGGEE,1.0
IIFR,0.0
MPPKRFK,0.0
LLTFIDD,1.0
LAVGSKK,1.0
PMMATIK,1.0
MVSLLGGTE,1.0
LLLIGNDD,1.0
VLEIAAELD,1.0
ELISEGD,1.0
MFLVKK,1.0
ILEVISAE,1.0
PHVFR,0.0
PITE,0.0
PGPFLIK,0.0
LILRRSK,0.0
APKK,0.0
LFGSVGEE,1.0
IIFMDD,1.0
YFTE,0.0
LIGGMTDQE,1.0
ILHDVAE,1.0
GLLHAEE,1.0
YPYTPGR,0.0
VALKIAR,1.0
IWNYYIR,0.0
IDVVAGD,1.0
MFFKNAK,0.0
VIFTQDD,0.0
VFMDDED,1.0
VLLASDVND,1.0
VLIAIED,1.0
VFFWDD,0.0
IVVLKK,1.0
YQPPPPME,0.0
VLTGAKK,1.0
PPVALGQPK,1.0
FMVVDD,0.0
LIYAQKK,0.0
FIMFEE,0.0
LGGIISAE,1.0
IAIVDAGGD,1.0
IKYSRR,0.0
MMYLQEE,0.0
PWGPE,0.0
YYAIK,0.0
RFAFR,0.0
PPYWMWE,0.0
NMWAR,0.0
PGYK,0.0
VGIVAAIDD,1.0
LIWLEE,0.0
LWFFEE,0.0
YLKIK,0.0
VLAYAAEIE,1.0
LGMMSDD,1.0
IFLSTKK,1.0
LEVMAASLD,1.0
MFLVK,1.0
VALMPPHMGE,1.0
FMQYK,0.0
RMYR,0.0
FVLMD,0.0
LAKIASR,1.0
LFQISDE,0.0
IISVVTEIE,1.0
LFQYEE,0.0
LLTMQKK,1.0
PWQMTWIR,0.0
MFGLAWAE,1.0
LHGMR,0.0
VILLRK,1.0
WGILLSR,1.0
MFLSGDD,0.0
VLITDAD,1.0
IEVSIGD,1.0
LTED,0.0
ATMMVYWAE,1.0
LLALDVD,1.0
FIIR,0.0
LKWVK,0.0
VITALR,1.0
MLIWARR,1.0
VLLSHDD,1.0
IIGMADAAD,1.0
VKIAANKR,1.0
ILTIAAELYE,1.0
FQIDAAD,1.0
WDGED,0.0
LVGLADGGD,1.0
YMNWVGD,0.0
IKLALKR,1.0
WLHLK,0.0
LLTIEQE,1.0
INLMYHD,1.0
YWPE,0.0
LNSWNE,1.0
FWLMKK,0.0
IYIWK,0.0
LFVYKK,1.0
LIVKGAK,1.0
WYYD,0.0
YLFGAGEE,0.0
FIAIAKK,1.0
MLIADMTE,1.0
EIFQGD,0.0
ILVGIAEE,1.0
LLQSK,1.0
VLIDDGD,1.0
VGISMDD,1.0
MLKGAGQIHR,1.0
IGWK,0.0
PHFD,0.0
VVMVKK,1.0
IVSLELGGE,1.0
VIIISEGND,1.0
LFYVAEE,0.0
QTPPID,0.0
YMTSD,0.0
FFYEAD,0.0
FWFVKK,0.0
FWTQD,0.0
LLFWNED,0.0
RWKK,0.0
ILIITKR,1.0
MIMVGKK,1.0
QPNSFMLLR,1.0
FIISSEE,1.0
LYIEE,0.0
PHPRNK,0.0
FLALEGD,1.0
LLWE,0.0
FVMHAPENMD,1.0
LIGHIDE,1.0
IMVMDTE,1.0
DPFME,0.0
GADNAE,1.0
FYFWFE,0.0
RFKR,0.0
SFMK,0.0
MFVMDGD,0.0
LLISMEGD,1.0
TYDDE,0.0
VVIDDSD,1.0
YFLTR,0.0
ILMLKK,1.0
IIAVSAEIVE,1.0
MQIWIGK,0.0
IISILDD,1.0
YWLE,0.0
LLAIGEE,1.0
IITIWDD,0.0
IFALIRR,0.0
LIMFEE,0.0
VYDIGGAE,0.0
FWHQE,0.0
VLVMTADIE,1.0
LKRK,0.0
MMVADTD,1.0
VTALLGEE,1.0
IEMLSTGE,1.0
EFAE,0.0
FMRK,0.0
FIMK,0.0
ILDIAAIAD,1.0
MHYPD,0.0
LLIESLDND,1.0
AIMIHDD,1.0
YVIE,0.0
MHGRR,0.0
LMQVLYED,1.0
YMITMFNVE,1.0
FNFEE,0.0
LWLAEED,0.0
LVVLVSTVD,1.0
IEIQDGD,1.0
FWVEE,0.0
LVSIAAADD,1.0
YARK,0.0
ILLIADQD,1.0
FWYDD,0.0
MFEFADE,0.0
LILDHQD,1.0
ANWVLMFE,1.0
IMWTQDE,0.0
MISLLSEE,1.0
LNIIYFEDQE,1.0
ILLRTGK,1.0
VDLFSGE,1.0
WLLE,0.0
KGGQR,0.0
IMVLKK,1.0
VGLVAKK,1.0
KFWHMK,0.0
IILGKAAAVR,1.0
FMLQDDE,1.0
EMMISAE,1.0
IFLSQDD,1.0
VLTSMEE,1.0
DWMAAE,0.0
PGPHSMAE,1.0
IVSVANDD,1.0
MVWDD,0.0
VVLGGAADD,1.0
AWKK,0.0
MEILDEAE,1.0
MLMGVYR,1.0
FLVESNPYMD,1.0
LLLGAAADD,1.0
LILTDVD,1.0
LALIAQEE,1.0
VVLSTRR,1.0
AWWE,0.0
FVFVQYR,0.0
ITYYE,0.0
IMVIDD,1.0
SPIK,0.0
MVASQSVD,1.0
ILLLGEE,1.0
IVIVDD,1.0
FWQTWAE,0.0
VMVWDE,1.0
FWWMEE,0.0
LAMYKK,0.0
IWIWKK,0.0
VIVAAKLIAR,1.0
LVHAIGGD,1.0
WHKLK,0.0
VVYGK,1.0
YIPE,0.0
YEVE,0.0
VVLAAKLAFK,1.0
IWSGK,0.0
IFTLQEE,1.0
MEFIQED,0.0
VLLVNTEE,1.0
ILLDASD,1.0
IFAGVEGLD,1.0
IIAWVD,0.0
MWMAPFIK,0.0
IKKK,0.0
LIMYADD,1.0
VLKAGAAFIR,1.0
GIFSAKK,0.0
IWVE,0.0
ILDIAAEID,1.0
VWFE,0.0
WKIQR,0.0
FMWEDD,0.0
LVYAKAR,0.0
FMVEE,0.0
VIVIDGDLD,1.0
WADD,0.0
IMLLPQDE,1.0
GWEWE,0.0
FVVSEVE,1.0
LTLMIDD,1.0
PWAD,0.0
WYYMD,0.0
VVLVAAVDD,1.0
MSSFE,0.0
HIMPE,0.0
FIMIDD,0.0
WWFPRK,0.0
LAYEE,0.0
KSRK,0.0
IMFDD,1.0
MSGYK,0.0
YMPK,0.0
LYIGKK,0.0
ILIAGEALE,1.0
LMFISEE,1.0
LLAAFDD,1.0
LMWFKK,0.0
FWKINRNRR,0.0
YATQK,0.0
FYKR,0.0
QWFLLE,0.0
ALYD,0.0
EYILGGD,0.0
FMYAIEE,1.0
MMWNYMFQQK,1.0
WFLIKK,0.0
LFSMK,0.0
FVVQSEE,0.0
LYALNIEE,1.0
WFQD,0.0
LKPK,0.0
IIAVSKK,1.0
IWAWVPE,0.0
KIYK,0.0
YFMMATMPFK,1.0
ILSFNDD,1.0
MWAK,0.0
LYIANTLVGR,1.0
IIGLSED,1.0
YEEPE,0.0
KIVGGTGQK,1.0
YPMD,0.0
LINTYDE,1.0
LVIGNKK,1.0
NWSE,0.0
LGLAKAR,1.0
WGGIQD,0.0
LMVLTKK,1.0
IILMGDD,1.0
MLMLTKK,1.0
PYWDYEFPNE,0.0
VIHGFDD,0.0
VWLD,0.0
VFAYMEE,0.0
ALLNPMVAR,1.0
PYMIWSWDDD,1.0
WAEMPQD,0.0
IYIAIGDD,1.0
IELSGGE,1.0
FSWGIE,0.0
DWWGD,0.0
HLPR,0.0
FALGETD,1.0
FALHE,0.0
YLAARK,0.0
RKMATK,0.0
ILGLDAEALE,1.0
LYFNNVK,0.0
WHLNE,0.0
AVSFLMK,1.0
WKYR,0.0
EFVD,0.0
WWISYD,0.0
ILLETMD,1.0
MLFVKK,1.0
LVLGDDD,1.0
FIEGISD,0.0
ALLTMDD,1.0
EFNAD,0.0
IIITVEE,1.0
LIIYSEE,1.0
WVSDE,0.0
ISMAVLVTR,1.0
LVLESD,1.0
LFIKSGK,1.0
AFAFDE,0.0
VVALAVEE,1.0
MYLITEE,0.0
IVAFESD,1.0
QSFPE,0.0
RLPSR,0.0
MWWIEE,0.0
FHFIGR,0.0
MLMIKK,1.0
LLVVSITGFE,1.0
LMVEAAD,1.0
RIWR,0.0
MMFVEE,1.0
DLFHE,0.0
LVGVLMDD,1.0
LMHMK,0.0
LHWK,0.0
VITLVDE,1.0
FLQVADD,1.0
VFHVVD,1.0
VVYGADD,1.0
ILIMEE,1.0
ILISNIDD,1.0
DFLVASE,0.0
FADINEQE,1.0
IVFTEAD,1.0
IVYKK,0.0
GIISDD,1.0
IIHIEAE,1.0
LAVIVDADFD,1.0
HLIE,0.0
PMYRKR,0.0
VMHE,0.0
FIMTTDD,0.0
IPMSTKVKIR,1.0
VVLDAQD,1.0
YIAWD,0.0
LYMMQED,1.0
WQKAR,0.0
IVVDD,1.0
FMPIFMR,0.0
WFFMDD,0.0
FQMKAK,0.0
ALFDWD,0.0
EPAD,0.0
YQAVR,0.0
LYVVITEE,1.0
LMYVHE,0.0
PPEYLE,0.0
TMMVTSD,1.0
LVMGWD,1.0
LLMTMTEE,1.0
LLHISEE,1.0
IYRGK,0.0
IPKK,0.0
IFANTK,0.0
PHGLK,0.0
ILKAAAR,1.0
ILLDGATLD,1.0
ILMVQGDD,1.0
VLFGASDLLD,1.0
VVYGDD,1.0
VVILEE,1.0
VIVESAE,1.0
PFPKR,0.0
VHAPPD,0.0
VYYLDD,0.0
LGEFGE,1.0
FIVDSED,0.0
MMSIVDD,1.0
FLVFKK,1.0
IMWASK,0.0
MIFEGDAE,1.0
FKHR,0.0
VILYAKK,1.0
LLDINSE,1.0
LFGYDD,0.0
MFVFDD,1.0
IFMMQKK,0.0
LQYFND,0.0
RKYANR,0.0
MVVHDEPE,0.0
MVVWEE,0.0
IYFYE,0.0
MWGED,0.0
VYIQHPVGK,0.0
GMYR,0.0
YWHE,0.0
VAIAFGEE,1.0
IIFWARR,0.0
AVVAAKK,1.0
GLLFSEE,1.0
EIASLQE,1.0
VAVVAAKQLR,1.0
FVIFKK,0.0
LWFKK,0.0
LWPPNE,0.0
VFLFKK,1.0
FMDLLDD,1.0
IIISLGDND,1.0
YSQE,0.0
VFMAASALD,1.0
AIQNILVIVK,1.0
VDLMTAD,1.0
WHSE,0.0
IMHLQDD,0.0
IIISLGAID,1.0
IYIITEE,0.0
LIAADDD,1.0
ILVDSAAID,1.0
VTILNGEE,1.0
VKKK,0.0
LLAVWADD,1.0
EIDWQD,0.0
LLTLAVGGFE,1.0
IQFGQLWK,0.0
KFRR,0.0
LIHAKGR,1.0
VHVR,0.0
VMGVDSE,1.0
LLVDSLGGE,1.0
KMYR,0.0
IMGYQDD,1.0
LFTKK,1.0
IIATMK,1.0
IFLNIED,0.0
WFLEE,0.0
ILQIDSGD,1.0
LLIFEE,1.0
WFKQR,0.0
FIIGAR,0.0
VIFVKK,0.0
HLWE,0.0
AYMD,0.0
YQYD,0.0
IVYR,0.0
VVLVLSTTK,1.0
ILSGGDD,1.0
MWPEGND,0.0
MLKISVK,1.0
PHDE,0.0
MMFVNQYWR,1.0
WDFD,0.0
GIITGED,1.0
LISVIATIID,1.0
LLIIAR,1.0
LLSISDE,1.0
VWQYFSAD,0.0
VMIESAE,1.0
MVLVAKK,1.0
MLELLDDE,1.0
MFVMAKK,1.0
IWWLVDALYE,0.0
VLSLIDGGD,1.0
FAFR,0.0
YPMAR,0.0
YFLKK,0.0
GARWVIMQAR,1.0
QLTD,0.0
YFAE,0.0
IIILEE,1.0
IVVSLSEE,1.0
YIVRYVR,0.0
INPIAPGPE,1.0
ILEYNSD,0.0
VFNFSEE,1.0
TLPK,0.0
VALFQQEE,1.0
LMFMNSK,0.0
MGYEME,0.0
IDEYTGE,1.0
IFVVGAQLIR,1.0
LWHDLE,0.0
IMIWKK,0.0
YFTEIE,0.0
LHLWD,0.0
LEVVSIGGD,1.0
MAIVADD,1.0
YIGSEE,0.0
LQWD,0.0
LVVIAGIDD,1.0
PTKR,0.0
MVTIAGGGNR,1.0
WLPGFSE,0.0
LLLSDDTLD,1.0
LWDD,0.0
VIFLAAEE,0.0
KKSPR,0.0
VVVLSSDND,1.0
TIMHQD,0.0
YWIAK,0.0
LPIWMQE,0.0
ELID,0.0
FFMFGYLMR,1.0
WMIRR,0.0
MMELGAD,1.0
ILTEIGE,1.0
MIAIKK,1.0
YFIR,0.0
VIAITKK,1.0
LVLYTEE,1.0
IPLGLHATE,1.0
DWTD,0.0
FLVEQTE,0.0
MWAKK,0.0
DMANSE,1.0
EILLNSD,1.0
LLVDENSLQE,1.0
LIPGFTISPR,1.0
WFTMIPR,0.0
MLIFKK,0.0
LYYE,0.0
VVFLDGD,1.0
LFQLHYD,0.0
LHPVK,0.0
FVFGEDE,0.0
MPVPRKYMQK,0.0
MYFK,0.0
LTEFE,0.0
WMFVEE,0.0
SLLDLD,1.0
MLLFK,1.0
LLFNKK,1.0
FMIADSD,1.0
LLESLGE,1.0
HYIAD,0.0
FYFMPME,0.0
NWMR,0.0
MIFFDD,0.0
FEEELE,0.0
FEED,0.0
VMIAAKK,1.0
FGMD,0.0
MLYGHR,0.0
YPRR,0.0
MFWVQE,0.0
TIFNR,0.0
AVFQFIK,1.0
LWWDAD,0.0
RVYR,0.0
YVSR,0.0
LIAIIADIE,1.0
FYHE,0.0
LVTLIQEE,1.0
IHKK,0.0
LVMVKK,1.0
YEDLGAD,0.0
AMWD,0.0
LIVASAVDD,1.0
MHGWE,0.0
LEILSDSND,1.0
IIVIMSATFR,1.0
LIAKVTR,1.0
VILNKGR,1.0
FELLVNEEQD,1.0
KAFK,0.0
MMVYID,0.0
MVMGVSEE,1.0
EIVLIAE,1.0
MLSMALDD,1.0
IIDLDAAE,1.0
IIMAAADID,1.0
WLMKK,0.0
IVVFEE,1.0
ILNIMESE,1.0
LTIGIDD,1.0
LFTLNAD,1.0
MVHAE,0.0
LGLTVDE,1.0
YVKFR,0.0
AFTK,0.0
LIFGR,0.0
TMEPDE,0.0
LLHAIAELD,1.0
FIASVDE,0.0
FWND,0.0
TQFMR,0.0
FEFAASE,0.0
VFVSMEE,1.0
VMISAQDD,1.0
TKVK,0.0
DLPGWE,0.0
LILRTAIIHR,1.0
VMFLEE,0.0
GLLSSDD,1.0
VILAYEE,1.0
YMSR,0.0
FHLFR,0.0
AIFYD,0.0
VGMVDAED,1.0
LTPPEFGPD,1.0
FLFMKR,0.0
MISSLNDD,1.0
VMASIDD,1.0
YPWPFTR,0.0
IVFGKNK,1.0
LMVAARK,1.0
PYSQK,0.0
ILTVKSK,1.0
YKKR,0.0
FFIMKK,1.0
FLILKK,1.0
LPVFE,0.0
FWWD,0.0
LKVAAAK,1.0
VLAYGEALE,1.0
LAINSK,1.0
LALHKK,1.0
MFRSR,0.0
MLISMGPSK,1.0
LVLTLADLD,1.0
FTEE,0.0
LLFKK,1.0
WYGE,0.0
SIKR,0.0
LVAFAKK,1.0
LHWR,0.0
FTME,0.0
LFGAALAID,1.0
VLDSIDD,1.0
LPSYTLRR,0.0
HVLAQMD,1.0
LKNK,0.0
LHVR,0.0
MMMMSTEE,1.0
QFYVK,0.0
WWSED,0.0
SWQR,0.0
IIALSIDLLD,1.0
YWRK,0.0
MLLYGED,1.0
WPWYE,0.0
PILTNIEYNE,1.0
IYAIEGE,1.0
IYKK,0.0
MFKAIAK,0.0
WRTR,0.0
ILYE,0.0
YYVTD,0.0
IGLYDGE,1.0
VVVFR,1.0
LTIMAAEE,1.0
LEFVSD,1.0
FYVHEE,0.0
MFAKAIK,1.0
AYMHFAE,0.0
AWTE,0.0
IQDLIYID,0.0
ALVMSRK,1.0
LLIAVTDLE,1.0
LIDLALD,1.0
VFIMTHK,0.0
DVFQLTDE,1.0
MMELSTD,1.0
KKRYR,0.0
IKQQNYLYR,1.0
MVLADLD,1.0
LMLANKR,1.0
MSDAVE,1.0
KIKSR,0.0
VFIK,0.0
KHNK,0.0
LMMAIAEE,1.0
LFLVKK,1.0
FFMEE,0.0
FALLEGE,0.0
LMIGSDAILE,1.0
LVIYDD,1.0
MVLVKK,1.0
IVLITRKR,1.0
LGSE,0.0
MPVR,0.0
LLTGSELE,1.0
IIALMDEE,1.0
IIMAWRR,1.0
LEVASLLD,1.0
GYEQD,0.0
VLLIQADLD,1.0
AMPHK,0.0
VLEMAQDE,1.0
LIATKIR,1.0
WPMGR,0.0
LVRWMR,0.0
TVIK,0.0
TIFK,0.0
PYTR,0.0
WIFMEE,0.0
VLFLEE,1.0
YMMKK,0.0
FPED,0.0
IILGDVAID,1.0
LALMSDD,1.0
EFYE,0.0
VMLSR,1.0
LALVESAGFE,1.0
KAKK,0.0
VDFDDLIWED,1.0
LKAIIKR,1.0
LWLIKK,0.0
VGAK,0.0
YFSD,0.0
LSWVR,0.0
LPFIIED,0.0
SKFVNQR,0.0
IVIVTDEIE,1.0
FMVFEE,0.0
FWLFKK,0.0
WFIR,0.0
IVIGGDD,1.0
LLLVDQAID,1.0
LYYIGDD,0.0
HPVD,0.0
LSLGIAAGLR,1.0
LLADYDD,1.0
LLSAK,1.0
IALIDEGID,1.0
QWFQND,0.0
VMMDGAD,1.0
FMLTADD,1.0
YFHRK,0.0
LMNFK,0.0
LYVYALNGK,1.0
FIKK,0.0
VWVFEE,0.0
VNDGFMLTND,1.0
VFLATRK,0.0
LFHFEE,0.0
FFMAQDD,0.0
AILVDQD,1.0
VIMLGQDD,1.0
WWIYGTNE,0.0
IFFIDD,0.0
SIFE,0.0
ILFDD,0.0
VMLVEE,1.0
YFAPK,0.0
LFSIDD,0.0
IWFFDD,0.0
LLAILDD,1.0
IINMMAEE,1.0
WVFMEE,0.0
YLLRR,0.0
QWIAE,0.0
IAVSKAALR,1.0
FMMVKK,1.0
MPTGR,0.0
EILESGE,1.0
VSLIAAMD,1.0
VPAGYR,0.0
IPSYPNEMD,0.0
YIWKK,0.0
KFIK,0.0
FSNMIE,0.0
YGMR,0.0
YIIAAEALHD,1.0
YHLR,0.0
MTDIE,0.0
PYPK,0.0
LHQE,0.0
LIHLQEE,1.0
VFMVDD,0.0
VMMFKK,1.0
VLFSFR,1.0
LLKSLNK,1.0
LVWGEAALD,1.0
VSFIDD,1.0
VFILEE,1.0
VLAMATDID,1.0
VLIIEE,1.0
WYENVE,0.0
LVDMMSD,1.0
VPQHR,0.0
MVFLEE,0.0
VMFTGEE,1.0
FVVMDD,1.0
MILLKK,1.0
LFFTNDD,0.0
WVRR,0.0
QFTE,0.0
IVTITLDE,1.0
IIHGLEE,1.0
LGWPYD,0.0
IISLAGDD,1.0
LIQSAK,1.0
LVLSKK,1.0
VGFFGDD,1.0
GAVK,1.0
AWMDD,0.0
TTMR,0.0
LSWIE,0.0
VTAQR,1.0
EFTD,0.0
KVSWR,0.0
FLSLFK,1.0
LMAIKK,1.0
YLWPK,0.0
VLGAVAEDLE,1.0
IVNLIHAD,1.0
WQYFD,0.0
LHMNQMIK,1.0
WFIVDD,0.0
VVTIIDD,1.0
FPQYDLD,0.0
FLISFDD,1.0
LLSKLAGIHR,1.0
VIIGINTR,1.0
LFVAYDE,1.0
LVDSVSE,1.0
AILWSEE,1.0
PNPYD,0.0
IFQKQFGSGR,0.0
VFGLD,0.0
AASR,1.0
MAVMTEE,1.0
LLVDD,1.0
FIVLEE,1.0
GVWYE,0.0
SYLD,0.0
LLGAKK,1.0
VMQEWNQVD,1.0
LGIFTEE,1.0
ALIAPPD,1.0
VLVGAIDTFD,1.0
ITVVLGEE,1.0
VLFGSEE,1.0
YEND,0.0
FKYGQIR,0.0
LVLIKK,1.0
YAKK,0.0
QFYIQSE,0.0
LMLLKK,1.0
LVAIEAD,1.0
IFAFIEE,0.0
LLRLASGFR,1.0
YGVGK,0.0
IILKYSK,1.0
LFNLGDD,1.0
IHYD,0.0
WVWMEE,0.0
WPSED,0.0
IVMVGAADD,1.0
SWVYE,0.0
VHLLK,0.0
AYFVE,0.0
WASPD,0.0
ITRAK,0.0
LTNRKK,0.0
VIFSAEE,1.0
VGILKAR,1.0
HLGD,0.0
ILFIHEE,1.0
WIFLR,0.0
LLDASIE,1.0
FQYLMLAE,0.0
IMKGASK,1.0
LLISSEAGD,1.0
VLGLSSGGR,1.0
YWNK,0.0
EIMVHNE,1.0
AMLIHEE,1.0
KPNTK,0.0
LTIVGED,1.0
AVVVEE,1.0
LILAAAIED,1.0
FVIDYGE,1.0
WEMD,0.0
ELAWE,0.0
IGVPAIDND,1.0
LLTDSGE,1.0
YMEAED,0.0
MLVMKK,1.0
LVISVED,1.0
MALKSQK,1.0
LGLEMETE,1.0
WDIND,0.0
FIVIDD,0.0
LVWMADE,1.0
VGILQADD,1.0
MLGIKKR,1.0
ILAMDILE,1.0
IMAVKHR,1.0
YMGD,0.0
VVYAGIEE,1.0
VMALVDGTD,1.0
MHPYD,0.0
NFIILDE,1.0
IIISSEE,1.0
GIPPK,0.0
WVGK,0.0
IVHAEE,1.0
LLLTELAD,1.0
VMFMKK,0.0
HIVE,0.0
IVLVKK,1.0
MHIK,0.0
LFMHNED,0.0
PTDIITMD,1.0
LMMIKK,1.0
FVLYADD,1.0
LIFMEE,1.0
LMTNQGGD,1.0
LVFTMDD,0.0
FAIIADD,0.0
MIVVKK,1.0
VWIWE,0.0
IYHEID,0.0
VWWVKK,0.0
MYLEMAD,0.0
FYHMGFNPE,0.0
LMEFD,0.0
VMVFHRR,1.0
FIALHDD,1.0
ILLLSMEE,1.0
YPPTSK,0.0
LIKTTIK,1.0
FLFMEE,0.0
SVMFNFK,1.0
ALIIMVSTYD,1.0
YMHDIDAEQE,1.0
LMVSLGDTFE,1.0
MISD,0.0
KLNGTK,1.0
WVLRR,0.0
FVYD,0.0
INWVLD,0.0
IWVMEE,0.0
ILGWTEE,1.0
LELAVDE,1.0
SKLR,0.0
IIAVDSEIE,1.0
YWMASID,0.0
ILLLKK,1.0
VVIVKAAGLK,1.0
YYIGDD,0.0
VMLLAKR,1.0
WIWWKK,0.0
LAVLAQADD,1.0
PFVYE,0.0
GMFSPQAK,0.0
MIFAADD,1.0
MFWDGAE,0.0
EMHD,0.0
LITYGR,1.0
VMYIKK,0.0
KITMR,0.0
VHRTR,0.0
IVVNAKK,1.0
PHIQGAK,0.0
IYLTAR,0.0
FLTADAE,0.0
LITDSVD,1.0
LVLSDLGNND,1.0
LLMVNKK,1.0
FAFDGGD,0.0
VVQLTEE,1.0
MTDVVDSE,1.0
EYDIDD,0.0
QYFFIPNE,0.0
LNLLVEAD,1.0
LYPSPE,0.0
LIISLNEE,1.0
LIDSVADLD,1.0
ILMEDHD,1.0
IWWLEE,0.0
LVLAETALD,1.0
EYIPTPE,0.0
WAMGR,0.0
ILTLAKK,1.0
WVLFKK,0.0
TMAE,0.0
IFIKSAK,1.0
ELVAIDQE,1.0
ILSIEVGGD,1.0
LAPIWSYGK,1.0
VVLQTDD,1.0
AIMAAFR,1.0
IFLD,0.0
MWQD,0.0
IWLD,0.0
ISLIDLED,1.0
FWQNSE,0.0
INTWR,0.0
EIVINTD,1.0
KVAMMGQGIR,1.0
QPMVNGSE,1.0
LWVMEE,0.0
IILLEE,1.0
MALATEE,1.0
VAMVMEYE,1.0
IVLAVDSLD,1.0
VIMVKK,1.0
LKVGASR,1.0
LFMFKK,1.0
NGAD,0.0
LLISTKK,1.0
PHPD,0.0
MLIVADD,1.0
MVIVKK,1.0
YYHPK,0.0
LISGLED,1.0
FNPAK,0.0
VYDAIE,0.0
IIGIEAE,1.0
MPHYSR,0.0
LAVVAAGDD,1.0
RKSK,0.0
IYVRSR,0.0
MWPKIR,0.0
LGILRSR,1.0
IIVHAEE,1.0
IIVAVADVE,1.0
LGFAAEE,1.0
MFEANQD,1.0
LSVMKPKIIR,1.0
IILQLDD,1.0
VLTAVAGK,1.0
IMKLAHR,1.0
LLSYLEE,1.0
LIAIAEETD,1.0
YMLENVGD,1.0
NAAE,0.0
VYEMFID,0.0
IIMGVKAR,1.0
MTWE,0.0
AYFMK,0.0
MPGTE,0.0
LYEMAD,0.0
IFFAKK,0.0
NWIWE,0.0
LTFMALNVR,1.0
YDID,0.0
LVESLTD,1.0
WVNPR,0.0
PMFLSFAPD,1.0
AILWNEE,1.0
KWGR,0.0
LLTYR,1.0
VFVMDD,0.0
FMIADSE,1.0
LLKNLLK,1.0
LMLIEE,1.0
SFPYPAR,0.0
QNFLWD,0.0
VWMLKK,0.0
LFISLDD,0.0
VLITLEE,1.0
LMMKK,1.0
FVWD,0.0
VVVLKK,1.0
FEGD,0.0
VVLKTSR,1.0
SSPFLK,1.0
GIIIYEE,0.0
VFITAEE,1.0
WPSRR,0.0
ILKAAYK,1.0
VMPSWK,0.0
LATILDGD,1.0
AWFDDE,0.0
LFVTADE,1.0
IALIIEE,1.0
MPWVMRLPMR,0.0
ELFVPGEE,0.0
LWYAME,0.0
IIFFEE,0.0
EYPD,0.0
WEYLD,0.0
FSYD,0.0
HILE,0.0
FWVWKK,0.0
GLWHE,0.0
IMIVSDD,1.0
VIMIKK,1.0
QLGSR,0.0
IKLTYLVFGR,1.0
LIIIEE,1.0
IAVAYE,1.0
MVVLDEE,1.0
LAVVYAEE,1.0
WVIKK,0.0
LWYVD,0.0
LMIDID,1.0
LPYE,0.0
AFFNMHE,1.0
YTMK,0.0
YLQKVK,0.0
FSDQE,0.0
ILMAAIDGD,1.0
FLLNSRK,0.0
LVAIYDD,1.0
FAWKK,0.0
MLIWK,1.0
LILLEE,1.0
YYNIVAVAD,1.0
IGLFNDD,1.0
LVGGMSSPD,1.0
KFVR,0.0
VAILIGEE,1.0
YNWIE,0.0
FMIDSWD,0.0
LYMGDTD,0.0
LVSLESD,1.0
MTHDE,0.0
LVFFEE,0.0
MTMR,0.0
LFFEE,0.0
LTLISEE,1.0
FMMD,0.0
PSYK,0.0
FMIWEE,0.0
MHIYDHGME,1.0
WIMLKK,0.0
VMIAQDD,1.0
ILIGEHE,1.0
QPNMLAPTE,1.0
IIATMDD,1.0
IYLNVDD,1.0
FWWDD,0.0
WATND,0.0
VIASIEE,1.0
LVQHE,0.0
IFQASDD,0.0
YPMPD,0.0
QVFFKSLNR,0.0
FLVTWLPK,0.0
LYNELSE,0.0
TLIILR,1.0
WMFLKK,0.0
IAIMSRR,1.0
FAIE,0.0
VLAALVPD,1.0
VLIGSVDLD,1.0
KLITAGR,1.0
KFTR,0.0
VLSVGKK,1.0
YFWVK,0.0
LVEMSLVE,1.0
ISPD,0.0
VLTTVDD,1.0
VSWPR,0.0
MVLLKK,1.0
WVMWEE,0.0
LVTDDIE,1.0
FAFNSQYD,0.0
YPGAD,0.0
FYWPPQD,0.0
TQKK,0.0
IVHGDD,1.0
LMIFEAGD,1.0
APFD,0.0
GVLLPNTD,1.0
VLFIEE,1.0
LALAFEE,1.0
VMFSYDD,1.0
MFMLNLD,1.0
VVVKK,1.0
FFWFKK,0.0
WKIK,0.0
MFIMWGRLKR,1.0
PWTYK,0.0
MLVAKKR,1.0
PGPLFGTK,1.0
KFLMAAR,0.0
DLIIAD,1.0
WMHWE,0.0
PIHWKK,0.0
IKFGRWFK,0.0
ALIKITQVK,1.0
LFPR,0.0
FIMGEAD,0.0
HSPAE,0.0
IIMDSQE,1.0
LVIVGDSGFD,1.0
MLVFKK,1.0
PEMSYE,0.0
LIADTAE,1.0
DPYD,0.0
VILSYGEE,1.0
YTYD,0.0
ENWPYE,0.0
VMVQAFDQSD,1.0
LVLSDAE,1.0
LYAIVEE,1.0
VISAIDD,1.0
VVMFKK,1.0
VTLLQFVELD,1.0
LAVVALEEHE,1.0
ILIYNHD,1.0
YTVNK,0.0
YLEEVE,0.0
IILAGGDIE,1.0
LYFWNDSE,0.0
FAMD,0.0
LVFEE,0.0
IYNMKK,0.0
ALWPNPE,0.0
LLALATEIE,1.0
EMITATD,1.0
LMIYVED,1.0
PFWTE,0.0
DFYE,0.0
YRVFR,0.0
IFLAQVEE,1.0
LAIMTQGE,1.0
LFALEE,1.0
NYLR,0.0
IFVMNKK,1.0
VAVTVYK,1.0
PPNEMHD,0.0
LWFD,0.0
EAYD,0.0
WFTNE,0.0
MFMLAEE,1.0
YYILSR,0.0
PMLDYEDVLD,1.0
AFGVLID,1.0
IQITIRK,1.0
IYWR,0.0
MHYD,0.0
LLSLDLLTE,1.0
IFFEVDD,0.0
VVVMSKR,1.0
FPPMID,0.0
LIGYDVD,1.0
WFIFDD,0.0
VIVIGKK,1.0
LDLMVSE,1.0
WIFEE,0.0
ILFETQE,0.0
VTIFQEE,1.0
HPED,0.0
YNMPD,0.0
AWQE,0.0
VKHIYPR,0.0
LLAILEE,1.0
PFNVSFYK,0.0
VIAITIDD,1.0
LVVKARK,1.0
IVAKKTK,1.0
FAPLSNSGK,0.0
ILVSLGGLHE,1.0
IFVGGEE,0.0
YMLAWKR,0.0
IMLLGSEE,1.0
WALINVNE,1.0
YMPR,0.0
RVKK,0.0
ETEID,0.0
LLVTIDALE,1.0
FTHE,0.0
MDMLDHDMVE,1.0
YIETD,0.0
LYVSMEE,1.0
LYDYSE,0.0
IFFVKK,0.0
MVLDTTE,1.0
HAPED,0.0
FIVYEAD,0.0
IAFAAKK,1.0
MWTEE,0.0
YIYLD,0.0
VPHSPD,0.0
IFILDD,1.0
GWAE,0.0
MFGMDTD,0.0
LIAMSRR,1.0
RVGFWK,0.0
LALVSAVDD,1.0
YWMSE,0.0
MVQIVEEE,1.0
LFAYR,1.0
MMYEE,0.0
PHGR,0.0
LAIAEAEE,1.0
DWMD,0.0
AWQK,0.0
LILVADDE,1.0
LIMHGGALHR,1.0
IPNHYE,0.0
FMAYEQD,0.0
IVMIEE,1.0
LFVTQAGIHD,1.0
RPLWR,0.0
LLNIGSEE,1.0
YFRR,0.0
ILLETQE,1.0
PPGWKNK,0.0
MWFWEE,0.0
FVIWDD,0.0
FLNTMVD,0.0
WEYASD,0.0
KHMK,0.0
AIVIKAR,1.0
FMMEHGE,1.0
YGVD,0.0
IVSVIADAD,1.0
VIILTDD,1.0
FQYIR,0.0
TYLR,0.0
MPWSE,0.0
AMYMD,0.0
MRLVMYTR,0.0
IGIFSDD,1.0
VMLTNKK,1.0
IMGLAIDD,1.0
WYLYWNE,0.0
FYLDE,0.0
PWIMYGESD,0.0
IVILNADD,1.0
FVQIADD,1.0
FLIK,0.0
YLDFNE,0.0
MVTDADD,1.0
FLKAAIR,0.0
ILAVVAGDD,1.0
WRVK,0.0
LLLVSAADD,1.0
VANIAR,1.0
FGLTD,0.0
SKIR,0.0
NIFYMVAE,0.0
VFMLEE,0.0
LLMVED,1.0
MIFTAKK,1.0
MLTSLED,1.0
IVWVAEE,0.0
VYMWDE,0.0
MPHGLQMYFK,1.0
IKWR,0.0
VSLTYD,1.0
AWAHE,0.0
VVSPAFVTE,1.0
VLVIDD,1.0
IILLAEE,1.0
ALQFAE,1.0
AFIAGEE,0.0
EVIEQLD,1.0
IMLDSAELD,1.0
VLIVKTQLHR,1.0
IVTVAQKIFR,1.0
YLEDEEE,0.0
TTIIMAADD,1.0
WVMD,0.0
LVYGIEE,1.0
LVILSSGTMK,1.0
WWWFEE,0.0
ITPGK,0.0
WVFEE,0.0
PSKFR,0.0
AIGMKKK,1.0
LALDSSE,1.0
AHEE,0.0
MGFFSMWTE,1.0
IMVWSE,0.0
VLVSGVKK,1.0
VILVITEE,1.0
FHAPR,0.0
GIVIESD,1.0
VSIAFEE,1.0
VMLWEE,0.0
ETVTE,0.0
ILSVEVSE,1.0
YIDD,0.0
GLFEYGE,1.0
RFMGKGVK,0.0
FVPMMANWDE,1.0
VHQAAD,0.0
WGIE,0.0
VEWSVE,0.0
ALELDAE,1.0
VIDLHGE,1.0
ALIVTDD,1.0
IMILEE,1.0
IVFLDEE,1.0
HYPDD,0.0
QLIENWLE,0.0
VLSDAVGE,1.0
MFED,0.0
FWAK,0.0
LWAQR,0.0
ILLHTEE,1.0
MIEALEGTND,1.0
MFHIQTD,0.0
WHWNE,0.0
YIPHK,0.0
LVSIADE,1.0
VGRWK,0.0
YHYPR,0.0
LVLGSAADLE,1.0
QSEFFFLD,0.0
VVFDD,0.0
MLIGSDE,1.0
VMSLTKK,1.0
IMVSADIDLE,1.0
LYADIAD,1.0
PFRK,0.0
GIFGK,1.0
IWAEE,0.0
YIFPTSR,0.0
LLDSDIGD,1.0
FAGTK,0.0
LYLLNDD,1.0
WSME,0.0
IITFKR,0.0
WSYQD,0.0
LWAGEAD,0.0
VILNGKK,1.0
YIEDD,0.0
IWFVEE,0.0
ALTILE,1.0
QYVNTK,0.0
LLEHGGD,1.0
LGIALKK,1.0
LLLTIAK,1.0
LVWQD,0.0
AGMPILQD,1.0
LISVAAVDD,1.0
LLIVSNEE,1.0
MVFAADD,1.0
YIIIDSWWQD,0.0
LMFMKK,1.0
IFMSEIE,1.0
FVFVKK,1.0
QPLTE,0.0
FWQK,0.0
FIIANEE,0.0
FRLLR,0.0
LFADGGD,1.0
FVYKK,0.0
VLSVIDTID,1.0
PWVPD,0.0
ELLGNTD,1.0
IIAVVVDTIE,1.0
VFSNAMMLID,1.0
LLGEIDPFED,1.0
EYTE,0.0
MLEVAD,1.0
IYYAVR,0.0
LMLSTEE,1.0
NFWD,0.0
PKYK,0.0
HFVR,0.0
IIIMLKK,1.0
LRFSK,0.0
MLEVLSE,1.0
WLED,0.0
IWDQSD,0.0
WDAE,0.0
IMVIEE,1.0
AMLLGFD,1.0
EPVHMD,0.0
IQYK,0.0
IKWFILTR,0.0
IIGVGDD,1.0
IVFTLEE,1.0
DFVIASE,1.0
EVVASAGD,1.0
IFVQSKK,0.0
YSPD,0.0
VVMVSLDD,1.0
FLKHR,0.0
LIAETDD,1.0
IFAALEE,1.0
WIFVEE,0.0
WYTD,0.0
IIAILRR,1.0
TPWD,0.0
LMEYSAD,1.0
TIYPE,0.0
MRYVGK,0.0
VLLNKSGGNR,1.0
FLYMHDAQWE,0.0
IFGLIRR,1.0
LMVFR,1.0
IWKK,0.0
LLSIMRR,1.0
VMVMKK,1.0
LLTGSLDD,1.0
FFHGR,0.0
SIMR,0.0
VLEFAND,0.0
WGLQK,0.0
VLMTLDD,1.0
IPFSRLWNR,0.0
FWLRAK,0.0
MLIESEFE,1.0
ILKSASLIIR,1.0
IFLVEE,0.0
IIIYYDE,0.0
VIAIAETLHE,1.0
IFHGLGEE,1.0
FVLETEE,1.0
IGIMKGATLR,1.0
LIYR,0.0
LVIAMIDD,1.0
WRLR,0.0
IGIYEGTE,1.0
HLVAR,0.0
IVLDTLE,1.0
VIIGSEE,1.0
VTLAAPWE,1.0
VVISAEE,1.0
LRLSWYR,0.0
FSPTDE,0.0
FVVTSDE,1.0
HFPE,0.0
VFWMDD,0.0
MWVAE,0.0
MMDVYE,1.0
VPPD,0.0
FYSLQR,0.0
LFIMDVE,1.0
VDLVAAAE,1.0
VIIMKK,1.0
ILMETED,1.0
VPQWE,0.0
WFFAKK,0.0
IALAKGQIIK,1.0
VMFTAEE,1.0
VDLLAE,1.0
LSVMAEAID,1.0
YLTE,0.0
IFYDD,0.0
NWLK,0.0
LELSSAE,1.0
DFMDID,0.0
HLVGNFLFK,1.0
ILMAPMR,1.0
LFIQSDD,0.0
FWFIEE,0.0
MYWDE,0.0
HPEQE,0.0
LVIASVADD,1.0
ALIHDVMD,1.0
PFPPRR,0.0
WVFK,0.0
IAVIVANIHR,1.0
LMFFEE,1.0
IVAVIEETHE,1.0
KWGK,0.0
NPWK,0.0
PYTAATE,0.0
FTWQNK,0.0
FKHFK,0.0
LLSISRR,1.0
LQVLFSDE,1.0
PVAD,0.0
IVFHGDD,1.0
LDFVGGD,1.0
KPHR,0.0
MLDMAAWDE,1.0
VIIHSDE,1.0
PAMHAK,1.0
IWMWEE,0.0
PITK,0.0
WEID,0.0
PTMVFSK,0.0
VVISVDD,1.0
WWFEE,0.0
FEAWD,0.0
QVWGK,0.0
LIHAIMRSNK,1.0
IIVTSRR,1.0
WGQIPR,0.0
VFYGEE,0.0
KPWK,0.0
HFVTE,0.0
FAWVDQE,1.0
LLMQISDD,1.0
AVFAGNIE,1.0
MVGLDIDD,1.0
WPMYGED,0.0
IFQMDFFE,0.0
EEWD,0.0
FNISVED,1.0
VILIAADD,1.0
VVVEILGD,1.0
YEMAD,0.0
IKGK,0.0
VDTDE,1.0
MFFQDD,0.0
LPFK,0.0
ILTQSGK,1.0
MYIAKNK,0.0
MLVASEAID,1.0
IHME,0.0
FMVIDTE,1.0
MIGTIDD,1.0
YLIR,0.0
LVTEVSE,1.0
ITVFVE,1.0
YLFR,0.0
SYLTD,0.0
AAGGEE,1.0
IVILADD,1.0
VLMSMKK,1.0
LITISEE,1.0
YLVPR,0.0
WLWK,0.0
IIYFMDD,0.0
YRLPR,0.0
LVVYSGFR,1.0
LVGEVSD,1.0
ILAYVGEE,1.0
FSVLRIVSR,1.0
VMGPIWK,1.0
VLSLLEE,1.0
LIHEAEE,1.0
PPVKK,0.0
VAIVVDAAD,1.0
LMIKK,1.0
IIMIEE,1.0
FEFLTLED,0.0
LYIVDSD,0.0
MISIVDD,1.0
LFIIDEE,1.0
LAILNFAR,1.0
IMFIDD,0.0
IVSKLRIK,1.0
KALAGRR,1.0
APTD,0.0
LLVSEVGVD,1.0
ILYAADD,1.0
YMFLSIK,1.0
IAIFDAE,1.0
IHLTLEE,1.0
VVDYAVGE,1.0
IFSR,0.0
ADGMIVPE,1.0
FIIYK,0.0
WLWMEE,0.0
ILARLLVK,1.0
MIMHVDD,1.0
DYLD,0.0
LLAVVAKGHR,1.0
YMVEMAE,0.0
MLGSIEE,1.0
LKTK,0.0
GLFID,1.0
LLLSKSK,1.0
ILADALE,1.0
KIRPK,0.0
PFYE,0.0
WYPYD,0.0
LSFD,0.0
VFLMKK,0.0
KMHPK,0.0
VLVIDDTE,1.0
FFEIDGE,0.0
VLGSLDD,1.0
MFSIHR,0.0
FLFAEAD,0.0
PHNK,0.0
MPWTFFR,0.0
MMTISAEE,1.0
FFIEMAE,0.0
VFTILGEE,0.0
LIAADVGE,1.0
AWHR,0.0
FMFIKK,0.0
LHVKK,1.0
EQSGD,0.0
LANEWMGEAE,1.0
SMAK,0.0
IWFIEE,0.0
LEYVDND,0.0
YLLR,0.0
MWHDD,0.0
VWAESD,0.0
VDVVGAD,1.0
SWPITD,0.0
WPSLE,0.0
LVVAIED,1.0
GLVGYDD,1.0
YIPQNK,0.0
TWLRK,0.0
LPFAR,0.0
IYEFTD,0.0
QEWD,0.0
YMKIK,0.0
IYFVYQTQR,0.0
LVWYK,0.0
LDIIAEE,1.0
WVIFDD,0.0
IFAIVDD,1.0
LMLHQLFMED,1.0
WFSQKR,0.0
VIVIDD,1.0
YILMQTED,1.0
VIDFDND,0.0
VWIFEE,0.0
MFINSDE,0.0
WMKK,0.0
KHMGR,0.0
IMLSGKR,1.0
TWAIE,0.0
IYAAIDE,1.0
FVTTEFE,1.0
LLFSVDD,1.0
IWSR,0.0
VYELEANIMD,0.0
GIILTEE,1.0
LMVFVAFWYE,1.0
ISFLDD,0.0
LIMADTID,1.0
MYLQRK,0.0
KKGK,0.0
FSMYGNVD,0.0
FIAHEE,0.0
MDFAYFD,0.0
FIINSEE,0.0
YILKK,0.0
ILSAVDE,1.0
AVFIIE,1.0
PAWSVR,0.0
LYMEGGE,0.0
VMGIIKK,1.0
VVTIIDE,1.0
LQLSGVK,1.0
GVLYEAE,1.0
EIMYGAE,0.0
MQLVTANVE,1.0
LIITLEAD,1.0
WAFK,0.0
FWVLKK,0.0
WFAEE,0.0
IMMLHKK,1.0
MGLLADD,1.0
WDDPD,0.0
ILSTIEEE,1.0
MPSSVAQE,1.0
IYMGPPWK,0.0
IIDVASGLLD,1.0
FPMPDED,0.0
IYAIMDD,1.0
MAVMAAADD,1.0
PNIFLFR,0.0
FWDDD,0.0
MYSILDD,0.0
PVITEE,1.0
WIMIE,0.0
PLNGGNAR,1.0
FVFGAD,1.0
IPTYFMVSKK,0.0
GIFHMK,1.0
LAVIHDD,1.0
IMINYIVPSD,0.0
FAMRK,0.0
WVMKR,0.0
VWSNAVSD,1.0
WYIIPLE,0.0
PAITTKPK,1.0
LIIFEE,1.0
LAYR,0.0
VAIVTDALD,1.0
YAQD,0.0
ITVAATPMR,1.0
LLEWANE,1.0
VMLMDSD,1.0
YLAPQGTK,0.0
VVIDTDE,1.0
MMFTAED,0.0
GPIPAD,0.0
RFPKK,0.0
IQIMSAEE,1.0
PVEMNYE,1.0
VILLKK,1.0
WHTE,0.0
IVAFVDD,1.0
MYYADD,0.0
VLKGFSR,1.0
FIFWKK,0.0
VIWR,0.0
LMLTSDD,1.0
SVWQTE,0.0
DWMAQD,0.0
TDLLFATE,1.0
WLFMQAK,0.0
TMFADD,0.0
WMMK,0.0
LVVTLDD,1.0
FMMKK,0.0
VMYLEE,0.0
APNPWD,0.0
IFSAKK,0.0
ILGVHEE,1.0
TWMAR,0.0
FFAEE,0.0
IAIVGAEDE,1.0
YLLGIGR,1.0
DIWEQD,0.0
WVRTMQK,0.0
ILSDGED,1.0
PWFWR,0.0
VFMWDD,0.0
WIFK,0.0
VLLR,1.0
IQDYD,0.0
IHIARLK,0.0
WFYE,0.0
IWVVKK,0.0
VILAVEE,1.0
LVSLRK,1.0
FFIE,0.0
WLIWKK,0.0
KARIR,0.0
MGMLSDE,1.0
EVFEGTE,0.0
ALLARIGIHR,1.0
FDQID,0.0
IILGAQELD,1.0
YLTD,0.0
MFIFTSR,1.0
PPYFLAHTR,0.0
LIFSQEE,1.0
PIYR,0.0
AWPINFD,0.0
FMHD,0.0
EIPQFGLAD,1.0
VFVLEE,0.0
SPMD,0.0
MLTIEDD,1.0
VIIFGKK,1.0
WIMKK,0.0
IMNIVLWSE,1.0
VVVIAVADD,1.0
HMFR,0.0
IYAQE,0.0
LYFQFD,0.0
DPYED,0.0
FFLD,0.0
YFWD,0.0
VWVWKK,0.0
LVGLSKK,1.0
MIWID,0.0
LIIVGEE,1.0
YMGWD,0.0
LLLNMKNYK,1.0
LPFNKK,0.0
ALMAGMDD,1.0
VLFVDD,1.0
LPLLRQPR,0.0
LYQQYD,0.0
FFMPPE,0.0
LLMHIRR,1.0
EPWGME,0.0
QWPR,0.0
VWHAD,0.0
VVDVTD,1.0
FQFQK,0.0
IVVMKK,1.0
IQQIMVTAD,1.0
YVTAR,0.0
YAGK,0.0
YIIK,0.0
NNPVVWGNPR,1.0
FIMDNTD,0.0
PQWIRK,0.0
FMVIAEE,1.0
YWDTE,0.0
MIIGAADITD,1.0
LAVQVK,1.0
IMTIQGDE,1.0
IELYHE,0.0
FMIITDD,1.0
IITLAADD,1.0
FWSDD,0.0
LVVKK,1.0
AAAIIFYGR,1.0
FPEFDASQD,0.0
MMFWVGQQR,1.0
PLFFR,0.0
LILFRR,0.0
VSFSLILMR,1.0
FWLLEE,0.0
IEDAPWIE,1.0
WTLED,0.0
MSVD,0.0
LLMFATEE,1.0
IAMVAKK,1.0
ILWIKK,0.0
YLFVAED,0.0
IVMHGKR,1.0
WITK,0.0
LLADEGE,1.0
WLAEE,0.0
IIALTTLMID,1.0
IHSIFIMED,1.0
NWTE,0.0
IVAEE,1.0
WRWK,0.0
LIGLVIEE,1.0
IVSIAAADD,1.0
GAMQANGD,1.0
LMGHIEE,1.0
IVSVLGEE,1.0
PVSR,0.0
YAIR,0.0
LMVLIQDD,1.0
LLLIKK,1.0
VIAMHAEE,1.0
IYKR,0.0
QFHEE,0.0
ILYPKTLKK,1.0
ISFADD,0.0
LLFADGVD,1.0
VLIFTIR,1.0
VVDVWYQFAD,1.0
FLMFDD,0.0
ELMYGQE,1.0
VGLFAEDD,1.0
IIMLVGEE,1.0
LGILQTDD,1.0
FTAK,0.0
VLVTQEE,1.0
VFIYGEE,1.0
FTYK,0.0
WGFR,0.0
ILTGDAEE,1.0
IMVTELSE,1.0
MAVFSEE,1.0
LLELTLEE,1.0
ALLLKK,1.0
LGLTAMDD,1.0
WLKSK,0.0
YTPE,0.0
LWIIKK,0.0
LILTIGEE,1.0
ILFVRR,0.0
PSMRFRR,0.0
FFWMDD,0.0
FWVQPNPE,0.0
TLVDTQE,1.0
KPPRPIAR,0.0
PTSR,0.0
FWEEWFIFE,0.0
FTVSVD,1.0
VLLISSEFE,1.0
VVLSMR,1.0
LHGK,0.0
IVVMTDE,1.0
MLIYRR,1.0
YLGE,0.0
LVFIKK,0.0
VIFTTLTPR,0.0
LMLVEAAD,1.0
YVWK,0.0
LLSSDMD,1.0
LLSGMDD,1.0
LVVITDE,1.0
LLYLGTND,1.0
FEIWFTE,0.0
LAIILETD,1.0
VMVTALDD,1.0
MALAMEE,1.0
LISLNAIE,1.0
IRLIASGGFR,1.0
IVIRISAILR,1.0
IIGLSGED,1.0
KKKR,0.0
IVTLTEE,1.0
YPMYFE,0.0
MKHK,0.0
AKLLLANR,1.0
IMLALNDD,1.0
VIYGSEE,0.0
IEIFAAD,1.0
IVIEVMSE,1.0
YPWNAAE,0.0
MLTAIKK,1.0
WQED,0.0
ILAYYEE,0.0
VIFMSDE,1.0
MLFR,0.0
FWVK,0.0
IGPMGVTAD,1.0
LLELSSVVMD,1.0
AWDLD,0.0
IINDVIFEPE,1.0
IPEFYE,0.0
WIVDD,0.0
YWGED,0.0
MLYMADD,0.0
FLFEGSD,0.0
LIGVESTE,1.0
QHMK,0.0
FLFEE,0.0
LIIMDGD,1.0
PMHSILE,0.0
MTID,0.0
LLWFVTKWK,1.0
IIIKKQR,1.0
IIGLDD,1.0
FLIIGSEE,1.0
GMFVANLD,1.0
IVIWGDED,0.0
MTIWSMD,0.0
LFMLED,1.0
FWMSE,0.0
AVVMAADD,1.0
FLAGIVLGD,1.0
LFVVKK,0.0
ILGVVADTE,1.0
SPLEE,0.0
IVLFQAEE,1.0
ALVSLVED,1.0
GPPANSME,1.0
YFGME,0.0
FIMTAKK,0.0
AIIISEE,1.0
FLHFILFHK,0.0
YMYLED,0.0
IVGLNKK,1.0
MFMKATR,1.0
IMGIGGDD,1.0
VSEMTD,1.0
AKYR,0.0
APYR,0.0
IVWR,0.0
WRNWFLNR,0.0
LALKSVR,1.0
HIWR,0.0
LAIGWYIMLR,1.0
VFVVDD,0.0
IALKQASIFR,1.0
YKLRR,0.0
GPLTLDNWE,1.0
LFTAVDD,1.0
LLLQIIEE,1.0
FVYGAEE,1.0
IFLTTEE,1.0
WFLFDD,0.0
PWSFLR,0.0
AIVNAMDD,1.0
YPRMR,0.0
VIAYD,1.0
IEIFTTE,1.0
VAVVHEE,1.0
YYRKIR,0.0
LSLGVKK,1.0
GPAAND,1.0
IYFPHNWGE,0.0
WMWFD,0.0
LVLIVK,1.0
VIFFEE,1.0
WIPDD,0.0
DLVSQVE,1.0
LWMFEE,0.0
VLMSAAVR,1.0
LEIESGE,1.0
FPMHK,0.0
MVLLASDD,1.0
VEVITGE,1.0
HYGE,0.0
LIIHAANIHR,1.0
VLVKQAAIIR,1.0
DESD,0.0
VILYQEE,1.0
PSFPNDDD,0.0
VILYQTYKGK,1.0
IYFQAEE,0.0
APTR,0.0
LMLTQEE,1.0
IYPIMD,0.0
FWLWKK,0.0
FMFLKK,1.0
YDAAE,0.0
LMFATAEILD,1.0
IIFIIEE,0.0
FLILD,0.0
MLFAFEE,1.0
VMMMSKK,1.0
VWLKK,0.0
LILELEE,1.0
WARR,0.0
ILVGVDAFD,1.0
FSDE,0.0
VIAKPPK,1.0
ILITIDD,1.0
LIVSAKGGNR,1.0
IGLSMED,1.0
LYITIEE,0.0
VMDDGND,1.0
ELLGANSE,1.0
IFIISDIE,1.0
WVIIEE,1.0
LLISEGGVE,1.0
IMSLAAALNR,1.0
MLLSSAEE,1.0
FHLFFINVE,0.0
LAVVRAAAIK,1.0
IVMTAADD,1.0
WMID,0.0
MLLFADD,1.0
VLIKMSALFR,1.0
VALID,1.0
VWVE,0.0
FVTEND,0.0
ILLMDTE,1.0
LVVAFDD,1.0
LAIESD,1.0
FLLMKK,0.0
LMLTGVDD,1.0
ILESGIE,1.0
PELQFDMID,1.0
FAFGIE,0.0
MFLSSEE,0.0
MIVKLSR,1.0
IKILNTK,1.0
AYIEADE,1.0
YWGQVTR,0.0
VFVVAKK,1.0
VMILEE,1.0
IFDDESE,1.0
VIINFED,1.0
AIVFDQE,1.0
FLHNLR,1.0
SFLR,0.0
VPLYIGGNGD,1.0
IFQHAILGE,1.0
WGWK,0.0
VGDYGD,1.0
IIIMKK,1.0
PTVLVDD,1.0
LLESDID,1.0
VITEIDD,1.0
LYFE,0.0
WWSGE,0.0
FFRR,0.0
VVFFKK,1.0
INLAIIVQIE,1.0
KITR,0.0
VLLAADTLFD,1.0
FVTFAGTK,0.0
LWWFKK,0.0
PVTD,0.0
FLYNVDD,0.0
KKWK,0.0
TLGMSK,1.0
IFVKGGAGLR,1.0
VMSMDLMSD,1.0
VLLFKK,1.0
VVVAGKK,1.0
YMLATEE,0.0
YYATED,0.0
PADWD,0.0
LLVAGTLALR,1.0
VLHMEE,0.0
WWLR,0.0
LVLEDPMD,1.0
ILIYNDD,1.0
EMITGND,1.0
FIYTEE,0.0
FAFFIEWDGE,1.0
LVGLGSVGD,1.0
MAFLMR,1.0
IIIDSWD,1.0
PNFHLIQE,1.0
GKKR,0.0
MKRLHK,0.0
VWWGD,0.0
MPYIIK,0.0
ILWSMK,0.0
DMTD,0.0
MVFMKK,1.0
LWIGGR,0.0
MLWYYAPHR,0.0
AKMK,0.0
WYAD,0.0
WIIGE,0.0
MFMNETE,0.0
AQTD,0.0
AWVGNK,0.0
FKLFR,0.0
INPPGEDE,0.0
LVIVKAAALR,1.0
LIHK,0.0
ILVTTKK,1.0
VMITGSEE,1.0
FWMKK,0.0
VMSTAD,1.0
LQAD,0.0
ILVMKK,1.0
LVLWDD,1.0
PFHPEE,0.0
VWVLQAE,0.0
MFNKKLAR,1.0
DIYEAME,0.0
LWIAEND,0.0
LIGLHDD,1.0
MVILHEE,1.0
FVAYADD,0.0
FQIK,0.0
IMRVSAK,0.0
VVIHDIE,0.0
YAWVE,0.0
IFNGKK,0.0
VIVAAADDD,1.0
SILVVYVE,1.0
YIGYIDE,0.0
YHMD,0.0
ILVWIEE,1.0
GWGGQR,0.0
ILKVKAAILR,1.0
PWPLSE,0.0
IISVAGDVFD,1.0
VVVAAAEEE,1.0
ILFFKK,1.0
LLVFTDE,1.0
VYGAR,0.0
LAILVSDNFD,1.0
PVIPWYR,0.0
VELLGSD,1.0
FYYADD,0.0
YFIQDD,0.0
ITPPTLFGPE,1.0
IAVIKTK,1.0
ILAKKAALR,1.0
GVKMGLTGR,1.0
IYLWE,0.0
ILFMKK,0.0
MVMVKK,1.0
MMDMTAD,1.0
LLGKAKALR,1.0
MIWFKK,1.0
MKTR,0.0
ILGIAAVDD,1.0
VTLAYE,1.0
IAFNTEE,0.0
IFMMDD,0.0
IFSE,0.0
PKFIWR,0.0
VLMTQKK,1.0
VVFETTD,0.0
FMWEE,0.0
VFTVKK,0.0
PPWK,0.0
IQVFEAE,1.0
LGWFKFQK,0.0
VPIK,0.0
LVIMEE,1.0
WWVK,0.0
LLQQWFK,1.0
KTAR,0.0
IKAWR,0.0
EWLMSD,0.0
ILLWAEE,1.0
VAIAELGGQD,1.0
IFSAEMAE,1.0
PMPR,0.0
FIYEE,0.0
VVLSNDD,1.0
MWAMDD,0.0
LGMISEE,1.0
WMQFD,0.0
LVFGGEEID,1.0
LVFGLFFTE,0.0
IVIKTNK,1.0
WYHR,0.0
EWILFD,0.0
YIRVR,0.0
MITVAVEE,1.0
YRKK,0.0
YWVNE,0.0
WNPIK,0.0
WVGMR,0.0
DMAYIILE,1.0
WWTE,0.0
FIYGMDD,0.0
MYFKK,0.0
IWLMEE,0.0
VATIR,1.0
LILFKR,1.0
FHSR,0.0
VFLHEGE,1.0
LMLAEIHNE,1.0
QLPLWR,0.0
IWAGR,0.0
ILSVAEEAID,1.0
LWVR,0.0
AIEVTD,1.0
KLVGGGAILR,1.0
MYNPHE,0.0
LFVFEGD,1.0
PLIPSMIMQE,1.0
LVSAFEE,1.0
FYTGD,0.0
YVFK,0.0
LFFVKK,1.0
SPNIWD,0.0
LVYVADD,1.0
IISIAEE,1.0
FMVSEEGD,0.0
LHLMHPVD,1.0
VVIWKK,0.0
VMEVDAD,1.0
EAIWLD,0.0
SPQD,0.0
LVSIADGIE,1.0
FGWD,0.0
TWMD,0.0
IFIMKK,0.0
MVFVDD,1.0
LFGYNDD,1.0
MGLEAGGGD,1.0
QQWVR,0.0
WLWR,0.0
LFMHIDE,0.0
VGLIDAED,1.0
LLKLSSR,1.0
TYSD,0.0
PMNLSIEE,1.0
VLMWKK,1.0
IILGVEEAD,1.0
MVITGKK,1.0
LLVSSKK,1.0
LKVIARK,1.0
WQDVD,0.0
DIWD,0.0
LSIYAGAYE,1.0
WSGD,0.0
IFIIEE,1.0
GPKR,0.0
LMVAKTQIFR,1.0
VLAYEE,1.0
HIPR,0.0
YQPE,0.0
EHGE,0.0
YYLRGR,0.0
IVMKLKKWR,1.0
RVAAK,0.0
MPWHK,0.0
LLLAKIAIFR,1.0
MIMKHGK,1.0
MVTNVED,1.0
FMAITDD,1.0
FYGTIILR,1.0
SFTD,0.0
IEHGE,0.0
MDILE,0.0
LHVE,0.0
FFLSRK,0.0
VMILNKK,1.0
LLFSGED,1.0
ILYSYFQEE,0.0
IDYMED,0.0
IFAAID,1.0
VVTHK,1.0
LFEVLSE,1.0
AVYK,0.0
PWED,0.0
VHLFQVAK,1.0
IYNKAK,0.0
ALLALRR,1.0
LEYE,0.0
VLDIISD,1.0
WFQEE,0.0
PWDQVD,0.0
LAIQKKK,1.0
LLSAVEE,1.0
IMYAVEE,0.0
VLIADADFLD,1.0
FWLVEE,0.0
MTYQE,0.0
IQMLAIE,1.0
IFSAIR,1.0
IILFYR,1.0
KLIMAGR,1.0
GVLFALDD,1.0
VWIMKK,0.0
LLVDIEGE,1.0
IIKSVSK,1.0
LMYSGDD,1.0
VIAEE,1.0
LDISLGE,1.0
WHVD,0.0
EYMSE,0.0
WILDD,0.0
LYIEEDE,1.0
MDILGAAE,1.0
IAALVIK,1.0
PIVLIVKK,1.0
ILVGLQEE,1.0
MYQIITD,0.0
VWVRAR,0.0
MFLAKTR,1.0
KIIR,0.0
GIWE,0.0
FFQMQPK,0.0
LYDVSGD,0.0
ELVIAND,1.0
WVLMKK,0.0
IVVAYKK,1.0
VAIGGEAE,1.0
WHAD,0.0
FIALNDD,1.0
LVYMGDE,1.0
LMGHAEE,1.0
WMKATAVAR,1.0
MSGE,0.0
ISPFDWMNE,1.0
LHDFD,0.0
LQWPK,0.0
WVQK,0.0
FMVMTRR,0.0
LIATMDAE,1.0
MVSIADD,1.0
IYQPKK,0.0
IEFTDAD,0.0
VLIMIDD,1.0
QIWR,0.0
WWIWEE,0.0
IFHLEAE,0.0
LIYAIDD,1.0
LFISQDD,0.0
WPKSAQR,0.0
IMVIVADD,1.0
LMMHYGE,1.0
VWYKK,0.0
LVIAEADLGD,1.0
IYIEE,0.0
IVIIDD,1.0
IFGAVDD,1.0
VILMNAEE,1.0
FMWDVNGD,0.0
WVVHE,0.0
LSMSDE,1.0
GWMSE,0.0
HIIISMVE,1.0
LGVISEGGD,1.0
WGSR,0.0
PWYRGQR,0.0
MVLAIATD,1.0
YKMMR,0.0
IHMLSE,0.0
IMLASFEE,1.0
GIVLYDD,1.0
LVHINEE,1.0
YMFED,0.0
VVLWKK,0.0
LFIMMWFR,1.0
MFLVSEE,1.0
LWTIK,0.0
VVMMSKK,1.0
NWFK,0.0
MFMIVYFWYD,1.0
FLRVK,0.0
YFISR,0.0
ELVHQLE,0.0
YVHVD,0.0
VLMMKK,1.0
LSVIVDD,1.0
LFVGEE,0.0
EVISAEQD,1.0
KYFLR,0.0
IIAVLSEE,1.0
DFED,0.0
VKMLITR,1.0
FAMIEDE,1.0
APATPMK,1.0
YNIFD,0.0
IIVHNKK,1.0
ILLGAAKK,1.0
IIISADQID,1.0
FKSNYAR,0.0
LLEYSGD,1.0
VWYHSD,0.0
MVVGHDD,1.0
TNYR,0.0
VLKILASR,1.0
FKMMVLPK,1.0
VPYR,0.0
DFWSED,0.0
LFAKNAR,0.0
IMMLMEE,1.0
VTLSDD,1.0
PFSHDME,0.0
VVVFKK,1.0
ILWAAVED,1.0
IVISARR,1.0
SMYFE,0.0
MMLSTEE,1.0
YSED,0.0
LLVASDLQFE,1.0
VIIASVEE,1.0
ILVEE,1.0
IVMTDED,1.0
ILSMAK,1.0
IVYSEE,0.0
ILGAVKAITK,1.0
VVVILYEE,1.0
LPRGYR,0.0
FYVKK,0.0
NKWK,0.0
IWGFK,0.0
VVAKKNALLR,1.0
PDVYEE,0.0
WLLRK,0.0
WQKK,0.0
VLSIQED,1.0
FMWFKK,0.0
IMMIHDE,1.0
WTLPDSE,0.0
PYTHD,0.0
PYYTGVR,0.0
LYQHD,0.0
MLTTLIEE,1.0
KLIVAKR,1.0
LLASQEE,1.0
VSVMDD,1.0
ALMMTEE,1.0
LIMFVE,1.0
AVSLTD,1.0
GLYQLK,1.0
FMIHEE,0.0
VVFIETD,1.0
IVFLDD,0.0
AFLDQAD,1.0
AMWAK,0.0
FVLVKK,1.0
FVMVEE,1.0
FLSFGEE,0.0
WPNPEE,0.0
VFIHDIE,0.0
LMAVWAR,1.0
SMPD,0.0
MFFLEE,0.0
FTKQK,0.0
LLVNLEE,1.0
GFLETE,0.0
VWAEE,0.0
SVIATVRR,1.0
VYISDGE,0.0
ITLIIEE,1.0
WMHYR,0.0
YSIR,0.0
TLPTFFR,0.0
VIMSYDD,1.0
HPIK,0.0
QVWK,0.0
FGGMLWR,1.0
LIMHSEE,1.0
MYTTGD,0.0
YGTPD,0.0
LLSEVMTE,1.0
LVGFTDD,1.0
YMHR,0.0
VIPE,0.0
LAISVEDLD,1.0
LEIISEGTE,1.0
VIIDD,1.0
KIGLK,0.0
ILAFQKK,0.0
HIPELTE,0.0
APMR,0.0
ITIIDD,1.0
YIIALEE,1.0
ADYLVVE,1.0
MFQESVLVGE,1.0
IIGAED,1.0
PPQD,0.0
IVIWSRR,1.0
VMWAEDD,1.0
YIEIDAD,0.0
AWIE,0.0
MFFIDD,0.0
FIAEGIE,1.0
VLGGGMIRK,1.0
MFVWEE,0.0
IMLANIDD,1.0
MLKIAIR,1.0
WDMLHSD,0.0
ILIINSDD,1.0
FWELTE,0.0
ILHIQEE,1.0
GFMTDGE,1.0
FLFRLLR,0.0
IFFVNDD,1.0
FAGVVR,1.0
LLAGESD,1.0
VLMAKVR,1.0
LVLVAQEAD,1.0
PDID,0.0
FTFWE,0.0
LYGISISD,1.0
VFTYENYPAE,0.0
IGFLIE,1.0
VLIMHGEE,1.0
TTPPLPD,0.0
MMVGHEE,1.0
IWFLEE,0.0
MFWMEE,1.0
FIVNEAGD,1.0
MFAKK,0.0
LPDD,0.0
YVEAIAE,1.0
YAIGAK,0.0
FLVSKK,0.0
WGFGFGD,1.0
IVIHGEE,1.0
WFQR,0.0
FTVAR,0.0
MKLK,0.0
FLVNDSD,1.0
EYGNED,0.0
LGLVKSAILR,1.0
IIVVKK,1.0
FVIVDD,1.0
LIAFSKR,1.0
KSVR,0.0
LYYK,0.0
MLFFKK,0.0
VLVDD,1.0
VLIYTDD,1.0
IVILQKK,1.0
VMRSWK,0.0
VLKLAIR,1.0
YWVR,0.0
VGFFNYSPD,1.0
VIIDTSE,1.0
LFGHTPD,1.0
MMLGGIEE,1.0
FYYIMTK,0.0
IYFSEE,0.0
LAFVESD,1.0
LSLIIEQD,1.0
AWDMD,0.0
WVTKK,0.0
LSLIEE,1.0
WIQD,0.0
GIIFADD,1.0
QPFE,0.0
LYLEETE,1.0
LLFFKK,1.0
AVALYQD,1.0
YLLPD,0.0
IWWMKK,0.0
VLTSD,1.0
LWVDE,0.0
YSFLHE,0.0
FILYSEE,1.0
LMIFEE,1.0
AAPFMTGGD,1.0
FLED,0.0
ILVGHEE,1.0
LVAIIAETD,1.0
KMTRK,0.0
VVVLVRK,1.0
VWDQEE,0.0
FYVR,0.0
VFVASRR,1.0
IIVSDFE,1.0
LVITGADD,1.0
MWFK,0.0
IMVKSGR,1.0
MMVFVAHYE,1.0
LDFVSLE,1.0
IMMIHKK,1.0
LFIKKMNGR,1.0
IIVWKK,1.0
FGWLNQR,0.0
VGLNTPR,1.0
VLTGADD,1.0
PHLFRPK,0.0
WDFE,0.0
LFWRRNPR,0.0
IVLTQEE,1.0
VVKMALR,1.0
ILTVQKK,1.0
LLVSDGD,1.0
MISVDGAE,1.0
KVIMTAK,1.0
PTYR,0.0
VMLHRR,1.0
FDIYE,0.0
NPPLNSIAE,1.0
WFVIEE,0.0
MYISKK,0.0
NWWK,0.0
IISFAEE,0.0
MYGK,0.0
YIEDAIPPSE,1.0
AFYPD,0.0
QWED,0.0
ILKAVAAFVR,1.0
FVLQLWVE,1.0
TIYIE,0.0
QVWR,0.0
LFGVSEE,1.0
LIIGNSDE,1.0
IMAYGEAID,1.0
NLWPR,0.0
MFQAVGDD,1.0
MLLATDD,1.0
ALIMAKR,1.0
KISK,0.0
TFPE,0.0
VLAMVDD,1.0
WTRK,0.0
IIAEE,1.0
LVFQAEE,1.0
VFTISED,0.0
AMFDSE,0.0
ILEMWILE,1.0
ILIMDDALD,1.0
ILVVDD,1.0
MAYWE,0.0
FVTKK,0.0
LLILEE,1.0
VPYE,0.0
LLTWAEE,1.0
VVIKK,1.0
LVVMKK,1.0
WMKR,0.0
IFDAEDE,0.0
ITIIIE,1.0
VEMDMSPIDE,1.0
PFWHMMDED,0.0
WMVK,0.0
DLLPE,0.0
LIAVGADMD,1.0
ALLMSRK,1.0
TVFR,0.0
GLFYADD,1.0
LELAELGTE,1.0
LIYGSDD,1.0
TVVIK,1.0
WVHD,0.0
LHSVVE,0.0
LAMVGADLE,1.0
WIYK,0.0
TFFVME,0.0
LIQITELE,1.0
LIDMSDE,1.0
IMMVKK,1.0
VYDAD,0.0
LLIYEGE,1.0
IYMIED,0.0
EFADVGD,0.0
YWDE,0.0
MELTAEE,1.0
FVAFAEE,0.0
ILIAGKK,1.0
IAVVEAITD,1.0
ILVNVKK,1.0
LLMVEE,1.0
ILAEE,1.0
WEVGTE,0.0
WADE,0.0
FIVNAKK,0.0
KKAK,0.0
YMELE,0.0
IIAEIWE,1.0
PIVSLD,1.0
LALLGAAALR,1.0
ILASDD,1.0
DPDWE,0.0
LFKKAAK,0.0
WIIR,0.0
LSWID,0.0
VVVFDQDE,1.0
FLNAPHD,0.0
LILSDSLGD,1.0
FGAYEDD,0.0
ILIIGSDD,1.0
VWMWEE,0.0
VIVHAKK,1.0
LILGEADLE,1.0
YSVLE,0.0
IFFMDD,0.0
MIVSVDAILD,1.0
VIWEE,0.0
LMHE,0.0
MSIRKR,0.0
YTQK,0.0
PAPR,0.0
LEEMTMD,1.0
VLMAKK,1.0
LSVMTDD,1.0
WWFLEE,0.0
IVGSYFLKR,1.0
LFAIDQALD,1.0
WDSE,0.0
IIAELSD,1.0
PFSQSK,0.0
LLITGTEE,1.0
VTVWIPQQD,0.0
RFRK,0.0
LSIIVQEE,1.0
VKFRR,0.0
WLVRK,0.0
IMSAMEE,1.0
ILLQISEE,1.0
LAFWD,0.0
LIISDAIAHD,1.0
MFLEGSD,1.0
LLIVESEID,1.0
ILLGTLEE,1.0
IVSVVAGDD,1.0
WVMYR,0.0
FIINKK,0.0
AMLAAAEE,1.0
VLGVISKK,1.0
DVFD,0.0
LLEVSVVTE,1.0
PFPD,0.0
LSLDDD,1.0
VFVKK,0.0
VVIQWTMANR,1.0
VAIFID,1.0
MVLIEE,1.0
PIKLANR,1.0
MVQAIVND,1.0
LEIVDAALD,1.0
LVKIGTR,1.0
PTKAQK,0.0
KWRAK,0.0
FFYYYAR,0.0
LFILE,1.0
WMMDD,0.0
VLVDTGE,1.0
LMLIGDD,1.0
ILIYYEE,0.0
NFLLVPQQD,0.0
MIIGNEDD,1.0
IVGYVVDD,1.0
VMLEEESE,1.0
KIGYQK,0.0
FILINDD,1.0
IVVFSKK,1.0
FMLANKK,0.0
LWHFE,0.0
MHWR,0.0
LFNAFDD,1.0
IFLSIDD,0.0
MLTAVEE,1.0
IEILSHD,1.0
VVVFVAAE,1.0
MAVKMAK,1.0
FHAR,0.0
LIGLSGEGNE,1.0
VIVVHKR,1.0
LIGVIADIHD,1.0
YMMLNDD,0.0
MFSR,0.0
IVDMISD,1.0
VLIISSDTD,1.0
FMGVSDD,0.0
IIAMADGLE,1.0
ILVMASDLID,1.0
PHLK,0.0
IKVR,0.0
ILSYQDD,1.0
VFVFDD,0.0
MRSK,0.0
LTPGR,0.0
IELLEDD,1.0
MMESITE,1.0
LPSD,0.0
WVEMDD,0.0
TKVRR,0.0
LTWVPIASK,1.0
TVYMD,0.0
MFFEE,0.0
TYLK,0.0
ITLQLDD,1.0
VLIVLEE,1.0
FIVEAGD,0.0
ILLYLNK,1.0
ITYRR,0.0
VLIMD,1.0
VPSIE,0.0
WNAE,0.0
MLETGSD,1.0
MVWLKK,0.0
LLMNTKK,1.0
WNWR,0.0
IVVVKK,1.0
ALLIAED,1.0
GMGTNK,1.0
FFIAEED,0.0
MIEMALAD,1.0
TLLAMEGD,1.0
FNVWD,0.0
IFVIDD,1.0
FLWIEE,0.0
LVIVDDGGD,1.0
FVNISEE,1.0
IFMTIKR,0.0
LLGYEAELD,1.0
ILLQKHK,1.0
VMWWKK,0.0
APAK,0.0
VLVSILTNE,1.0
VVLVVHEE,1.0
LLLSTDD,1.0
LFMVKK,0.0
LYSLDGE,1.0
LLKMKTK,1.0
KSYR,0.0
ILTNIVEE,1.0
FVMD,0.0
IIVAKGQIHR,1.0
NLLPLTYVE,1.0
IRPVLVWAR,1.0
ILAAMAIDD,1.0
LLYSVAELLD,1.0
IFAQMDGE,1.0
PVWK,0.0
FIEFPE,0.0
LIMANAEID,1.0
AEIVAAD,1.0
MLFMKSK,1.0
MLISLEE,1.0
FVSLPD,0.0
KFMK,0.0
LVGIMQEE,1.0
ITTR,0.0
IMLANAEE,1.0
FEMLD,0.0
VYFE,0.0
ILTFDNHE,1.0
KVIRVR,0.0
DFPEE,0.0
YLAR,0.0
LVLAAAGDD,1.0
LILALSELD,1.0
IFDLSAD,1.0
ILESIIND,1.0
ILMTAEE,1.0
PMDHVE,0.0
DMLGGAGD,1.0
KTGK,0.0
MFMNDTE,1.0
MMAKK,0.0
IVILKK,1.0
IVFSDQE,1.0
HLIK,0.0
SVPSE,0.0
VLMLIEE,1.0
IVMTMKK,1.0
AFFIAD,0.0
ILPPE,0.0
EIVGTQVE,1.0
IVLVAGETD,1.0
HKAR,0.0
VLNIHDD,1.0
WMVDD,0.0
KMAR,0.0
LAVYGGELD,1.0
LFAR,0.0
TIIAVDD,1.0
IRNVWLSWR,0.0
DMLVTAD,1.0
MFIK,0.0
QWKQK,0.0
VIMSGED,1.0
PQYFVLGNMR,0.0
VVVSKAGLVR,1.0
QWMLVR,0.0
IYALYLAK,1.0
WPVFQIAE,1.0
KTFR,0.0
LMFKMSR,1.0
FGSR,0.0
IIAEMSD,1.0
FMLQSEE,1.0
LMLSNAED,1.0
YFHR,0.0
ILLQDD,1.0
IVVWDD,0.0
LIEAELDD,1.0
VLMSMRK,1.0
ILITAMDD,1.0
FAIYAEE,0.0
VLVMAALDD,1.0
WIWEE,0.0
AWPGGD,0.0
GYLWE,0.0
VITVAVDD,1.0
LFMETQE,0.0
PTWD,0.0
VIIMTKK,1.0
MWWVKK,0.0
LMIAAADLE,1.0
WFYEE,0.0
VYVEE,0.0
KLLVQAK,1.0
LGLYSEE,1.0
GVMGLNTEED,1.0
ISYRR,0.0
EPVE,0.0
WWLSR,0.0
PGTD,0.0
ALPE,0.0
KILSHK,1.0
LIMQATDD,1.0
MSVSLK,1.0
VVAKSAK,1.0
WYTIFD,0.0
PWIIRAMR,0.0
MAIAMTEE,1.0
HKVR,0.0
IVMAAGIDD,1.0
KLYRK,0.0
LVFDNAE,1.0
ILSMDAALE,1.0
ILMNYKK,0.0
IVDLGGD,1.0
VFFDD,0.0
FMILVSR,1.0
AILGGTDD,1.0
MPDPLD,0.0
FRAAWR,0.0
LLFSLDD,1.0
PFPR,0.0
LILFEE,1.0
MYVFYK,0.0
MPARLR,0.0
WARLK,0.0
PYGIQTSR,0.0
WIFWKK,0.0
LYKWNMGSK,1.0
KMLRK,0.0
YIWWVR,0.0
GWSE,0.0
MGYKR,0.0
FQIHR,0.0
HVLE,0.0
VIGVYIED,1.0
HIYGNE,0.0
PSQIMTR,1.0
KIIIITK,1.0
LILMKK,1.0
ETAD,0.0
LWFLKK,0.0
FYLEE,0.0
LIDDIGAE,1.0
LFVLEAE,1.0
VQAIMEGWD,1.0
YMLE,0.0
FWRMNR,0.0
EMFD,0.0
IILISDEID,1.0
FFVK,0.0
VAPD,0.0
APHK,0.0
EIWSME,0.0
ELVLNAD,1.0
VILVEE,1.0
ILVIQSDID,1.0
IILTNDD,1.0
DLLVADD,1.0
TIWE,0.0
PVPVDALAD,1.0
LVIVAKTQLR,1.0
LSPD,0.0
RPVLPKK,0.0
FFWK,0.0
EIFGTTE,0.0
WLIEE,0.0
VHMLATE,1.0
IISQKK,1.0
VFIWEE,1.0
LIVSMQTMR,1.0
ILALAMAALK,1.0
FVWIDD,0.0
LKVYAGR,1.0
MVILAKR,1.0
ILALAEAGD,1.0
VLVVISEE,1.0
AIVSVDALD,1.0
LMWWEE,0.0
