IFSLGSQWE,1.0
TLLIK,0.0
QLIYE,0.0
MLVASEAID,1.0
YMYVEE,1.0
PHGR,0.0
MESE,0.0
AFYSNE,0.0
AVLEWD,0.0
IMVIDD,1.0
AFGVLID,0.0
LLIVFGLAK,1.0
MLTEE,1.0
LLSAK,1.0
YFHR,0.0
PGIDISE,0.0
LVWMADE,1.0
LIITLEAD,1.0
AIIKK,0.0
FWVK,0.0
MLYMADD,1.0
QYGFPIE,0.0
VVFETTD,1.0
VYHMMR,1.0
LVFGLFFTE,1.0
AVVNDFFD,0.0
VVFLDGD,0.0
LVLSMKK,1.0
AFVK,0.0
IISAFSQYD,1.0
LVSTILDD,1.0
YVVLAGEE,1.0
MMMHVEE,1.0
IMSVDAD,1.0
LLKSSIK,1.0
MLTTEE,1.0
QIFSK,0.0
IITSK,0.0
YMSR,0.0
VMEVDAD,1.0
VIVYAEE,1.0
EFYQME,0.0
YPRMR,0.0
ISPFDWMNE,1.0
LMIWMELD,1.0
LIVVEE,1.0
NPIAIK,0.0
FMMEHGE,1.0
AVFLSEE,0.0
KIHGIK,1.0
GYAK,0.0
YIMIRR,1.0
YPATE,0.0
PSITE,0.0
KKGK,0.0
LIHMEQD,1.0
LLLGAAADD,1.0
IMLQKK,0.0
VITVDDGLD,1.0
VSKR,0.0
WLFMEE,1.0
LLIVSNEE,1.0
LYLRKRK,1.0
VAVVAAKQLR,0.0
YIRVR,0.0
FIWIEE,0.0
FFMGEE,1.0
MMYEE,0.0
MLNGISDD,1.0
ILWFEE,0.0
VIKVGSK,1.0
LIYNVED,1.0
NWTE,0.0
EYTE,0.0
IFIWKNYAK,1.0
IMVWEE,0.0
FANWYDLNE,1.0
AFFIAD,0.0
ITLQLDD,1.0
IHMGGE,0.0
VMYLSEE,0.0
IHMLSE,1.0
PWED,0.0
MVAGLTEE,1.0
GIKK,0.0
GISK,0.0
FFLYR,1.0
WANVAD,0.0
FMIADSE,1.0
MFMIVYFWYD,1.0
MFINSDE,1.0
LLKNLLK,1.0
IMHIGDGE,1.0
MHVD,0.0
MWPFNYTE,1.0
WLLE,0.0
LYTAE,0.0
FYED,0.0
PISD,0.0
GITAK,0.0
IPEFSQQLFD,1.0
VVYGADD,1.0
AFTE,0.0
GLAFNHK,0.0
MWDIND,1.0
KWLNSK,1.0
MFTGKK,1.0
WFDMPASED,1.0
MLFAFEE,1.0
WPWYE,0.0
VLIIAGDD,1.0
MTGE,0.0
MELTAEE,1.0
VGIISIDD,0.0
GFLETE,0.0
IVLFQAEE,1.0
MLLSSAEE,1.0
LYFQFD,0.0
LLSMISDD,1.0
LYILARR,1.0
YMLENVGD,1.0
AFIR,0.0
HIYR,0.0
MYFE,0.0
GIATK,0.0
FLIKK,1.0
YLIR,0.0
YWFNAASQR,1.0
IFSE,0.0
YGMR,0.0
IPNVSE,1.0
ELID,0.0
IWMQFSD,1.0
LILGEADLE,1.0
IVLLNDE,1.0
FWIGD,0.0
WFVSNGAE,1.0
MTDFAE,0.0
AVLIHDD,0.0
FLSFGEE,1.0
WIRLAPLK,1.0
SIIAIDD,0.0
YLMMIDD,1.0
WGGIQD,0.0
IQYK,0.0
WGSR,0.0
LVIHSED,1.0
YGYGK,0.0
TMIK,0.0
YYLGK,0.0
MIISEADID,1.0
YTAR,0.0
PLHE,0.0
EVVASAGD,1.0
IVMVGAADD,1.0
ALMSGEE,0.0
GFYWAANNR,1.0
LVPHVMQIND,1.0
AADD,0.0
LDEWE,0.0
PVLKR,0.0
FNISVED,1.0
PLID,0.0
IVWHLEE,1.0
LMIIADD,1.0
IINLPVFEE,1.0
VLWID,0.0
LVFKANR,1.0
VLEFAND,1.0
FVTFAGTK,1.0
VIGLSDLE,1.0
YYRKIR,0.0
MAKMK,0.0
MLFR,0.0
WVFK,0.0
IWRK,0.0
YLIYD,0.0
MLELLDDE,1.0
IIIIYPVPPE,1.0
ILVGVDAFD,1.0
IIEMDTE,1.0
LEIIEGGTD,1.0
IFQHAILGE,1.0
MKLVR,0.0
VVLSTRR,1.0
IYLWE,0.0
VMSTAD,0.0
VTIWGTK,0.0
AIMMQGD,0.0
LVLESD,0.0
LLMVEE,0.0
FMMISGEE,0.0
ILFVRR,0.0
FIWLEE,0.0
LHVE,0.0
LIFDAAE,1.0
WRFQNPLMK,1.0
FMEIMLD,0.0
ILMVQGDD,1.0
LIGDAIVE,1.0
KKNK,0.0
LIDWD,0.0
YIDD,0.0
LFLSQEE,1.0
IIGKYAR,1.0
YGDD,0.0
LFVGEE,0.0
MEGVTD,0.0
ILLKVSR,1.0
ELVAMSIE,1.0
LIIFIK,0.0
LSIIMDD,0.0
HPTK,0.0
LIGLHDD,1.0
LYSLDGE,1.0
PHHAE,0.0
EHVD,0.0
LLWIKK,0.0
KVYR,0.0
VKYKR,0.0
VVYDD,1.0
IVGVKHR,1.0
AEIVAAD,0.0
IITIWDD,1.0
LFMYMPVYE,1.0
YVHQAR,0.0
WMMK,0.0
PFPPRR,0.0
YYPWE,1.0
FLLMKK,0.0
VMMLATEE,1.0
YIVRYVR,1.0
VMGLAKK,0.0
LTED,0.0
LFIMNADD,1.0
TIWD,0.0
LLISGDD,1.0
YQPPPPME,0.0
FFMMEE,1.0
HKVR,0.0
MPHGLQMYFK,1.0
MYMYAEE,1.0
FFIAEED,0.0
IELYHE,1.0
GYLWE,0.0
FIWALMAD,1.0
GLLHAEE,0.0
ILRPK,0.0
ILLLKAR,0.0
AMFWD,0.0
FEIMSD,1.0
VMMDGAD,1.0
LVIVAKTQLR,1.0
IKLMLAR,1.0
VVFGESD,1.0
KPWK,0.0
WIGPQSK,1.0
VLAEE,0.0
GILAVTDD,0.0
FPPMID,0.0
PPVRPK,0.0
WGPFND,1.0
WMAVIEE,1.0
LYIILDSE,1.0
MGVPIIR,0.0
YPMYFE,1.0
VLVMSDAE,1.0
VLYDD,0.0
IIYFMDD,1.0
LITISEE,1.0
MPTGR,0.0
WLWTPAAD,1.0
YSIR,0.0
LLTSLEE,1.0
MVMGVSEE,1.0
VFLFKK,0.0
FWLVEE,1.0
MMWNYMFQQK,1.0
SVQAK,0.0
VHSFE,0.0
IVLDTLE,1.0
ILLEMHE,1.0
IVDWAMPE,1.0
IIVAVADVE,1.0
LHGK,0.0
IVTITLDE,1.0
SADD,0.0
YIIALEE,1.0
QFLLAMKGK,1.0
IIKTGIR,1.0
IKVR,0.0
IMMIHDE,1.0
FLDAQIWD,1.0
IRPVLVWAR,1.0
IVHAEE,0.0
DWDD,0.0
RMYLMLNR,1.0
YLQFAWE,1.0
AFSE,0.0
AIVIKAR,0.0
LFTAVDD,1.0
TFPE,0.0
AWGK,0.0
SLVVQDD,0.0
LLHLQDD,1.0
FWMIKK,1.0
HPIK,0.0
NKWK,0.0
FWWLEE,1.0
FLIQQKK,1.0
LYYVTLE,1.0
FLFFAPDFD,1.0
LLSDGIE,1.0
VMWE,0.0
LSITE,0.0
IHIARLK,0.0
IMWGGDD,1.0
PIHWKK,0.0
VVMLTRK,1.0
VFYGADD,0.0
FELGQAE,1.0
DTAD,0.0
ISFR,0.0
YMTSR,1.0
MLVVGLEE,1.0
WTAIAK,1.0
MPHMGRR,1.0
PYYTGVR,1.0
DLPGWE,0.0
IKIGIAK,1.0
LKWVK,1.0
LLISSEAGD,1.0
VIISFEE,1.0
VLTMSED,0.0
YMLE,0.0
TYLQK,0.0
PPVD,0.0
LHLMVEE,1.0
VLDSIDD,0.0
NPATK,0.0
GVFTADD,0.0
VLYEAIQE,1.0
IMIWKK,1.0
LLMDTGD,1.0
MWSVRQIK,1.0
IMLANAEE,1.0
GIFGK,0.0
DMITD,0.0
MPPAVSK,1.0
ALYD,0.0
IWNHE,0.0
LVWGEAALD,1.0
QFIVIVGK,1.0
YLDLGE,0.0
SVMFNFK,0.0
WVWWEE,1.0
PKQGK,0.0
MILSGKK,1.0
FFYYYAR,1.0
HLNVE,0.0
AMPHK,0.0
MVLLMQMRR,1.0
HFWD,0.0
WITR,0.0
FLVSKK,0.0
AIIKIAR,0.0
YIVPGMRK,1.0
ELHE,0.0
ILIWEE,0.0
IMVQTID,1.0
YDID,0.0
PQWHD,0.0
MEYYLNE,1.0
TLGMSK,0.0
AFVD,0.0
VLEMAQDE,1.0
VLTAVAGK,0.0
IISMKGR,1.0
FFYMPNLPFK,1.0
GVPHINE,0.0
IFVTAAEE,1.0
WFAVK,1.0
FLLIARR,0.0
IILESGALE,1.0
ILYD,0.0
ILYE,0.0
MGYKR,0.0
GARWVIMQAR,0.0
LFVIRTR,1.0
FLVD,0.0
AVFVK,0.0
GPPANSME,0.0
LILALSELD,1.0
LSWID,0.0
IPLGLHATE,1.0
FLIMRR,0.0
LFGVADGLE,1.0
RMYR,0.0
MFYAQDD,1.0
ILIMDDALD,1.0
LVYD,0.0
LVALKRK,1.0
FFHE,0.0
APIVD,0.0
VYIQHPVGK,0.0
ISYRR,0.0
AWQK,0.0
VVMGTKK,0.0
PFYE,0.0
EFNAD,0.0
VMYEE,0.0
LVGLGSVGD,1.0
IITFKR,1.0
IFYESGD,0.0
WVGD,0.0
TLLIE,0.0
IMLSGKR,1.0
LKTK,0.0
NVLAPK,0.0
KVKR,0.0
IVYMMEE,1.0
AAAIIFYGR,0.0
LLASQEE,1.0
IWWEE,0.0
AWWE,0.0
VLIDNADE,1.0
VFED,0.0
IIAVSAEIVE,1.0
HIAK,0.0
FWELTE,1.0
MISWMRGMR,1.0
PGTD,0.0
MMSFGR,1.0
SPLK,0.0
FMYQMDD,1.0
ILVGIAEE,1.0
IIVVKK,0.0
FMAKK,0.0
FAFGIE,0.0
EYMSE,0.0
FFYEAD,0.0
WLIFEE,1.0
YSED,0.0
LLMFTR,1.0
ALWVNDE,0.0
LLLVDQAID,1.0
LVIVKAAALR,1.0
GPRGAAR,0.0
VSPWEE,0.0
LISLRGALLR,1.0
IVVMKK,0.0
RYLR,0.0
WLMAGQFD,1.0
YLYNNFLGAE,1.0
VKHIYPR,1.0
MMMMSTEE,1.0
VVLDAQD,1.0
VMLEEESE,1.0
LYVVITEE,1.0
KVMATTR,1.0
IVAGGAD,1.0
MAYAE,0.0
WIYLAGDE,1.0
GYPR,0.0
VSFK,0.0
MPLDWALNMD,1.0
LVAIKLTK,1.0
FIINSEE,0.0
ITIEE,1.0
YWIQGDE,1.0
VAYGE,0.0
MWVAE,0.0
VGIVAAIDD,0.0
MILMKK,1.0
LIMGHDD,1.0
EFTE,0.0
FVTMRK,1.0
LMLSTEE,1.0
VIWK,0.0
VLVDD,0.0
ITIIIE,0.0
VIVAK,0.0
LEFVSD,0.0
ILIINSDD,1.0
FLAAEVD,1.0
LGPK,0.0
GVVSD,0.0
EVAMGATND,1.0
LKKIAAK,1.0
FLYKTK,1.0
WVEMDD,1.0
WLVLKNAK,1.0
FIKK,0.0
YQPLK,0.0
FHGWR,0.0
ITIEGE,0.0
MMEVDTE,1.0
WWFEE,0.0
MISVNKK,1.0
WPSED,1.0
MVEYALFND,1.0
LLDFILE,1.0
MFGLAWAE,1.0
PVLITD,0.0
PWPK,0.0
DWTD,0.0
FWMNDD,1.0
LMFISEE,1.0
FMVIEE,1.0
LLYK,0.0
IFAGVEGLD,1.0
SWEE,0.0
YLQKVK,0.0
VLVHE,0.0
WVRR,0.0
EGYLWAAD,0.0
ITLE,0.0
RIIYAK,1.0
LYLYNED,1.0
GVIVD,0.0
MGYEME,0.0
LYWAADD,1.0
WYLYWNE,1.0
IVISGLDD,1.0
AWPAK,0.0
IYYYNSR,1.0
PGVPTGVR,0.0
IWGFMDD,1.0
PVED,0.0
MWIMEE,1.0
WMVLKK,0.0
VVTMIGEE,1.0
IHID,0.0
MAFTD,0.0
LMIGSDAILE,1.0
FAPNMDFE,1.0
PETLGVD,0.0
QLPLWR,0.0
VPHMNPAGR,1.0
WVLLKK,1.0
FQTE,0.0
IIWR,0.0
FVFGEDE,1.0
LMVDHGE,1.0
LILFRR,1.0
IILISDEID,1.0
LVLSGEE,1.0
IVIGGDD,1.0
SIEDE,0.0
IVSVVAGDD,1.0
FIMWEE,1.0
IPSGEAAE,1.0
IFLEE,0.0
RVLSLIR,1.0
HYIAD,0.0
EWLMSD,1.0
MFVD,0.0
MWMEE,0.0
ISFDE,0.0
LLFSGED,1.0
FVAMKNK,1.0
IVWYFYSK,1.0
LITSDD,1.0
IYAAIDE,1.0
PQMFGD,0.0
AKGR,0.0
WDPIVD,1.0
MMMYHRR,1.0
PFSQSK,0.0
FYMPR,0.0
PPWK,0.0
IFSIARR,1.0
FNFLYD,1.0
LILAAAAIRR,1.0
MWAKK,0.0
LWPIEAAD,1.0
YMPR,0.0
MFVIEE,1.0
DLVHE,0.0
WPMR,0.0
FFIE,0.0
FLWVDD,1.0
LTLD,0.0
LWHDLE,0.0
MMPELEGE,1.0
VVVSKAGLVR,1.0
ILPVHHR,1.0
DIIVAGD,0.0
MGIYADD,0.0
IEFSQDE,1.0
LMVGGKK,1.0
MSIGD,0.0
FDAD,0.0
ILTGLSGNFD,1.0
IIAMADGLE,1.0
LIVASAVDD,1.0
IVYGVED,1.0
TMKNR,0.0
MIWMTEE,1.0
HYHE,0.0
AFAFDE,0.0
LIHEIGD,1.0
FWDDD,0.0
MFWDGAE,1.0
LIRGVSK,1.0
KLIVAKR,1.0
PGLFYR,0.0
MVLMRSFGSR,1.0
FNVWD,0.0
VTIFQEE,0.0
IQITIRK,1.0
PWMR,0.0
KGAGR,0.0
DWWGD,0.0
PGVKWK,0.0
LIFSQEE,1.0
LLFKK,0.0
LHVFD,0.0
SVFVR,0.0
MLLRLSGTNK,1.0
LITYMK,1.0
VMWHE,0.0
LFIQGKR,1.0
MMASLNDD,1.0
PHNFQE,0.0
VPAGYR,0.0
MVLDTTE,1.0
FIGQWMQR,1.0
LWQSGR,1.0
FVIVDD,1.0
VIIASVEE,1.0
WYYMD,1.0
KPLIGYK,1.0
ELLGANSE,1.0
MSLLR,0.0
IIILEE,1.0
SPQD,0.0
LVVSVSDFND,1.0
GMFVANLD,0.0
FMHNLE,1.0
LIQSAK,1.0
SLYE,0.0
WRYK,1.0
ALWGD,0.0
VIWEE,0.0
YAAD,0.0
YIWLEE,1.0
IYWR,0.0
LVIIK,0.0
YWIAK,1.0
LVLVAQEAD,1.0
LFVLEAE,1.0
MFYKMKMAGR,1.0
MMTISAEE,1.0
LMMEHQD,1.0
GVVFSWK,0.0
FHLFR,0.0
IIDVASGLLD,1.0
VVVLSSDND,1.0
GMITMPD,0.0
WYYD,1.0
FFWK,0.0
LFTVARR,1.0
WGMLAVE,1.0
LLVDENSLQE,1.0
WHVD,0.0
LMEFD,1.0
IHLEE,0.0
IIMFGRR,1.0
YVYAQE,1.0
MKTR,0.0
LHVD,0.0
IIVTIADD,1.0
VIWR,0.0
MIPPTSYQR,1.0
WPNEYD,1.0
ITPYLAE,1.0
FFLSRK,0.0
FFIMFYHMD,0.0
MFILKK,1.0
LIIFEE,0.0
FILINDD,1.0
HVVAE,0.0
FPWEQLTE,1.0
FIMKK,0.0
YLMMFGK,1.0
LYYLEAE,1.0
IFGLIRR,1.0
ILYAEMD,1.0
ISIE,0.0
LFEDFD,1.0
IIIKKQR,1.0
GVEWDPE,0.0
WMGD,0.0
LYLLNDD,1.0
AHEE,0.0
HAVR,0.0
LLTDSGE,1.0
TKVK,0.0
LHLVAEE,1.0
AEAEAE,0.0
WAPMD,0.0
KFMK,0.0
MTWE,0.0
MVIKK,0.0
LFFMDD,0.0
VYLIAADD,1.0
KHNK,0.0
YIIIDSWWQD,1.0
VVYNMKR,0.0
FVLETEE,1.0
SILVVYVE,0.0
PDIMED,0.0
IISFAEE,1.0
MDILE,0.0
PQPAK,0.0
ELSYAD,0.0
LMYDEDE,1.0
IQDYD,0.0
HVIAE,0.0
IIILHRR,1.0
IFSR,0.0
SIPRMK,0.0
IWKILMAAR,1.0
MFWIKK,1.0
IKILNTK,1.0
TWMD,0.0
FTEE,0.0
VIFAYED,1.0
LVEMSLVE,1.0
LYADIAD,1.0
LIIATTEE,1.0
PRYIIYR,1.0
IMLANKK,1.0
ILLLIEE,1.0
AFVIR,0.0
IFIVQDD,1.0
IFVNSEE,1.0
LFQYEE,0.0
YYHSE,0.0
IIGYFDD,1.0
QVWR,0.0
PWTYK,0.0
WFIAADE,1.0
LIYGSDD,1.0
VYYQYNMMPR,1.0
IQQIMVTAD,1.0
LTWE,0.0
VLFAGDE,0.0
LMFSIEE,1.0
FGSEVQE,0.0
AVFIIE,0.0
LVILSSGTMK,1.0
VVIATDQD,1.0
WQVWE,0.0
DVLDD,0.0
LSFD,0.0
IALFD,0.0
FLWMEE,1.0
EMTTE,0.0
HIPELTE,0.0
VMDWD,0.0
FGAYEDD,0.0
WPITIGD,1.0
YVWD,0.0
LLAHEND,1.0
MLYADYD,1.0
HYIR,0.0
WPRIHGR,1.0
LLSAVEE,1.0
VVAAEE,1.0
ILMAAIDGD,1.0
LYDVSGD,1.0
DWIE,0.0
LVHINEE,1.0
TVTVVR,0.0
MFTEIAD,1.0
WRLR,0.0
IIAVLSEE,1.0
LTIVGED,1.0
EPWGME,0.0
IMLKALR,1.0
VSWE,0.0
EAYQIE,0.0
LAYEE,0.0
FWQDYNYD,1.0
GIMLVHGMID,0.0
FSWGIE,0.0
AWQD,0.0
GPAAND,0.0
VVDVTD,0.0
WAQR,0.0
ISPVSDE,1.0
TIMKK,0.0
WMLMEE,1.0
KWVR,0.0
LLAVVAKGHR,1.0
VFYTLHR,1.0
YNVK,0.0
IVMTDED,1.0
VAQWK,0.0
LLHISEE,1.0
EMLFNFINE,1.0
YISLLEE,1.0
VLIMD,0.0
FWIVEE,1.0
FFINGEE,1.0
ILSFNDD,0.0
HILE,0.0
YYGIR,0.0
ITVAATPMR,1.0
ALQAD,0.0
LVSIADGIE,1.0
QWFLLE,0.0
MWWIEE,1.0
VIVLEE,0.0
LELD,0.0
WMLLEE,1.0
MFMKATR,1.0
LIAFSKR,1.0
YMMEAAD,0.0
TLLE,0.0
YVDAMD,1.0
PNYNWNPE,0.0
LVIVTDAID,1.0
WIIFEE,0.0
AFIE,0.0
WVDITD,1.0
ILFFQRR,1.0
FYMEE,0.0
AVSLTD,0.0
FILVETD,1.0
MYLKK,0.0
LHQE,0.0
MEALTGGE,1.0
LWIIIDD,1.0
VMWAQYVME,1.0
VFIWEE,0.0
LIWLEE,1.0
VFTVKK,0.0
LALVSAVDD,1.0
AVLWE,0.0
VVVIAVADD,1.0
VAQIPEAD,0.0
SLLTD,0.0
IMVKSGR,1.0
WIWWKK,1.0
AVTR,0.0
APFD,0.0
IILLAEE,0.0
VLAYEE,0.0
LMTSITR,1.0
TWLRK,1.0
PPKLLVAGR,1.0
PWSFLR,0.0
ALLTMDD,0.0
RFRK,0.0
LITGDE,1.0
KVFVR,0.0
WGLFE,1.0
VDTDE,0.0
MFQESVLVGE,1.0
ELFFFD,0.0
DLMYNGD,0.0
YTPE,0.0
LLHAIAELD,1.0
LIFNGKK,1.0
MFIMWGRLKR,1.0
MIYEE,0.0
LIEAELDD,1.0
VDVVGAD,0.0
WMIRR,1.0
VLVGAIDTFD,1.0
VLIMHGEE,1.0
DLIGSGD,0.0
ALKAK,0.0
LIDTGD,1.0
IIIMKK,0.0
FVTTEFE,1.0
IVISKITIFR,1.0
LFMVKK,1.0
HAPED,0.0
FEEELE,0.0
VHQK,0.0
FAVK,0.0
FEDD,0.0
IYMGPPWK,1.0
PYNFQD,0.0
IIVHNKK,1.0
VVLEHDE,1.0
IQMLAIE,1.0
AILAGDDLD,0.0
LMHE,0.0
GIIVHDD,0.0
VSVMDD,0.0
YDPD,0.0
IIHIEAE,0.0
YMVTR,0.0
VSVMAE,0.0
IIEYAQD,1.0
AMHR,0.0
WTAK,0.0
YDAAE,0.0
IIWSVDD,1.0
LTLDWD,1.0
FLALEGD,1.0
IMVSADIDLE,1.0
NYGLE,0.0
LVVMGKK,1.0
VLVIDDTE,1.0
VIVIGKK,0.0
IVIRISAILR,1.0
FVFVQYR,1.0
LTSK,0.0
MLVSLRR,1.0
VMWGTDD,0.0
PAPR,0.0
MKMVAVR,1.0
VFITAEE,1.0
LVPYWHD,1.0
IHILGEE,1.0
APMPHKK,0.0
YLEMSQD,1.0
LVIGNKK,1.0
LMLHQLFMED,1.0
LFTKK,0.0
FGGLDD,0.0
FYGTIILR,1.0
FLVESNPYMD,1.0
YMLATEE,0.0
IVYR,0.0
VFILSED,1.0
MPVQHGRK,1.0
VLEPE,0.0
WYGE,0.0
GMTPTK,0.0
FMASVEE,0.0
PYEE,0.0
GWFD,0.0
SLIMIFE,1.0
LLITGTEE,1.0
LMYVARR,1.0
VVFMEE,0.0
MWAMDD,1.0
VFWMDD,0.0
FIGVAED,1.0
LVFLKK,0.0
VYHNK,0.0
ALYFQEE,0.0
WIGTAVRR,1.0
IVVDD,0.0
VIAE,0.0
ILSIEVGGD,1.0
FIMK,0.0
WQDVD,0.0
VELMAAD,0.0
ILSMAK,0.0
HIAR,0.0
LAILVSDNFD,1.0
IMEHAPGE,1.0
MEMSMTE,1.0
WAEMPQD,1.0
FIYDGE,0.0
FMIDSWD,0.0
LLMHIRR,1.0
YVLEE,0.0
PHLK,0.0
PQTWID,0.0
APATPMK,0.0
LLMIDDE,1.0
AVLWDD,0.0
LLVASAAGD,1.0
LMYPKR,0.0
IYVEE,0.0
FLVQID,1.0
VIIDD,0.0
FIIR,0.0
VVLIIDD,0.0
AQYK,0.0
DFED,0.0
VIMLR,0.0
ITQAMK,1.0
SYLD,0.0
VMIEE,0.0
WSGD,0.0
FHFIGR,0.0
EATD,0.0
VLWLKK,0.0
LIVKKTR,1.0
VSGK,0.0
YVRK,0.0
VPSIE,0.0
AIGNFD,0.0
WDDPD,0.0
NFIILDE,1.0
AKYR,0.0
IFVTIEE,1.0
ILIFEE,0.0
IVEVWD,1.0
IMWKK,0.0
WRTR,0.0
PYWDYEFPNE,1.0
MVTTGEE,1.0
LIMKASR,1.0
IAYIEDE,0.0
MLFKK,0.0
VWTR,0.0
VSFSLILMR,0.0
ILAVVAGDD,1.0
IEPIWPED,1.0
VVLKAAAIK,1.0
GAYDE,0.0
VFNDD,0.0
IIFMDD,0.0
QIIARSR,1.0
FILYSEE,1.0
LGSE,0.0
YLMSGEGD,1.0
LMIGELAE,1.0
PQWD,0.0
FAFDGGD,0.0
IMGTD,0.0
IDVVAGD,0.0
VVVAAAEEE,1.0
LLDLSAGID,1.0
VWVLQAE,0.0
IEAFADD,1.0
LLEISLVTD,1.0
FAFR,0.0
TKLRK,0.0
LFLFQEE,1.0
FVWMDD,1.0
PHWPR,0.0
IYLNVDD,1.0
ILFETQE,1.0
EEFLE,0.0
MFIFTSR,1.0
YFIQDD,1.0
IIFR,0.0
VVIVKAAGLK,1.0
LVLLEE,1.0
DLIIAD,0.0
LLESDID,1.0
PEYLMFDD,0.0
IILVIIDD,1.0
EIVGTQVE,1.0
LVFGGEEID,1.0
PVANWKR,0.0
PLETPD,0.0
FLVWEE,0.0
FIIDSID,1.0
LILGSESE,1.0
IMIKK,0.0
VDLLAE,0.0
IVSVIADAD,1.0
IPPE,0.0
IHDLD,0.0
HMFR,0.0
GPKR,0.0
AAGGEE,0.0
ALLLKK,0.0
VSEMTD,0.0
LYFE,0.0
IWDD,0.0
SYMVE,0.0
LITD,0.0
LFLNKNK,1.0
LLKLSSR,1.0
HLLE,0.0
MMFWVGQQR,1.0
FTKR,0.0
FLTYSEE,1.0
KPPRPIAR,1.0
TYLQR,0.0
MFMGSDD,1.0
VLLAADTLFD,1.0
LYVMDAE,1.0
IQIDSND,1.0
LKVIARK,1.0
YMFED,0.0
FTWE,0.0
VMGTK,0.0
FLVTWLPK,1.0
VLFIR,0.0
LFIAAADGFD,1.0
VMSFK,0.0
LLLTELAD,1.0
IEIQDGD,1.0
IIAVSKK,1.0
PYSQK,0.0
EYGYQD,0.0
PMITQPRSR,1.0
VIWQADD,1.0
VHMRKR,0.0
FFWFKK,1.0
VILMNAEE,1.0
YGRK,0.0
IFMSEIE,1.0
LFYNENE,1.0
IHKK,0.0
ILGLDAEALE,1.0
FEFLTLED,1.0
FWLMKK,1.0
IVFAEDALD,1.0
LWEFD,1.0
WGLPK,0.0
ILSVAEEAID,1.0
FMPVAEPWE,1.0
LVVSVSGAD,1.0
FVSYR,1.0
LITYGR,1.0
WYIIPLE,1.0
IQIMSAEE,1.0
MSGYK,0.0
MVISEAGGD,1.0
YAIEMEE,1.0
LLHWD,0.0
LIAALEGID,1.0
MFMLAEE,1.0
LLVQFWR,1.0
IISILDD,1.0
LWWK,0.0
LAVLD,0.0
MLWTQD,0.0
FIISSEE,1.0
YMHDIDAEQE,1.0
VVALAVEE,1.0
LITMGEE,1.0
MVMVKK,1.0
IMYGGEE,1.0
GIIKQTK,0.0
LLKRMNK,1.0
IMIEE,0.0
LIDMSDE,1.0
WFEIHE,1.0
MMFEHDE,1.0
VWFE,0.0
ILRFLTK,1.0
IYVVSMK,1.0
MFVVDD,1.0
KYKR,0.0
KYFLR,0.0
LIYAQKK,1.0
LLDIAGGVND,1.0
YVQK,0.0
GGMPYTR,0.0
IIMAAVEID,1.0
WEED,0.0
PTKR,0.0
TLFE,0.0
LLEVSVVTE,1.0
LPIWMQE,1.0
IMLALNDD,1.0
AILAKGK,0.0
APNPWD,0.0
FQIKK,0.0
GLHE,0.0
FFMIDD,1.0
MVSLLGGTE,1.0
IFSAIR,1.0
FELLVNEEQD,1.0
EMHME,0.0
LFWVDD,1.0
AVSFLMK,0.0
KIYK,0.0
KLKK,0.0
WFILEE,1.0
MEMVSQD,1.0
GKWPR,0.0
MMYNLDD,1.0
ILLGAAKK,1.0
MAEFD,0.0
VIVWEE,0.0
VWYKK,0.0
ALFMDD,0.0
LIATKIR,1.0
EVLSGND,1.0
VVISVDD,1.0
MAFK,0.0
FFIVDD,1.0
MPQWHPPDNE,1.0
WWMEE,1.0
ILIITKR,1.0
LKVYPITR,1.0
FAWD,0.0
MHIYDHGME,1.0
LYVYALNGK,1.0
YGVNHE,0.0
GLIPGD,0.0
FIKFAK,1.0
LIGGLGEE,1.0
NMLWPHDE,0.0
MILGAED,1.0
VDYMSE,0.0
EVISAEQD,1.0
ALLYDD,0.0
KIGYQK,1.0
MVLVAKK,1.0
IAVLRKR,1.0
PWHR,0.0
YRKK,0.0
YGYNEE,0.0
LFIIEE,1.0
FIAKLR,0.0
MVFLEE,0.0
TTPPLPD,0.0
IVAVAIAE,1.0
DLMVYD,1.0
TMLILMKK,0.0
VIMLGQDD,1.0
FALIANEE,1.0
GLIVSIEE,0.0
FYLD,0.0
IYIAFPFD,1.0
AVHLVAK,0.0
MPWHK,0.0
VMITGSEE,1.0
ILSTIEEE,1.0
VLLTVSDE,1.0
IIMVGTEE,1.0
FMAITDD,1.0
WLWKK,1.0
LEEMTMD,1.0
IFLSVDD,1.0
WLLLEE,1.0
VFIVDD,0.0
ETEE,0.0
GLLLESE,0.0
MWMQYPR,1.0
HFVTE,0.0
LVDSVSE,1.0
FMLQDDE,1.0
SMEAE,0.0
IVVETYD,1.0
MYIFTTD,1.0
WFAEE,1.0
IFVLDD,0.0
IIFSSWE,1.0
FMKNSK,1.0
LLAGESD,1.0
WYAD,0.0
VFPTLE,0.0
LLGYEAELD,1.0
MLMGHDD,1.0
QVLAFD,1.0
VYYVID,0.0
VVVVPSR,1.0
SQWE,0.0
LILHENE,1.0
FIRWAR,1.0
PALFDD,0.0
LLLGSESE,1.0
YFWD,0.0
ILAALPGE,1.0
FFIMKK,1.0
VMFFD,0.0
IFFMDD,0.0
GLKRK,0.0
VPFESE,0.0
IFYDD,0.0
MAYWE,0.0
SILFAD,0.0
EAIWLD,0.0
IITESANAE,1.0
PSVLTMGESD,0.0
FVTEND,0.0
VARQWR,0.0
LIPGFTISPR,1.0
ILGYGK,1.0
ILLSAALDD,1.0
FLMALEE,1.0
PYMIWSWDDD,1.0
FIFWKK,1.0
KLTK,0.0
AFMMHK,0.0
FLRVK,0.0
IVISARR,1.0
VGFFNYSPD,0.0
ELISEGD,1.0
AVFQFIK,0.0
WIVFEE,1.0
VSYD,0.0
MLSFMEE,1.0
FAMKK,0.0
WNLD,0.0
FLFWR,1.0
FFSGIEE,0.0
MWLIEE,1.0
ILITKRK,1.0
VMAWD,0.0
MELVGAGTD,1.0
LVLTAADVFE,1.0
YAIGAK,0.0
LGGWGK,0.0
HIIISMVE,1.0
FLYQMK,1.0
WVDVTD,1.0
LLELTLEE,1.0
MFWVEE,1.0
FVIAAGGGLR,1.0
LIFQGTDD,1.0
FAMEAE,0.0
LMVSLGDTFE,1.0
LRFSK,0.0
IVIESIE,1.0
VFIFEE,0.0
LQMWR,1.0
WMHYR,1.0
YWVE,0.0
LMFIDQD,1.0
TILIGDD,0.0
MKHK,0.0
FYFMPME,1.0
IFLNIED,1.0
IHIKK,0.0
IALKK,0.0
IFLYTEE,1.0
LMLAEIHNE,1.0
FFIFKK,0.0
PHPVVGHD,0.0
MVVLDEE,1.0
IIFANGDE,1.0
MVLDALDE,1.0
MIYGIEED,1.0
MIHK,0.0
ISGE,0.0
MLVSMEE,1.0
LLDVTGME,1.0
IILTNDD,1.0
QVYK,0.0
PLLAR,0.0
AWVGNK,0.0
FQMYR,0.0
YTQK,0.0
VILTE,0.0
LWHFE,0.0
AAQK,0.0
ILQIDSGD,1.0
IMINYIVPSD,1.0
LVTDDIE,1.0
WMFMKK,1.0
LVHSEE,0.0
AKMK,0.0
YYNIVAVAD,1.0
FAIYAEE,0.0
IYFPHNWGE,1.0
EIFGFDE,1.0
LYVSMEE,1.0
PTDIITMD,0.0
MLTGVDD,1.0
KPHR,0.0
SFFFR,0.0
AVFAGNIE,0.0
FSYK,0.0
LLKSLNK,1.0
KIRPK,0.0
LISQVKGR,1.0
VEHD,0.0
VLVSILTNE,1.0
LLSAMDD,1.0
PLQHE,0.0
WVMFDD,1.0
AKFR,0.0
LLMTMTEE,1.0
FEED,0.0
VYYLDD,0.0
WLWHAVE,1.0
YIGYIDE,1.0
AFWSR,0.0
LFLGIK,1.0
LYYK,0.0
VKFTPVRR,1.0
IFVKGGAGLR,1.0
LLDSDIGD,1.0
YMGQTE,0.0
VAVWTIR,0.0
IMVLKK,0.0
LVIAEADLGD,1.0
IVMKK,0.0
FEHEID,1.0
PWQGSLPPE,1.0
YTMK,0.0
MTFEE,0.0
FKLIMGPK,1.0
MFGMDTD,1.0
GADNAE,0.0
LWTIK,0.0
LIFHRR,1.0
YFAAQQIR,1.0
YFGME,0.0
KYQASAR,1.0
IKKK,0.0
KLITAGR,1.0
ILPPE,0.0
VAWAE,0.0
IVVMSVEE,1.0
WVFMEE,1.0
IIKINK,0.0
LKVAAAK,1.0
FMMNSGR,1.0
ILWQDDD,1.0
IPSFHPR,1.0
FGPD,0.0
EMFD,0.0
FMWDVNGD,1.0
LLEVAAE,1.0
KVSWR,0.0
VMISAQDD,1.0
LPSPHDAD,1.0
EVEEVE,1.0
FIATLDD,1.0
IIDLAGD,1.0
IAYMK,0.0
VMIWQTSID,1.0
VVAEE,0.0
VHVADD,0.0
IILQAQEE,1.0
YTYD,0.0
MYFEYTGE,1.0
MIEMDSD,1.0
MDMLDHDMVE,1.0
LYIEEDE,1.0
PLPDLYLATE,1.0
VVISAEE,1.0
LVSDFFNE,1.0
FVIIEE,0.0
IKAWR,0.0
PVAD,0.0
PILTNIEYNE,1.0
SMPD,0.0
LEILSDSND,1.0
WVISHD,1.0
LFMLED,1.0
LVFDNAE,0.0
LHLMHPVD,1.0
VVTE,0.0
MGISE,0.0
PQWED,0.0
YILMQTED,1.0
LIISLNEE,1.0
FLFVKK,0.0
IWFMAFMR,1.0
AFGK,0.0
FGMD,0.0
IMFQSDD,1.0
LRWR,0.0
LKTQPR,1.0
FIMDNTD,0.0
IMLANIDD,1.0
FLILKK,1.0
LMAITSEE,1.0
VLFSFR,0.0
VKYGR,0.0
LMSE,0.0
VIFMSDE,0.0
IINDVIFEPE,1.0
AIQIIHR,0.0
HLGD,0.0
VIAKTGK,1.0
YTAWGD,0.0
PRSR,0.0
MIID,0.0
YYVAR,0.0
MAFTEE,0.0
IALIDEGID,1.0
AMMGTDD,0.0
LVLGSAADLE,1.0
EMHD,0.0
IFLEEAD,1.0
VWAESD,1.0
EHPGD,0.0
VNFPHIK,0.0
FLAPSQD,1.0
LGFAGEE,0.0
AVYR,0.0
HIINK,0.0
VYLK,0.0
YSPD,0.0
MFYR,0.0
LEVVSIGGD,1.0
MVWIEE,0.0
PHFD,0.0
IGLSMED,0.0
KMIASAR,1.0
LYNELSE,1.0
WKVMRR,1.0
YMVD,0.0
FLFMEE,0.0
FLLEFE,0.0
FWLWKK,0.0
TMID,0.0
YNYR,0.0
VYDYQD,0.0
VLVMAALDD,1.0
VLVSGVKK,1.0
MIWEE,0.0
SLISPIE,0.0
TLIILR,0.0
LLYITDD,1.0
PDID,0.0
GIFK,0.0
YIPQNK,1.0
HIWR,0.0
LHWK,0.0
VFVDTSD,1.0
LLALGKK,1.0
YVGKK,0.0
MVLLASDD,1.0
IMISSDVE,1.0
GVMGLNTEED,0.0
FIVNEAGD,1.0
GPLTLDNWE,0.0
IKWFILTR,1.0
ILEFTEE,1.0
IGKK,0.0
YVKRINR,1.0
VIGVYIED,0.0
PHILGIE,1.0
MLSQQSQE,1.0
FIIGAGEE,1.0
LFAAD,0.0
VLDIISD,0.0
VALID,0.0
SPLYK,0.0
LIHAIMRSNK,1.0
IIMDSQE,1.0
ALKPK,0.0
ILSVEVSE,1.0
YYILSR,1.0
SIINID,0.0
NYLR,0.0
ADGMIVPE,0.0
IYIIGEE,1.0
FYVKK,0.0
VKFR,0.0
VWDQEE,0.0
IYHEID,1.0
MPDPLD,0.0
QTPPID,0.0
LWFFEE,1.0
GHIAR,0.0
LWGFD,0.0
YIPHK,0.0
MVMTTGMD,1.0
WILLEE,1.0
VLEIAAELD,1.0
FHYPED,0.0
LVVIAGIDD,1.0
PASK,0.0
IIFWARR,1.0
FVVFKK,1.0
VMSLTKK,0.0
VLMHGDE,1.0
IIAPQHLND,1.0
LMQVLYED,1.0
KMFGSK,0.0
VIKAVTR,1.0
MAIYDDD,0.0
LALVESAGFE,1.0
GVVDYTLE,0.0
YMMKK,0.0
ILQVYTD,0.0
HIGK,0.0
FMDLLDD,1.0
NILMYYE,1.0
ILEVISAE,1.0
ALLALRR,0.0
FYAPMHPQK,1.0
LIAKK,0.0
LIMHSEE,1.0
PLIGVPE,0.0
VIWIEE,0.0
MIFPGRHRKR,1.0
YLGSIEE,1.0
PMLDYEDVLD,1.0
WISFMD,1.0
IVDMISD,1.0
IMWSVEVTE,1.0
VTLSDD,0.0
MWWMKK,1.0
MLYGHR,1.0
FILDD,0.0
ILGYEND,1.0
IILVSTGILR,1.0
VLWADND,1.0
MIYALEE,0.0
PAPFQSGK,0.0
PHPRNK,0.0
FVPWE,0.0
LLFHMEE,1.0
LIKGISR,1.0
YSQE,0.0
KWLSGR,1.0
MWQAK,0.0
FILTQVR,1.0
IFYTE,0.0
FGSR,0.0
VLWVKK,0.0
ITIIGDD,0.0
VLFVDD,0.0
AAPFMTGGD,0.0
HIYGNE,1.0
IFDLSAD,0.0
FTHE,0.0
IVFTEAD,1.0
IYQEVFD,1.0
LIAVGADMD,1.0
KIGMWYYPR,1.0
KGGQR,0.0
WIIGE,0.0
AWDMD,0.0
VLVFEE,0.0
FYEWEYD,1.0
ILMYDGAE,1.0
FVVSEVE,1.0
IMEFSDD,1.0
LVAFTDE,1.0
IEDSAD,1.0
ILEYNSD,1.0
YLLPD,0.0
FWVVDD,0.0
VYDE,0.0
LILTIGEE,1.0
ITDE,0.0
ILYMIVQRPK,1.0
FWLFKK,1.0
IMFWKK,0.0
IFAALEE,1.0
IGVHR,0.0
YQLLVIHTE,1.0
IIMHRLR,1.0
ALMTDNE,0.0
WLWK,1.0
AIAFKKK,0.0
ALIGK,0.0
FPTHQK,0.0
VDLFSGE,0.0
VLVWDD,0.0
IFIIEE,0.0
LYDTE,0.0
IFNFD,0.0
FIWE,0.0
GKIIK,0.0
IWFLEE,1.0
AFQYPR,0.0
LVITGADD,1.0
IVTVAQKIFR,1.0
IIVVTAADD,1.0
ILVDSAAID,1.0
GTWE,0.0
FGYD,0.0
SFLITNK,0.0
LILSRLK,1.0
IVILNADD,1.0
FMIMMLFRQK,1.0
WIPDD,0.0
IIIFGGDD,1.0
LRLSWYR,1.0
KKTLK,1.0
TGED,0.0
IKWIR,0.0
WFSQKR,1.0
PHGLK,0.0
VITMEITD,1.0
ILLQISEE,1.0
IIMAAADID,1.0
MVKGK,0.0
ILLGAAIDD,1.0
IYYAVR,0.0
IFQASDD,1.0
MLIKK,0.0
GLLTE,0.0
LFEGSID,1.0
KRPK,0.0
IYVDAAIID,1.0
YIIMNDD,1.0
MAKFLR,0.0
MDFAYFD,1.0
IWWLID,1.0
MLRSGVR,1.0
VYSFE,0.0
WWVK,0.0
KVAMMGQGIR,1.0
YLLRR,1.0
LYMGE,0.0
FSIDD,0.0
VSWPR,0.0
FYFWFE,0.0
FLSR,0.0
TNLIPAK,0.0
NFWD,0.0
IVVVISQID,1.0
FLQVADD,1.0
MTGMD,0.0
LELAVDE,1.0
FILFDD,0.0
FSLDAAD,1.0
RFAFR,0.0
IWIWKK,1.0
IVSIAAADD,1.0
PPVALGQPK,1.0
LMFVSRR,1.0
PGQD,0.0
VWVDD,1.0
FMNPHPEE,1.0
MIHIGQGAD,1.0
VLIKMSALFR,1.0
IFIFDD,0.0
LFFQIMAINE,1.0
TLLRMMGR,0.0
LIFLKK,0.0
LHDE,0.0
LMEYSAD,1.0
VMVMKK,0.0
IFVKK,0.0
KVKKLKK,1.0
IIFIGDTE,1.0
ITIIGKK,0.0
MMVFVAHYE,1.0
VGFFGDD,0.0
LMFSVRR,1.0
ADSE,0.0
WVIMKK,1.0
VIMFEE,0.0
HEPD,0.0
IIMGITDD,1.0
PIWQVTSR,1.0
WPDFVD,0.0
IAPGR,0.0
VILIKK,0.0
EFITE,0.0
WVNPR,1.0
DYMVDQME,1.0
LFPR,0.0
MFMLKK,0.0
IWFFDD,1.0
APWVAYE,0.0
IIFANGDD,1.0
HLIE,0.0
IVKTAIK,1.0
LMWQD,0.0
FFLMDD,0.0
VTHMPK,0.0
LEFAEGE,1.0
MYLEMAD,0.0
HLIK,0.0
VGILQADD,0.0
FIMIDD,0.0
LMWWEE,1.0
PHHID,0.0
LIAQLFFSTD,1.0
IIISADQID,1.0
IVMTMKK,1.0
AILMTGEE,0.0
LMFDVTE,1.0
VLFSEVE,1.0
LLRMTGR,1.0
EFMD,0.0
VYILSD,0.0
LAYD,0.0
ELMYGQE,1.0
LMMAAKK,1.0
FKYGQIR,1.0
VDFDDLIWED,1.0
YGVD,0.0
MWLVKK,0.0
FEPE,0.0
FMPTSQND,1.0
VQYMYE,0.0
FLILD,0.0
GIIFADD,0.0
TDLLFATE,0.0
KVLK,0.0
LKQKK,0.0
VSQFE,0.0
IVLSGRK,1.0
IVVAYKK,1.0
MVSIADD,1.0
LEQYIQMQAD,1.0
IIMNAAEE,1.0
VFAYMEE,0.0
WYFEE,0.0
YLDFNE,0.0
ILHSK,0.0
GVSE,0.0
VGDYGD,0.0
LFVTADE,1.0
AFVALEE,0.0
APIVFRR,0.0
HAQR,0.0
MHIK,0.0
YIYHK,0.0
LVWFR,1.0
MSVSLK,0.0
MTQKK,0.0
YSVLE,0.0
FLPMWQK,1.0
VAYPVQPE,0.0
LIAADDD,1.0
MWSGFRR,0.0
MWYAQR,1.0
MHYPD,0.0
MIKR,0.0
FLMLHMGAWE,1.0
VAYALADD,0.0
FKWQYRQR,1.0
IWWLVDALYE,1.0
LFAIDQALD,1.0
VIFTTLTPR,1.0
LIDVASE,1.0
PTPHE,0.0
VGISMDD,0.0
LIAAVLADD,1.0
FVLSGDD,1.0
ILEMSAALD,1.0
MLHLNLWQR,1.0
IILEGYE,1.0
FKKK,0.0
MIFGGDD,1.0
LWMPPDMVTD,1.0
FLIDYDD,1.0
EVGVEGGD,1.0
FFNSSE,0.0
ILASDAIIE,1.0
LFVVKK,0.0
GLFAADD,0.0
WWLSR,0.0
FALAAKR,0.0
WIFMEE,1.0
LKKK,0.0
VAPKK,0.0
AGQGQTR,0.0
TMWK,0.0
IIEVSDALLD,1.0
MLAVSGGND,1.0
LLQSK,0.0
NFFRMK,0.0
LLLIDGE,1.0
AVLYQEE,0.0
ILITAMDD,1.0
VLTFDMWVQE,1.0
INYVE,0.0
DFWSED,0.0
PPQD,0.0
LLAIDAGID,1.0
LIGLVIEE,1.0
HYVR,0.0
FLLEDNE,1.0
MLQLVGDD,1.0
ANPTD,0.0
LLFQIDD,1.0
WLLVEE,1.0
VMWIKK,0.0
VIMEHVD,1.0
FFLQNK,0.0
LIFKQNK,1.0
MLFQESE,1.0
RHGR,0.0
LSYMLR,0.0
IMWASDE,1.0
LLVRKSR,1.0
WMQFD,1.0
IIFGVEE,1.0
IYMATD,0.0
LIDSVADLD,1.0
IFTPPNGE,1.0
IVFMEE,0.0
VVAFSDD,1.0
VIWHRR,0.0
AWIE,0.0
MIEMALAD,1.0
VLHAKK,0.0
AYWWE,0.0
LIAIIADIE,1.0
FINDHNQEE,1.0
ISKMYVGR,0.0
EIMYGAE,1.0
TIGGAR,0.0
ATIMMRWK,0.0
LYMEFE,1.0
GKSKK,0.0
FLFAEAD,0.0
GITLPPE,0.0
VITALR,1.0
GLYSE,0.0
VFIYGEE,1.0
GLISD,0.0
LIMLIGDD,1.0
LIADTAE,1.0
FLKK,0.0
PKTNR,0.0
SKLR,0.0
ALVMKAK,0.0
YVVQK,0.0
MWMAPFIK,1.0
IMNIVLWSE,1.0
LMLMGEE,1.0
IVMIQADD,1.0
MYESD,0.0
LKYLYIK,1.0
FAIEE,0.0
VRAPK,0.0
VMDISTE,0.0
VVIHDIE,1.0
YIEDAIPPSE,1.0
YFMMATMPFK,1.0
FYAD,0.0
LWWFKK,1.0
FLAISEE,1.0
FMIADAD,0.0
MKVRR,1.0
WLLIDGE,1.0
LLMAVETE,1.0
MLHLQFDD,1.0
LLSD,0.0
SKVR,0.0
SFPYPAR,0.0
LIKIAAAIR,1.0
LILAAEQIE,1.0
HYPDD,0.0
YKLRR,0.0
LMIWEE,1.0
IVVSLSEE,1.0
MFNKKLAR,1.0
MVFYAEE,1.0
FQIK,0.0
VKKK,0.0
VPWAYGMTGD,1.0
LMAVWAR,1.0
IIMQKKK,1.0
IIVLKGR,1.0
IYKR,0.0
LIIYGAIAHR,1.0
ENWGAD,0.0
FFADFGMSE,1.0
LPSPVIFD,1.0
GDSD,0.0
HIVE,0.0
PEYPME,0.0
YHLR,0.0
GMAYE,0.0
LILIEE,0.0
FFFFFEE,1.0
GVLLPNTD,0.0
TIEDD,0.0
GIVIDHD,1.0
LMITAKK,1.0
GAVK,0.0
WLFFDD,1.0
LLFWNED,1.0
VIILSDD,0.0
LPVNYR,1.0
LEMYVLID,1.0
YWDTE,0.0
VLIAIED,0.0
ITTR,0.0
PGPFLIK,0.0
VTRVMK,0.0
VVYITEE,0.0
LMHNPPE,1.0
TWMK,0.0
EHGE,0.0
MGFAK,0.0
MIIAEYD,1.0
LLVVSITGFE,1.0
VAFVR,0.0
VKYR,0.0
KVWMQPIMVK,1.0
LWLAEED,1.0
IITFPDDE,1.0
AMVAAALE,1.0
GQVWYE,0.0
WDMLHSD,1.0
VLKAGAAFIR,1.0
HVPAE,0.0
PWFLR,0.0
VVFSMDD,1.0
INAWD,0.0
DLLPE,0.0
YLEDEEE,1.0
ILGGKK,0.0
PAIR,0.0
HVIE,0.0
MWVSIAK,1.0
ILATVRR,1.0
PAWK,0.0
ANWLGGQR,0.0
VFIWR,0.0
VTMRVK,0.0
YVETAQPE,1.0
HVLD,0.0
PDYD,0.0
ALIAPPD,0.0
IYNLMEE,1.0
WIVVEE,1.0
TLPK,0.0
IIFIIEE,0.0
FMMKK,0.0
ILVMASDLID,1.0
WLSWQPR,1.0
LAYWVE,0.0
FVVTEE,1.0
ILMPTARKK,1.0
AVIGAAIDD,0.0
YGVGK,0.0
PITK,0.0
FWWD,0.0
FLRTR,0.0
LYLME,0.0
LIAADVGE,1.0
PDVTD,0.0
VLSLLEE,0.0
AFPMHR,0.0
LVFRR,0.0
LVAFAKK,1.0
FITGKK,0.0
LMIMGEAE,1.0
ILTVMEALD,1.0
IDIASEE,1.0
MYYADD,1.0
IVVWND,1.0
LVVKARK,1.0
LLVTIDALE,1.0
MMFYQQAD,1.0
IQITK,0.0
ILLLSMEE,1.0
IYND,0.0
IFVLETD,0.0
LVAIETE,1.0
LVKIGTR,1.0
ILEYDQD,1.0
MDED,0.0
IVWFD,0.0
AKLR,0.0
FIILQYR,1.0
VLSVIDTID,1.0
HIFLYQK,0.0
LHSVVE,1.0
LILAIED,1.0
FTEAAE,1.0
LFEYSE,1.0
ITPFDAQE,1.0
IYTD,0.0
MLKR,0.0
HPPAK,0.0
MLIAEE,1.0
YNWIE,0.0
YDMDE,0.0
IFSYVYGK,1.0
FMIADSD,1.0
FAWQE,0.0
WMFLKK,1.0
PVIPWYR,1.0
GMFSPQAK,0.0
FRVLLSR,1.0
LGPLGE,0.0
LLLAKIAIFR,1.0
ALFR,0.0
FEIYGSE,1.0
YPITGQR,1.0
LPYQIVQQD,1.0
LVEQNGD,1.0
MLTAIKK,1.0
IMMDGAE,1.0
SYGD,0.0
IVIIDD,0.0
KGVHR,0.0
MIAFKAR,1.0
LKKTNR,1.0
LWYAME,1.0
ILDDIAE,1.0
VIGFK,0.0
SFMK,0.0
MWVVEE,1.0
FLADELE,1.0
WMLFEE,1.0
LLQQWFK,1.0
LEDDPAQHE,1.0
VLRILASTNK,1.0
VIKHAR,1.0
DVYED,0.0
VAEVAE,0.0
VLKLAIR,1.0
QGFLLR,0.0
VKNSK,0.0
MLYNIEE,1.0
FLFINIWK,1.0
SMAK,0.0
MFIK,0.0
HPHIDAE,1.0
IIFGLRK,1.0
FAAE,0.0
YQAVR,0.0
FSNMIE,0.0
VMIWASGNK,1.0
IKSKNR,0.0
FYWD,0.0
FGVMQVAGGK,0.0
FIINKK,0.0
SPNIWD,0.0
FFMPPE,0.0
IFFVNDD,1.0
IIIDSWD,1.0
TIVVWEE,0.0
VLTGADD,1.0
AKAR,0.0
IWAWVPE,1.0
VLSIKGR,0.0
WKHR,1.0
VWVRAR,1.0
LVIVGDSGFD,1.0
AWPGGD,0.0
ILAMDILE,1.0
SWPITD,1.0
WARLK,0.0
PVPVDALAD,1.0
MWIAARR,1.0
IVSVLGEE,1.0
IIIVEDD,1.0
KGKMR,0.0
VYILEDE,0.0
WYTIFD,1.0
MHRMWVK,1.0
IWMAK,0.0
MILELSD,1.0
IYMMAAELD,1.0
LIAAAKK,1.0
LISVAAVDD,1.0
LKVQK,0.0
AVLVMAEE,0.0
IVVFSKK,1.0
IIAMASDE,1.0
ILLDASD,1.0
VVLVAAVDD,1.0
FLFRLLR,1.0
VFVGDD,0.0
LFMHIDE,1.0
YIIAAEALHD,1.0
WEYLD,0.0
IIFFEE,1.0
YYILLASTE,1.0
AFYPD,0.0
AYISD,0.0
LLKRNPVLGK,1.0
FIMQWVHNFE,1.0
VFGKLGR,0.0
MSIASE,0.0
IKMMSAK,1.0
IWSR,0.0
VWEGDE,0.0
ILYELGD,1.0
VLLIQADLD,1.0
LLEHGGD,1.0
MFVFDD,1.0
MFLVSEE,1.0
IYFSEE,0.0
FYALRR,0.0
LLLSTDD,1.0
YLPVR,0.0
EIDTD,0.0
VVWME,0.0
VVFIDD,0.0
FPSK,0.0
WQHID,0.0
WLMPLE,1.0
FMFVEE,1.0
YPWNAAE,1.0
LHIK,0.0
IVILADD,1.0
LIHK,0.0
LKVGASR,1.0
VISAIDD,1.0
FLVNDSD,1.0
WPKSAQR,1.0
PLNGGNAR,0.0
RPVLPKK,1.0
LILLEE,0.0
VVVFKK,0.0
IRYYR,0.0
KMLR,0.0
IVVWDD,1.0
VVSPAFVTE,1.0
QTIMIQQD,0.0
YVMAFLMD,1.0
VSPK,0.0
IIGWADE,1.0
LALISSINR,1.0
ILESHD,0.0
LMKTPTKRR,1.0
AWDLD,0.0
IIVSVDGGD,1.0
YQYD,0.0
MWWKK,0.0
VIVAAKLIAR,1.0
LLWLE,0.0
AIGMKKK,0.0
IIMGDHD,1.0
GVKMGLTGR,0.0
PNFHLIQE,0.0
FSAME,0.0
FFAMRGR,1.0
WPVNPR,0.0
AILKKGR,0.0
VIDVVSD,0.0
WVLMKK,1.0
MLNWEAE,1.0
MLIMTNEE,1.0
PAPKNR,0.0
LIGVIADIHD,1.0
FPWWSLNNR,1.0
VHAPPD,0.0
AFLFSEE,0.0
VLLNKSGGNR,1.0
MTIIDD,0.0
LILEE,1.0
WWIYGTNE,1.0
MLWDDVE,1.0
GDPYE,0.0
ILIIGSDD,1.0
VGRWK,0.0
IMFFDD,0.0
IMAYGEAID,1.0
PMKK,0.0
MMVKK,0.0
FVLEE,1.0
LMSMSDD,1.0
FVLVKK,1.0
LLVVASGVFD,1.0
MIFAADD,1.0
VLLVNTEE,1.0
YASR,0.0
AFTK,0.0
GLIVSTEE,0.0
LLAQLETE,1.0
MHYE,0.0
PVVFTNVHK,0.0
LFAKNAR,1.0
IITLAADD,1.0
IMPSMNVRPK,1.0
VSFIDD,0.0
IVFLDD,1.0
PEPTILD,1.0
YLLGIGR,1.0
VIVAAADDD,1.0
WVKAK,1.0
IVNLIHAD,1.0
MMEMSNE,1.0
WFVD,0.0
FILQESE,1.0
APTR,0.0
VWVFEE,1.0
IHILSFD,1.0
GLVGYDD,0.0
VMLKTSK,1.0
FDQID,0.0
GYSK,0.0
LFMAIIR,1.0
PAPSYFR,0.0
VIVVSEAQLD,1.0
LGFIADD,0.0
TDGGE,0.0
VHMAK,0.0
FIAIAKK,1.0
LVYVNAEE,1.0
VLLSQAELD,1.0
WVINTID,1.0
LLSIMRR,1.0
IAVVSDADLE,1.0
MISLLSEE,1.0
MLMHHEE,1.0
LISLQKK,1.0
LVIMEE,1.0
MFPVIGKR,1.0
FVGWAQSD,1.0
IWSAR,0.0
LLLYEE,0.0
LVSIADE,1.0
PTSR,0.0
VIFLAAEE,0.0
PMWVHD,0.0
GFMTDGE,0.0
LAWK,0.0
MHPYD,0.0
IIISLGAID,1.0
LSEE,0.0
IIIIKK,1.0
EVGFAE,0.0
LIGLSGEGNE,1.0
VFMVSDGE,1.0
LYIEE,0.0
AIIAAVADD,1.0
VAALLDE,0.0
FIVNAKK,1.0
WLSWPAD,1.0
MYWDE,1.0
KGWTR,0.0
GFMAKK,0.0
EISE,0.0
WSYQD,0.0
IIMGGKK,1.0
ILTGDAEE,1.0
IFFKK,0.0
IMIHGEE,1.0
KKKR,0.0
IIYAKRK,1.0
FYIKK,1.0
DYHD,0.0
YILAWE,1.0
KKRR,0.0
LLISTKK,1.0
APPWLHE,0.0
EFQDLLLD,1.0
PTWD,0.0
IAVAYE,1.0
FMVIAEE,1.0
SWVYE,0.0
MLHMK,0.0
AVMLSADD,0.0
LWYVD,0.0
VIIMKK,0.0
GVDWLPVD,0.0
FAMD,0.0
AQAD,0.0
ETAD,0.0
TVMD,0.0
VLLISSEFE,1.0
ILYPKTLKK,1.0
IQMDTE,0.0
IVTVAEDLD,1.0
ALIIMVSTYD,1.0
ILYSYFQEE,1.0
IVLITRKR,1.0
MFHGNVLE,1.0
YLVPR,0.0
GVLGADD,0.0
MFIMQMAD,1.0
DLPSGD,0.0
IFIINEE,1.0
FWND,0.0
IEFTDAD,0.0
SPIPVFAE,0.0
IMVSFDD,1.0
MMKFAR,0.0
ELLEEID,1.0
SKIR,0.0
LFWNFYGD,1.0
WPNPEE,1.0
MWGMDAD,1.0
LIIKMRK,1.0
MYVITEE,1.0
FVYD,0.0
WIFVEE,1.0
FVYKK,0.0
PHLYD,0.0
FWTD,0.0
LEIISEGTE,1.0
VLGVISKK,0.0
MTLYEE,0.0
VIEFE,0.0
TLVDTQE,0.0
WMVTNIR,1.0
LMIFEE,0.0
YLTD,0.0
VGMHD,0.0
IMAGQQIK,1.0
KMHPK,0.0
LIGGMTDQE,1.0
ILSDGED,1.0
WHKLK,1.0
FGIAIEE,1.0
IKQQNYLYR,1.0
IFMLKK,0.0
FIYEE,0.0
MSMEPQTLAE,1.0
LGLMAED,0.0
PGPHSMAE,0.0
AFSLVKGK,0.0
HWIR,0.0
IGSR,0.0
VYARR,0.0
LVKGLGK,1.0
VAIFID,0.0
LFMKPVVK,1.0
GPFQR,0.0
FWEGQPVWE,1.0
VVLISDGNYD,1.0
VWVIDD,1.0
MHLGE,0.0
VPLYIGGNGD,1.0
ALFDWD,0.0
YYAIK,1.0
FVIFKK,0.0
LMMHYGE,1.0
FVLFKK,0.0
LFAAVED,1.0
VGYGYEE,0.0
VDLVAAAE,1.0
VYPK,0.0
NWWK,0.0
MVWK,0.0
GLYTLD,0.0
LMALQIDD,1.0
LYALNIEE,1.0
PGYK,0.0
FWWR,1.0
LSKLGPNFFK,1.0
FWGAGFR,1.0
MVFMQDD,1.0
IVGWSEE,1.0
LLFSMDD,1.0
TLWR,0.0
PYTR,0.0
MVASQSVD,1.0
LVWQD,0.0
YIDIGVE,1.0
FIVSYHND,1.0
FDSD,0.0
LWDVIWE,1.0
LFFVKK,0.0
EWSD,0.0
IDFE,0.0
IPMAWGPSE,1.0
LRLHK,0.0
HVVDD,0.0
VANIAR,0.0
IVLAVDSLD,1.0
FKSNYAR,1.0
IQFGQLWK,1.0
TISMGR,0.0
VLVMTADIE,1.0
AIEVTD,0.0
IVSLDSD,1.0
KSRK,0.0
TFPD,0.0
MLTMDD,1.0
YPMYNVE,1.0
ILYILLIVK,1.0
WIIDD,1.0
MLKGAGQIHR,1.0
YEAQYILD,1.0
ILDGYMD,1.0
IMKIKNK,1.0
VLIIEE,0.0
VLMMKK,0.0
WFQEE,1.0
IYKK,0.0
TLAE,0.0
TMFADD,0.0
SLLK,0.0
VVIDDSD,0.0
MIISKK,1.0
EVAAVE,1.0
FLLMDTD,1.0
VFYK,0.0
GATE,0.0
VPQWVDD,0.0
IVAYQADILE,1.0
LVAVVVKK,1.0
VWELVTD,1.0
FVMD,0.0
MLIVADD,1.0
WIINDED,1.0
WHTE,0.0
KLNK,0.0
PAWSVR,0.0
VYGAR,0.0
WVMMEE,1.0
VPIK,0.0
YVLAADD,1.0
FFKSTSGR,1.0
MFGFGAHQEE,1.0
YEPPYE,0.0
IISAD,0.0
WPMLFAPR,1.0
PTNWD,0.0
IIISSEE,1.0
YIPE,0.0
LGLEMETE,1.0
GVFWE,0.0
IVAVIEETHE,1.0
LLIFEE,1.0
MFSIHR,0.0
NFMTE,0.0
IVAFESD,1.0
IWND,0.0
YMLK,0.0
SIFE,0.0
IYSD,0.0
IIHGLEE,1.0
IYRGK,0.0
FPEFDASQD,1.0
WWDAE,1.0
VIMFHRR,1.0
EILLNSD,0.0
YVAIDAD,1.0
VLLKK,0.0
PFWTE,0.0
LVIVDDGGD,1.0
QVFFKSLNR,1.0
GPMYAE,0.0
LAFVESD,0.0
IVHLD,0.0
LIWQADD,1.0
LKPK,0.0
FVFGAD,1.0
YEDLGAD,0.0
FMAYTTLR,1.0
VIFTQDD,0.0
PPFE,0.0
FLSADD,1.0
QWFQND,0.0
PMMK,0.0
IIMLVGEE,1.0
VMGPIWK,0.0
AIVGKAK,0.0
FVAYADD,0.0
FMFMEE,1.0
VYMWDE,0.0
YWID,0.0
FKTILR,1.0
LYYE,0.0
LILAVAADD,1.0
IYIWK,0.0
FPMPDED,1.0
LIGHIDE,1.0
TYIGRR,0.0
HFRIR,0.0
MIMVGKK,1.0
FMIWEE,0.0
ELFDHD,0.0
WELVSE,1.0
VLLAGDTLE,1.0
EEWD,0.0
EPAD,0.0
WRPR,1.0
WRNWFLNR,1.0
IWVE,0.0
VILSYGEE,1.0
VSDIWYD,0.0
VWIEISQEE,1.0
IDPIVD,0.0
FRIGYR,0.0
MHRHR,0.0
EEID,0.0
IFFVKK,0.0
GFDFLESD,0.0
ILIMVTDD,1.0
VHMLATE,1.0
WAMGR,0.0
IFDDESE,1.0
ILIVHDD,1.0
FHDE,0.0
LFLR,0.0
YLSK,0.0
PTLGKAK,0.0
PAMNISK,0.0
FLLARTR,1.0
YIRSR,1.0
WDMILWMSE,1.0
DLWD,0.0
WNAE,0.0
LSIMDD,0.0
LWMIVTR,1.0
LNLLWAGYAK,1.0
PMLD,0.0
TPWD,0.0
VMMMSKK,1.0
ILWMK,0.0
ILISNIDD,1.0
VFTR,0.0
LMMHTVE,1.0
WWMMEE,1.0
SVYR,0.0
MFSD,0.0
GIIDSAE,0.0
VIWFDD,0.0
MLLHHEE,1.0
ILHIQEE,1.0
MVWVEE,1.0
WILDD,0.0
LLPD,0.0
IIGLSGED,1.0
LAMDAAD,0.0
FAFFIEWDGE,1.0
FGLTD,0.0
MILAAEEAD,1.0
LMLFNHWR,1.0
LMVAKTQIFR,1.0
VVVEILGD,1.0
VGSVYFFR,0.0
LIHEAEE,1.0
LALVADLTHD,1.0
LMALDAAD,1.0
IVMIEE,1.0
WTAGD,0.0
VWHRK,1.0
SFME,0.0
LELHGIE,1.0
LMFATAEILD,1.0
TFIMK,0.0
YFVKK,0.0
GPMPHE,0.0
GLFEYGE,0.0
YMFLSIK,1.0
MVITGKK,1.0
MHGWE,0.0
VFVASRR,1.0
PHGMSE,0.0
IVMAFGDD,1.0
WMKATAVAR,1.0
PGFEQND,0.0
IIVHAEE,1.0
ILIGEHE,1.0
LLKKK,0.0
AWRAK,0.0
LITINDD,1.0
IKFK,0.0
LTIGIDD,1.0
LFQYAEE,0.0
FIIFSDE,1.0
WYYHQE,0.0
TKLGR,0.0
IAIPLR,0.0
IVTLTEE,1.0
IFHGLGEE,1.0
FVLYADD,1.0
MPKLWAR,1.0
VITLVDE,1.0
AKKK,0.0
QVWK,0.0
LFMVRSR,1.0
VIYAINED,0.0
SGILPE,0.0
MGMSDD,0.0
LLLSDDTLD,1.0
IMVITKK,1.0
TIWE,0.0
VKGK,0.0
GYFD,0.0
LPFSAGFSAR,1.0
LQWD,0.0
HIMPE,0.0
ILLDGATLD,1.0
PAMHAK,0.0
YQYHD,0.0
SFPEGYMQD,1.0
LVYGRR,1.0
WWYLNGTR,1.0
LTSPGD,1.0
HLVAR,0.0
WVMWEE,1.0
IWFD,0.0
DIWD,0.0
VLWAADD,1.0
AMWAK,0.0
LVMISFEE,1.0
IWKK,0.0
VWAEE,0.0
KTFR,0.0
VYIID,0.0
IFAQMDGE,1.0
PYMFR,0.0
FTDMD,0.0
MMTVSEE,1.0
VASK,0.0
LVLGDDD,1.0
WVVVDD,1.0
FWKLYMK,1.0
ALMMTEE,0.0
VYAIMEE,1.0
MWSVGEE,1.0
MWVAENWD,1.0
FVLWEE,1.0
VMIAQDD,0.0
LMVMFR,1.0
MLTAVEE,1.0
MMFMKK,1.0
APKK,0.0
TLVYK,0.0
ALPE,0.0
KQWR,0.0
IVQWGD,1.0
NGAD,0.0
IISVAGDVFD,1.0
SVPSE,0.0
LTWVPIASK,1.0
LIIVGGDLD,1.0
PQYFVLGNMR,1.0
LMSVQDD,1.0
SIAD,0.0
VLLASDE,1.0
HKAR,0.0
IIAVAEGDD,1.0
VLMSMKK,0.0
SLLTR,0.0
APTD,0.0
LYFWNDSE,1.0
YFRKR,0.0
LIGYDVD,1.0
VPHME,0.0
PFPKR,0.0
TAAE,0.0
IVLTQEE,1.0
FLAGIVLGD,1.0
PTQD,0.0
RVYR,0.0
LASGK,0.0
MRLVMYTR,1.0
ILIEYTD,1.0
IAVIVANIHR,1.0
LIMKSSALIR,1.0
VFPTR,0.0
YPRR,0.0
MVLIGDD,1.0
AILVDQD,0.0
IKIKANR,1.0
WWEND,1.0
VLIVLEE,0.0
AIWTGR,0.0
IIQLSNMK,1.0
DIYVD,0.0
LEDVLGTE,1.0
LTDD,0.0
MFDWD,0.0
WGFIQR,1.0
PIYR,0.0
MLMLTKK,1.0
YMEAED,1.0
FFYR,0.0
ILIGFADD,1.0
LIMQATDD,1.0
LVFSSEE,1.0
IYVAWVD,0.0
VPHSPD,0.0
LFFIDD,0.0
KWGR,0.0
MLKIAIR,1.0
LSSIK,0.0
PYYFD,0.0
MLLYGED,1.0
LVISVED,1.0
VHVR,0.0
KMAR,0.0
LIAKVTR,1.0
LLVSDGD,1.0
WFMFDD,1.0
LVILANEE,1.0
FQIHR,0.0
FIFYQYMD,1.0
GGLDTD,0.0
WAIVVE,1.0
VYAK,0.0
MLSSLDGND,1.0
WVLRR,1.0
YPWPFTR,1.0
IILGVEEAD,1.0
MYTE,0.0
ALIIKK,0.0
LYVSPSNPD,1.0
AYFVE,0.0
TVQFE,0.0
GLLGADD,0.0
LFKKAAK,1.0
WVIFDD,0.0
VTIFDD,0.0
MYHFQYQD,1.0
LISVIATIID,1.0
IITDSWMPND,1.0
FIAEGIE,1.0
VEFE,0.0
TTAE,0.0
LIKTTIK,1.0
MVMFEE,1.0
FIWFEE,1.0
ILEETMFE,1.0
VMGIIKK,0.0
YLAARK,0.0
YTRK,0.0
WLSK,0.0
MFIGQEE,1.0
FFTQVK,1.0
IFKK,0.0
PTVLVDD,0.0
EWME,0.0
VAFSR,0.0
FLVADDAE,1.0
IIIEEGE,1.0
FIAHEE,0.0
FMRK,0.0
LLISSVAGD,1.0
LVLWKK,1.0
FPQYDLD,1.0
AWEE,0.0
VYVEE,0.0
IIFAE,0.0
WAFK,0.0
ITYRR,0.0
LIWDGTD,1.0
FVMEAID,1.0
KGIHR,0.0
MIDFAGE,1.0
MPHYSR,1.0
LVVEE,0.0
QIVVAAEE,1.0
WAMGEESE,1.0
FVMIEE,1.0
SQWMR,0.0
NTPFLDWME,0.0
VFTKK,0.0
WVIK,0.0
LWMAADD,1.0
LWIVKK,0.0
MYTTGD,0.0
ALQFAE,0.0
FPYPHPDD,1.0
IFLSTKK,1.0
FMMFEE,0.0
MMYLQEE,0.0
ISPD,0.0
SIIVEAE,0.0
MPWVMRLPMR,1.0
LIGYIEE,1.0
FILSIDD,1.0
IILSGGEIHE,1.0
MTAYK,0.0
VVWKK,0.0
FHLEDD,0.0
LLRLASGFR,1.0
IIALTTLMID,1.0
FMLIKK,1.0
TLMIDD,0.0
QWLGTE,0.0
LLMLEAD,1.0
AMKGK,0.0
VIWE,0.0
ILLRTGK,1.0
LAFMKAK,0.0
IIEVTDGD,1.0
ARKTR,0.0
WFVEE,1.0
ITPPTLFGPE,1.0
GIYAEE,0.0
MLTTLIEE,1.0
IIYDGVE,1.0
LAFTD,0.0
VMVVKK,0.0
LLVDIEGE,1.0
VVLAANID,1.0
IYWLTDPLE,1.0
LVFQDDTED,1.0
GIMFD,0.0
WSED,0.0
PMGIWPIGK,0.0
IALD,0.0
LSVIDGD,1.0
LLISEGGVE,1.0
LAIVTDE,1.0
KLIISGR,1.0
VLISELTVE,1.0
RFMGKGVK,1.0
WEVGTE,1.0
PHDE,0.0
IKFGRWFK,1.0
IVMKKSK,1.0
LIYLSAEE,1.0
LDFSE,0.0
HAIAE,0.0
FMYTID,1.0
FVQIADD,1.0
VLIVKTQLHR,1.0
WMKR,0.0
MIWMEE,1.0
ILARLLVK,1.0
FLLIK,0.0
WYVWDNAD,1.0
VMLWEE,1.0
LVAIQVEE,1.0
LLYSVAELLD,1.0
LLWFVTKWK,1.0
FVIDYGE,1.0
GLFYRSK,0.0
KWRAK,1.0
IDAD,0.0
AWMDD,0.0
IVYSLDD,1.0
PWKYRFR,1.0
ALMIRSK,0.0
ILVTVSLNFE,1.0
AMFIAKR,0.0
MFWMEE,1.0
MAMADD,0.0
LLRMTSK,1.0
LLMQISDD,1.0
LFVQGDD,1.0
AMFVDQE,0.0
PWVPD,0.0
APKSNAK,0.0
WVYED,0.0
FYLDE,0.0
VYDAD,0.0
LIDDIGAE,1.0
TVIK,0.0
LMESIDD,1.0
VKGKR,0.0
SIKR,0.0
FAIR,0.0
YWMSE,0.0
FKLNK,1.0
KIGLK,0.0
SWAE,0.0
FIALGEQE,1.0
FMIWK,0.0
FVAKK,0.0
WIWLKK,1.0
GFLESD,0.0
LFAIDEGE,1.0
AMWD,0.0
YEEPE,0.0
MFVWEE,0.0
MLFLD,0.0
LLWNR,0.0
YGTPD,0.0
LIWIARR,1.0
AIIESEE,0.0
YFLTR,0.0
MPPQYAALK,1.0
WNPIK,1.0
IAIKK,0.0
VWAAE,0.0
GLLTDAD,0.0
AILGGTDD,0.0
YLAPQGTK,0.0
VWWGD,0.0
TAKK,0.0
IKYVR,0.0
MLETGSD,1.0
DLFHE,0.0
LFNAFDD,1.0
VWQYFSAD,1.0
VVIKK,0.0
FMYSIQD,1.0
FVIWDD,1.0
VTIYKRTR,0.0
LQWPK,0.0
VAAR,0.0
PLSD,0.0
FIWKK,0.0
LGILQTDD,1.0
LVWYK,0.0
IMLMSFPR,1.0
MPHHYLQE,1.0
IYVNLEE,1.0
AMFDSE,0.0
YVWEE,0.0
LVESLTD,1.0
FLLNAKR,1.0
FYAED,0.0
VIFSQAELD,1.0
IVLWKK,0.0
SKLQNR,0.0
VIIMTKK,0.0
TLPRK,0.0
VGMALED,0.0
APYR,0.0
LSYK,0.0
EIASLQE,1.0
MLLATDD,1.0
SVIATVRR,0.0
MVHAE,0.0
ILTVGDIIHE,1.0
IMLLGSEE,1.0
FLYMHDAQWE,1.0
LLVYARK,1.0
IHMMIDD,0.0
VLVDTGE,1.0
IYWQAEE,1.0
GLFID,0.0
FIEFPE,0.0
ALELDAE,0.0
INPIAPGPE,1.0
VFIAFMHTR,1.0
VYKR,0.0
LFVLGDD,1.0
LIGVVGDLD,1.0
MPWSE,0.0
LEVASLLD,1.0
LIWKK,0.0
FLVFKK,1.0
ILIVAEE,1.0
GKKR,0.0
FMIHEE,0.0
FTVAR,0.0
VILAYEE,1.0
MFHIQTD,0.0
WEMAINE,1.0
VLQANIYK,1.0
PKFFLR,0.0
LELSSAE,1.0
FRQAPK,1.0
LGWPYD,0.0
MWAK,0.0
PVPHDTE,0.0
LMVAARK,1.0
MEVLD,0.0
IAIVDAGGD,1.0
IVMAAGIDD,1.0
VILDD,0.0
YMITMFNVE,1.0
VSLTYD,0.0
IMLLPQDE,1.0
ILYADEMD,1.0
DVVVE,0.0
YNIFD,0.0
LVYVSGGID,1.0
VFLYRR,0.0
IIVSDFE,1.0
WIQD,0.0
FIYTRK,0.0
TYLK,0.0
IILGDVAID,1.0
MLSMALDD,1.0
LLISRLSTNK,1.0
YMNWVGD,0.0
VWAAQIGWE,1.0
YARK,0.0
LLDMNAD,1.0
MWWWD,0.0
AVVAAKK,0.0
LMLANKR,1.0
TMAE,0.0
PSWNSD,0.0
QLIENWLE,1.0
PFYLK,0.0
VMLMKK,0.0
IYLYEE,0.0
IFLTTEE,1.0
WWLR,0.0
LSLLVKK,0.0
TIMHQD,0.0
LDWE,0.0
WMLVKK,1.0
PQLVD,0.0
MTIWSMD,0.0
VVAPQIYSK,1.0
FPGDAPNAE,1.0
MFED,0.0
AYANE,0.0
LIVSRQK,1.0
IWLD,0.0
VPYR,0.0
MHVK,0.0
VLIFTIR,1.0
VWYHSD,0.0
DMMYE,0.0
VINWATD,0.0
EVIIQAD,0.0
VLIISSDTD,1.0
LMGTLTEE,1.0
PWQD,0.0
SWQR,0.0
ELFAQLGD,0.0
LVGGMSSPD,1.0
FMWFKK,0.0
IWFVEE,1.0
VFMK,0.0
IVTLLTEE,1.0
EAYD,0.0
WMLEHTE,1.0
VGLFAEDD,0.0
LYMMATEE,1.0
RVAAK,0.0
HPPPE,0.0
PGTPTE,0.0
VVQLTEE,1.0
FSLR,0.0
FFRR,0.0
FLMANDD,1.0
VILKQAR,1.0
LTRGK,0.0
MYINADE,1.0
LQYFND,1.0
MLIYQDD,0.0
YAND,0.0
ILSIIKR,0.0
YAWVE,0.0
IWAGR,0.0
TFME,0.0
WVMDD,0.0
YIEIDAD,1.0
VLFKK,0.0
WWIWEE,1.0
PTKAQK,0.0
LRVLSR,1.0
FFLRK,0.0
IINMMAEE,1.0
PILYPKVK,1.0
IRYK,0.0
MSPFE,0.0
EFTD,0.0
VLVAMKR,1.0
AKTK,0.0
GTIPPQQGD,0.0
PLDFQQAD,0.0
IILGSKK,1.0
GLFYADD,0.0
FIMIWLSLR,1.0
MFEGMEYE,1.0
IWVHD,0.0
AVLFNDD,0.0
PTYR,0.0
ILYAKTK,1.0
FAPLSNSGK,0.0
ISMD,0.0
KLYR,1.0
SVLVADD,0.0
IFRHAPIIK,1.0
LFMETQE,1.0
PEFD,1.0
FAIGVE,0.0
WWVLEE,1.0
LYIMSEE,1.0
PHPD,0.0
IYQPKK,1.0
LVLAAAGDD,1.0
DLLVADD,0.0
IGMVTGDD,1.0
LYQHD,0.0
AITTLE,0.0
LVIYAEGLD,1.0
VMRSWK,0.0
IVIHNDD,1.0
ESPGD,0.0
QSFPE,0.0
FLLMTKIR,1.0
IIMAGGGID,1.0
QIVID,0.0
SMVYQRSR,0.0
IVMVSRR,1.0
TIEWAD,0.0
LAMVGADLE,1.0
WGFR,0.0
FWKINRNRR,1.0
LRPVKHK,1.0
VMIVKK,0.0
PWYRGQR,1.0
AYMD,0.0
VIAIAETLHE,1.0
LIYMNSPIR,1.0
LAVVAAGDD,1.0
IWDQSD,1.0
VVLVLSTTK,1.0
PIQSMK,0.0
FTIEE,0.0
IIFDAGDE,1.0
IVMKLKKWR,1.0
LLSKLAGIHR,1.0
LHWE,0.0
FKHFK,0.0
YTLWAR,1.0
VGKYK,0.0
VWMIKK,1.0
MWPGQFR,1.0
WFIVDD,1.0
AILTFR,0.0
FVSTMQKK,1.0
LILEGADLE,1.0
FMDEHE,1.0
LFISQDD,1.0
LVYLEE,0.0
FPAGQFVSE,1.0
LLTEDGE,1.0
QFTE,0.0
GIVLYDD,0.0
ALWPNPE,1.0
LILRRSK,1.0
LMLSKNR,1.0
RKYANR,1.0
KIIQLAFMR,1.0
LFLAMFR,1.0
VYFE,0.0
YALD,0.0
HFVR,0.0
LFQLHYD,1.0
YFISR,0.0
PEPVD,0.0
SLFE,0.0
AIAR,0.0
WTLILPMMD,1.0
LEFAISD,0.0
VKIR,0.0
DMYAE,0.0
FMILVSR,1.0
VWIVTGRR,1.0
IIAEIWE,1.0
IIYTE,0.0
LYFVAED,1.0
LLFAKGR,1.0
ALVSAKR,0.0
KYYR,0.0
VFMVDD,0.0
ILVAFEE,1.0
YKKR,0.0
IMYIRTR,1.0
VYLYLEQHPE,1.0
IFMIDD,1.0
HVLAQMD,1.0
PAKPR,0.0
YIVAADD,1.0
MLIESEFE,1.0
KIWYVNK,1.0
LLVATEQILE,1.0
LVIYRTK,1.0
IWYPYR,1.0
FIALNDD,1.0
LVSKK,0.0
YMYLED,1.0
QWGAD,0.0
GYEQD,0.0
MMVADTD,1.0
YFYNNWIFD,1.0
VHRTR,0.0
ILALAEAGD,1.0
LIIMDGD,1.0
VLLHKK,0.0
YIITKR,1.0
AHHE,0.0
MEGVWD,0.0
VTILNGEE,1.0
VYYWE,0.0
KKAK,0.0
LVLEDPMD,1.0
LFVVQADIHD,1.0
AMIPIEHE,0.0
LIIWEE,1.0
YEMAD,0.0
AYIEGGD,0.0
IVAK,0.0
YWLE,0.0
IMTAWE,0.0
IPLGYTGE,1.0
ALKFANK,0.0
YEVE,0.0
IVSKLRIK,1.0
EGEQGAE,0.0
KLWR,0.0
MQWFRR,1.0
LMFMNSK,1.0
IIMAWRR,1.0
LIEE,1.0
LILMYRR,1.0
VVYGK,0.0
LVYMD,0.0
IVRVYAR,1.0
YALPQWD,0.0
ILDIAAEID,1.0
MMKLIAR,1.0
AIFLAEE,0.0
LILAADALD,1.0
IHME,0.0
KLIMAGR,1.0
VMVQAFDQSD,1.0
IWSLGED,1.0
ITMK,0.0
ALLMLR,0.0
LIVWKK,1.0
AVEMSE,0.0
FLVTDD,0.0
MLLFEE,1.0
LVFFEE,1.0
YYLRGR,1.0
FVQSPPLID,1.0
LGIKK,0.0
YANFPGE,0.0
WKNK,0.0
AKPK,0.0
LFIQSDD,1.0
GFFVE,0.0
IILKSVK,1.0
IAFGAKK,0.0
LIYYARR,1.0
IIID,0.0
MPVPRKYMQK,1.0
ILAYSEE,1.0
FMVSIVARK,1.0
LIYEE,1.0
MVTDADD,1.0
PGWR,0.0
LLSRIAK,0.0
IWIPEPME,1.0
FSPTDE,0.0
LIYKAIK,1.0
LQVLFSDE,1.0
VVEIISYVQE,1.0
LDHD,0.0
VVLVVHEE,1.0
MLWIKK,1.0
FMFIKK,0.0
VFYLEE,0.0
ILVGHEE,1.0
VVIVRKK,1.0
IIAAR,0.0
LYGISISD,1.0
LKNK,0.0
LIIQYAEE,1.0
WYLEE,1.0
WALK,0.0
IFVVGAQLIR,1.0
IVFSDQE,1.0
YAVR,0.0
MVIVTSDD,1.0
LVTVGDD,1.0
YATQK,0.0
YLVASEE,1.0
QIWR,0.0
YIRLTAR,1.0
KTGK,0.0
GMHLD,0.0
KLVGGGAILR,1.0
IVIKK,0.0
WDWD,0.0
IVLNHD,1.0
PNPYD,0.0
IVMYMGDD,1.0
GMMYYFQE,0.0
TVKR,0.0
EVMGIDGD,1.0
LVYGIEE,1.0
WIGDD,0.0
VIFMKRR,1.0
AFIQDAE,0.0
WFVDSE,1.0
FGEND,0.0
FLDDYE,1.0
IITLVRR,1.0
MYVFYK,1.0
KIVGGTGQK,1.0
YYSD,0.0
LVAIIAETD,1.0
FIALHDD,1.0
WIMTFLGR,1.0
LMSSIYDFAE,1.0
IYIDNGD,1.0
IIVTSRR,1.0
FWFLEE,1.0
TVVKK,0.0
IMMHNDD,1.0
QWFGNDE,1.0
AILWSEE,0.0
PMHSILE,1.0
PVNFMGPAVE,1.0
LMHMEGD,1.0
VIID,0.0
PTPFTK,0.0
FMEWQD,1.0
LAVIVDADFD,1.0
VIYGSEE,1.0
YHMD,0.0
MFQAVGDD,1.0
IIIWAADD,1.0
LILRQKK,1.0
TYLPD,0.0
PGAFGFD,0.0
WIFFDD,1.0
IWTNTK,1.0
IFTIGRK,1.0
IGYE,0.0
WYPYD,1.0
MFLAKTR,1.0
WFLFDD,1.0
MFLFKK,1.0
FLNTMVD,1.0
WPNSE,1.0
LTFK,0.0
MIFFDD,1.0
LLLGVADE,1.0
YLFR,0.0
VVIWKK,1.0
FINIGDE,1.0
KISNQR,1.0
LVIWKK,1.0
LEAVHE,1.0
VGLFDD,0.0
FLNAPHD,0.0
YLVDVEED,0.0
LLDASIE,1.0
VLILAEELD,1.0
MTLMLK,0.0
ILSMGDGID,1.0
PITE,0.0
GAMQANGD,0.0
LWIKK,0.0
ILLLKK,0.0
AILWNEE,0.0
LIGFDGD,1.0
FLVSAKK,1.0
LIIVENTE,1.0
VVIDTDE,1.0
LIVSMQTMR,1.0
ELLAGED,0.0
VMVWDE,0.0
VSLD,0.0
IVLDLGDE,1.0
ILHMR,0.0
AQTD,0.0
ILTNIVEE,1.0
WFGK,1.0
LIIIEE,1.0
VSIIQVEE,0.0
ILADALE,1.0
LIQITELE,1.0
IIKSVSK,1.0
WFLIKK,1.0
LIATQKK,1.0
HVLLR,0.0
MEGTD,0.0
MFFEE,0.0
MLHTR,0.0
FLMFDD,0.0
VFIK,0.0
LVLYTEE,1.0
GIVFGGEE,0.0
LGIAMTEE,0.0
IILVKK,0.0
ATMMVYWAE,0.0
GIITGED,0.0
VIMIKK,0.0
SLIWD,0.0
VVVKK,0.0
IFFE,0.0
WWSED,0.0
MLISMGPSK,1.0
VNFWGE,0.0
MVVKARK,1.0
LVYAVEE,1.0
VWHD,0.0
LMFHIEE,1.0
QVWGK,0.0
IISLAGDD,1.0
LLSGMDD,1.0
KSYR,0.0
AWPE,0.0
WHLNE,1.0
TYLR,0.0
IIYEGDD,0.0
MPQWMK,1.0
IFMQKR,1.0
PYGD,0.0
WKLK,0.0
VMLHMDD,0.0
LAIWDGD,0.0
VLFIKSK,0.0
ILAEE,0.0
ILLAADD,1.0
LMFWEE,1.0
FYHE,0.0
GITD,0.0
VLMSAAVR,1.0
MVWDD,0.0
FWRMNR,1.0
DLALD,0.0
IIMMTKR,1.0
IKMISSR,1.0
LVIFEE,1.0
LLVAGTLALR,1.0
LTMMSED,0.0
FVPMMANWDE,1.0
VMYLEE,0.0
IIMIEE,1.0
VLHGR,0.0
LGLYSEE,0.0
LYITIEE,1.0
FMYAIEE,1.0
FMIITDD,1.0
LFLGKGR,1.0
VVVAKK,0.0
TVVIK,0.0
WKMNAR,1.0
FLHIHMMLR,1.0
WLPGFSE,1.0
FIVLEE,1.0
DTDD,0.0
LIMHGGALHR,1.0
IIWLADE,1.0
ISFYVE,0.0
HLWE,0.0
PRFMK,0.0
VVFDD,0.0
MISSLNDD,1.0
LAYR,0.0
PRAIKR,0.0
MTDIE,0.0
SLEWD,0.0
KIIVLFHIR,1.0
PSQIMTR,0.0
FFFE,0.0
VPLHHMAIR,1.0
FVSLPD,0.0
WVVRR,1.0
FMVVDD,0.0
VKAAYK,0.0
QYMWQE,0.0
IISIADD,1.0
LIMADTID,1.0
LLADEGE,1.0
ALTPK,0.0
IWGGK,0.0
MIEALEGTND,1.0
FWAK,0.0
LFINGDD,1.0
LSWIE,0.0
LFISLDD,1.0
FIVDSED,0.0
IFFQVEE,1.0
YVWK,0.0
KAKK,0.0
DMTD,0.0
IHLYVRIFK,1.0
VIPE,0.0
PNAD,0.0
WFQD,0.0
VYWKK,0.0
IMWLMEE,1.0
VILVEE,0.0
LALDSSE,0.0
LFKK,0.0
KIIR,0.0
LKSVQIR,1.0
MMFYARR,1.0
MYDAE,0.0
VFLHEGE,1.0
FDIYE,1.0
VMFTGEE,0.0
IQATK,0.0
ILKVKAAILR,1.0
PIVSLD,0.0
WVVMKK,1.0
LEIVDAALD,1.0
HLPR,0.0
LYFDVIE,1.0
ILNIMESE,1.0
FFMFGYLMR,1.0
VVVWDD,0.0
VVTEE,0.0
LLDALDD,1.0
HFPE,0.0
MFAMTDE,1.0
ILMIEE,1.0
FWMSE,0.0
FYLEE,1.0
MKMK,0.0
VKPRLSAKK,1.0
KGMIAR,0.0
RIWR,0.0
LIYGTDD,1.0
ASAE,0.0
WADD,0.0
YMELE,0.0
LTIMAAEE,1.0
MMFTNADE,1.0
LIEMESE,1.0
AGED,0.0
WSPK,0.0
IWIEE,0.0
LVFIENE,1.0
WYPPPWD,1.0
FWVWKK,0.0
LMSVDAGLD,1.0
PFWHMMDED,1.0
LLIAVTDLE,1.0
VIISVAEE,1.0
LLSSDMD,1.0
WLQLKR,1.0
LMKK,0.0
KAFK,0.0
LMHISDD,1.0
AMSD,0.0
IFLSQDD,1.0
YAFAE,0.0
MYYTIMK,1.0
FIGIETE,1.0
LYLKK,0.0
MKLK,0.0
DMLVTAD,0.0
FFRK,0.0
MISMSEE,1.0
VYVFR,0.0
PRMFWR,0.0
IFMMQKK,1.0
IYAIMDD,1.0
ILISISQLD,1.0
MLTLGEE,1.0
LLIAKRK,1.0
LSPWK,0.0
WLLRK,0.0
PYMETIVFE,0.0
LGYNK,0.0
FEWE,0.0
VLAVLRATHR,1.0
MWEFDD,1.0
LGIFSEE,0.0
PMSGFE,0.0
LVFADGE,1.0
LVGLSKK,1.0
LVIAMIDD,1.0
LGWME,0.0
LLTK,0.0
YVEAIAE,1.0
SIIKIRK,0.0
FMFEVAIE,1.0
QPFE,0.0
IPFSRLWNR,1.0
AIIAGKK,0.0
WLIWKK,0.0
VLVGESAID,1.0
IIAILRR,1.0
TIVD,0.0
LIIGNSDE,1.0
LWVDE,0.0
IIAFTKK,0.0
LVLTLADLD,1.0
IISVVTEIE,1.0
VFMAASALD,1.0
LIIVGEE,1.0
VFVTTEE,1.0
LLMVED,0.0
IWVGEAE,1.0
YVKFR,1.0
VVIQWTMANR,1.0
IQPKRSR,1.0
ILVGLQEE,1.0
TAQD,0.0
LVWK,0.0
WAAMD,0.0
YYMR,1.0
LVYVASEE,1.0
IIGVGDD,1.0
MMELGAD,1.0
MVLADLD,1.0
AFIARR,0.0
VVWLEE,0.0
WDLVTE,1.0
FFLFKK,0.0
FDVDD,0.0
TAKQK,0.0
PYNGAR,0.0
IIKATAR,1.0
ISMK,0.0
LIRAVKGR,1.0
VFYVMDD,1.0
TIEE,0.0
IMVEHED,1.0
LLMNTKK,1.0
FVFMKK,1.0
KFRR,1.0
VTMSHR,0.0
VIMHSK,1.0
GEMDED,0.0
VSKK,0.0
ILTK,0.0
AWPINFD,0.0
FIVYEAD,1.0
VIIGSEE,1.0
FHSR,0.0
VKSKIR,0.0
LYWPVDME,1.0
AMYMD,0.0
TLLNLDD,0.0
PSWVDNE,0.0
YMWKK,1.0
VLAILKK,0.0
KLLMK,0.0
FYYIMTK,1.0
VVLAAKLAFK,1.0
AYWD,0.0
LVVSLSEGD,1.0
ALWMVRK,0.0
WLVVKK,1.0
IMWTQDE,1.0
LLVRSTK,1.0
PYTHD,0.0
PPFGMK,0.0
MLKISVK,1.0
TLKK,0.0
ILHAMGEE,1.0
IYFQAEE,1.0
GLYND,0.0
PGPHE,0.0
WITIEE,1.0
HIPR,0.0
IKGK,0.0
MLAVDDDID,1.0
ELVAIDQE,1.0
IIMSADD,1.0
VYVRK,0.0
IMMWEE,0.0
YIVNDD,1.0
LLVASDLQFE,1.0
VYRK,0.0
IMVESAEID,1.0
ALTPTQE,0.0
VIHGFDD,1.0
LLWE,0.0
AILITAEE,0.0
FMANKK,0.0
GLLAE,0.0
MPPKRFK,1.0
LMHMRR,1.0
PGLAVEGD,0.0
LIFHESE,1.0
GLWHE,0.0
IITLTVEE,1.0
VYNAR,0.0
FWNALMPE,1.0
WILSDD,1.0
VLFGSEE,1.0
PGFVHTE,0.0
ILTQSGK,1.0
FWYDD,1.0
MISVDGAE,1.0
YYEHIND,0.0
LMSIQEVD,1.0
SYMR,0.0
LMLSRTK,1.0
TIFK,0.0
VLMAKVR,1.0
MMFVNQYWR,1.0
IVYNLMK,0.0
LATR,0.0
VLLIEE,0.0
FFLEE,1.0
LQDPMAFGE,1.0
HPEQE,0.0
LFTRMVK,1.0
LIDLALD,1.0
IYVRSR,1.0
VIYYEE,0.0
LFQFGDD,1.0
KLLGK,0.0
WPMYGED,1.0
RWALNGK,1.0
LLSISRR,1.0
WVWIEE,1.0
MISIVDD,1.0
PAPMAR,0.0
LEIIYGD,1.0
LVLSDLGNND,1.0
FGEVD,0.0
AASR,0.0
HPVD,0.0
MTMR,0.0
ILQLKRK,1.0
VDTWE,0.0
APGD,0.0
SPMD,0.0
FLSLFK,1.0
IMMKK,0.0
LMIFHRR,1.0
VLWFEE,0.0
IILQLDD,0.0
DPYED,0.0
LQTD,0.0
LLLFNRR,1.0
FPNNTD,1.0
LITAAVEID,1.0
IIGMADAAD,1.0
LILRTAIIHR,1.0
MWQNSE,1.0
LYIVDSD,1.0
LIETITE,1.0
SVLFD,0.0
LLAMAIDTFE,1.0
MAFYK,0.0
ILWSMK,1.0
FLYMK,0.0
MMESITE,1.0
IMVESDE,1.0
IQSTR,0.0
GDLWID,0.0
KMYR,0.0
LIFINTEE,1.0
VKHFK,0.0
FTYK,0.0
FHQQR,0.0
VIDFDND,1.0
ELTLLD,0.0
PQSTE,0.0
IILSGDE,1.0
LRYK,0.0
MLFARGR,1.0
GILGALEE,0.0
ALVSLVED,0.0
FVWD,0.0
FTLTKGGR,1.0
VFITKK,0.0
YKFR,0.0
MWWFKK,1.0
WLVRK,1.0
AILQAMEE,0.0
IWSTE,0.0
ILWAGTR,1.0
ILYAAAIDD,1.0
MMDSE,0.0
AFAK,0.0
FWNFNIFK,1.0
YVWAR,1.0
PLIPSMIMQE,1.0
VTLMADD,0.0
WIVLKK,0.0
MGWMTK,0.0
LSTE,0.0
FIYADGE,1.0
LIAMSRR,1.0
YLFVAED,1.0
LWGELAE,1.0
IVILQKK,1.0
GIFHMK,0.0
EYVGDGE,1.0
IWEDPFD,1.0
LPFAR,0.0
DPYD,0.0
VFIIDD,0.0
RFLMNWGAK,1.0
IIAGMEE,1.0
GILR,0.0
VVLGGAADD,1.0
IMLGEAE,1.0
DWMD,0.0
MMLFARR,1.0
ALSAD,0.0
MFAKK,1.0
MPPTGPQVID,1.0
VLWNHD,0.0
LMLVEAAD,1.0
MPPMFMWHR,1.0
IPEFYE,1.0
LALVDDGLE,1.0
WFTDNE,1.0
KAIIR,0.0
PVWK,0.0
MMLSTEE,1.0
AWQE,0.0
LPPKPVYLR,1.0
FVGGFGD,1.0
FFLIEE,0.0
IPGLTKITK,1.0
VLAMVDD,0.0
LLTMQKK,1.0
QPALPPDPE,1.0
SLIPHK,0.0
AYPK,0.0
KMLRK,1.0
FMMMKK,0.0
FRLLR,0.0
MEILDEAE,1.0
IWFWEE,1.0
TVFQR,0.0
GIMLKR,0.0
AYFMK,0.0
LQIWAEE,1.0
TPKGR,0.0
IIISLGDND,1.0
VFMNFNELD,1.0
EPANIIIWE,1.0
ILFDSAE,1.0
PNFFWDD,0.0
GILSGDTD,0.0
IVVLKK,0.0
WFPSKK,1.0
LIGVASED,1.0
LVVAIED,1.0
PFNVSFYK,0.0
WVLEE,1.0
DMITAD,0.0
LAEISGDE,1.0
LVFSEEE,1.0
IYGIGLDD,1.0
VLIGSVDLD,1.0
VIVLHEE,0.0
TLIVLAE,0.0
LFQISDE,1.0
MIFLEGD,1.0
MGYLTEE,0.0
IWNYYIR,0.0
ILKIRMYFTK,1.0
RFKR,0.0
WMPPAMHVE,1.0
AVKSR,0.0
WLHLK,1.0
LLGAAADIE,1.0
LIFADSE,1.0
FIWVKK,0.0
SFLR,0.0
IIFHHDD,1.0
WMVDD,0.0
VYSK,0.0
IIGIEAE,1.0
IFWAIEE,1.0
IILAGGDIE,1.0
ILLMKNK,0.0
ILGVVADTE,1.0
FIDIIDD,1.0
EMSE,0.0
IVSVANDD,1.0
VVMKAKK,0.0
NIFDDD,0.0
MQLVTANVE,1.0
LIAETDD,1.0
LDIDIYE,1.0
FHAR,0.0
WMFFEE,1.0
FVMHAPENMD,1.0
VILTRTR,1.0
YLFGAGEE,1.0
FVMWDD,1.0
LISGLED,1.0
KVHR,0.0
VVFEDGE,1.0
MMMHTEE,1.0
AIFYD,0.0
EFAE,0.0
FGMWPQGTE,0.0
MVVISSTND,1.0
NPPLNSIAE,1.0
LALIAQEE,1.0
VVILEE,1.0
FWQNSE,1.0
FIVHE,1.0
SLTD,0.0
LIFGR,1.0
IFLD,0.0
IMAVDAEITD,1.0
MLIWK,0.0
MWIR,0.0
VIIQSKK,0.0
MISD,0.0
VMGVDSE,0.0
MMFAATEE,1.0
LSID,0.0
YMPK,0.0
WMALDGE,1.0
ITLKGGGLFR,1.0
GLIATEE,0.0
SYQD,0.0
MFMNDTE,1.0
IILGAETLD,1.0
IILQADGID,1.0
SFIMGFE,0.0
MFEANQD,1.0
FWVEE,1.0
ILIAGEALE,1.0
TMMVTSD,0.0
VIHPE,0.0
IILGSKAVHR,1.0
YATD,0.0
PWEGIMDD,1.0
LVSALVDD,1.0
MVLVKK,0.0
LWIIKK,0.0
IIFGVGEE,1.0
IVLNHAEE,1.0
FVMGGGDD,1.0
IMLPK,0.0
AWAMK,0.0
VISMVGEE,1.0
FFGK,0.0
MYNPNEHE,1.0
YFIEE,1.0
ILSWIIPNE,1.0
TTIIMAADD,0.0
WKAK,0.0
LIHVIEE,1.0
LLRLISSTQK,1.0
VSFIQR,0.0
TQKK,0.0
AYMHFAE,0.0
FIIESVD,1.0
MEMLDYE,1.0
IKWR,0.0
MILHRIR,1.0
IIEIYGD,1.0
MITLSDD,1.0
FMAYEQD,1.0
VLHK,0.0
VFIHDIE,0.0
MWFEAAD,1.0
VLLTAKK,0.0
TVFR,0.0
LFDIAQD,1.0
LMLKYFR,1.0
IMHLQDD,1.0
PLAD,0.0
WSPNFGE,1.0
PLTWIR,0.0
MLKAYK,0.0
TIKK,0.0
IFHDME,1.0
WLED,0.0
LLFADGVD,1.0
FQVVVIFNPD,1.0
ILDIAAIAD,1.0
LLEAVVMD,1.0
IIVWRGR,1.0
YGFFHD,0.0
VIAEE,0.0
VFMLEE,0.0
EPVHMD,0.0
WIFK,0.0
LLTGSELE,1.0
IYIMEND,1.0
LWFLKK,1.0
LTLTNMPFE,1.0
MTPWLMD,0.0
ILFWEE,0.0
AVTD,0.0
FFTGADD,0.0
LYIANTLVGR,1.0
TYDDE,0.0
LVIAASIDD,1.0
VPYE,0.0
LMTNQGGD,1.0
SLGK,0.0
FMFLKK,1.0
VVILQDD,1.0
KTPR,0.0
FAVTNEE,0.0
FMFINSWGK,1.0
VAYR,0.0
QLGSR,0.0
VFGLD,0.0
AWAFR,0.0
YIGGD,0.0
PQFYHD,1.0
FIIDAVD,1.0
FFIYDFALDD,1.0
APVVD,0.0
ILAYYEE,1.0
IVLVASDD,1.0
AIMAAFR,0.0
VLLATEDLE,1.0
SFLTR,0.0
IMLWEE,1.0
AMFE,0.0
KFTR,0.0
VLIAEDD,1.0
WTNE,0.0
KLYRK,0.0
ITFLIDD,1.0
IFDETME,1.0
VFFD,0.0
FVLWSWNQR,1.0
MLIYRR,1.0
ILKSASLIIR,1.0
IKLISQR,1.0
IIALSIDLLD,1.0
PTIQK,0.0
RFPKK,0.0
MLISLEE,1.0
MIVSVDAILD,1.0
WDFD,0.0
LMVDTGD,1.0
EQSGD,0.0
LIEHVEEE,1.0
SFQK,0.0
LTPPEFGPD,1.0
SFIPVEED,1.0
ILKAAYK,1.0
LVGEVSD,1.0
VILLTRR,1.0
LLRVIGGTNR,1.0
LVSLESD,1.0
LTHR,0.0
PVFHPK,0.0
FEAWD,0.0
PWVTDDLE,1.0
SMQD,0.0
WEAIIE,1.0
LIAIAEETD,1.0
IGWD,0.0
FYKR,0.0
MFKGGAAGLR,1.0
MYEEDID,1.0
IVIEVMSE,1.0
IFMTPD,0.0
LLMTVKK,1.0
LLAELTD,1.0
LPVFE,0.0
TWLLD,0.0
VMAKK,0.0
LLAGVDGGD,1.0
VLFLEE,0.0
LLGEIDPFED,1.0
FLGQDD,1.0
FMQWTVQVK,1.0
LFLSSDD,1.0
MSIRKR,0.0
ILYIMDD,1.0
KALAGRR,1.0
VWLEQIFVD,1.0
GIISDD,0.0
GWAE,0.0
KQYIR,1.0
IMLAETD,1.0
EVWIED,0.0
VIVIDGDLD,1.0
PWIMYGESD,1.0
LIYR,0.0
FYVR,0.0
TIILSQYPGE,1.0
NLWPR,0.0
IILEAD,0.0
FLVVDD,0.0
LLVWKK,1.0
LFTFLIFR,1.0
ASGR,0.0
MTYQE,0.0
WLTK,0.0
LFIMKQK,1.0
LGIK,0.0
SWLR,0.0
MIWID,0.0
RKMATK,1.0
ILMNYKK,1.0
YVEE,0.0
DVVGHE,1.0
AYKR,0.0
IEILSHD,1.0
FALGGVEE,0.0
PMPR,0.0
LWFKK,1.0
MLFIKK,0.0
VLKILASR,1.0
PSLD,0.0
VMWWKK,1.0
VVFNAKK,1.0
LMIHTDD,1.0
SSPFLK,0.0
YVVEGLE,1.0
IFQKQFGSGR,1.0
ALIYAGDD,0.0
MIYLARR,1.0
NWFK,0.0
FNIMVLARYK,1.0
MIVEISD,1.0
NVLTD,0.0
IWIMEE,1.0
MIAITDD,1.0
MLID,0.0
WHAD,0.0
IVMTAADD,1.0
MWPEGND,1.0
LIGVESTE,1.0
ILVVDD,0.0
IVEYHNED,1.0
YIWWVR,1.0
YLLR,0.0
IIAELSD,1.0
SFLPEHGE,0.0
LLVSSGVGR,1.0
ILLLGEE,1.0
ILSFAGEE,1.0
ILMLDATE,1.0
VILVSRR,1.0
WMEYPGD,1.0
KHMGR,0.0
ANWVLMFE,0.0
LVLTMGDD,1.0
VWPDPHME,1.0
IKLTYLVFGR,1.0
IMTLAKK,1.0
PFPD,0.0
AVLGIQEE,0.0
VVVTLADD,1.0
MFSLKK,0.0
MLTVSGND,1.0
KGKTR,0.0
ALIMAKR,0.0
FVIAKK,1.0
MGISD,0.0
FGGMLWR,0.0
IFLVEE,0.0
FPFLFNRMR,1.0
IYFVYQTQR,1.0
MTYMQPAAD,1.0
LVVLVSTVD,1.0
ILALAMAALK,1.0
PMHLME,0.0
HLVGNFLFK,1.0
QLLSD,0.0
ILWWKK,1.0
FTNK,0.0
MLMTVDD,1.0
LMMKLTR,1.0
IVKMKAK,0.0
KPPTR,0.0
VLTLQAELD,1.0
YIVEE,1.0
PIGFFLVQVD,0.0
PFHPEE,0.0
LSLIEE,1.0
LFMHNED,1.0
WVGK,0.0
WVFR,1.0
ELLSE,0.0
TMLSPNWE,0.0
FVVTSDE,1.0
AVALYQD,0.0
MVVHDEPE,1.0
FLFEE,0.0
LLHLGEE,1.0
PIVD,0.0
PVTD,0.0
VLMTQKK,1.0
VTAQR,0.0
LFVTQAGIHD,1.0
LFSK,0.0
LYIVTEE,1.0
IIALMDEE,1.0
PFNISK,0.0
VVTFE,1.0
MWYK,0.0
IVKGKGIGFR,1.0
FMMVKK,1.0
LPSYTLRR,1.0
GKAK,0.0
LAIAIAEE,1.0
AIKMAAK,0.0
LVMGWD,1.0
MILMARR,1.0
MWINADE,1.0
TPGD,0.0
LPYRIVYR,1.0
FFMEE,0.0
VFYE,0.0
VFWVR,0.0
ILTIITEE,1.0
KHRR,0.0
SVTR,0.0
LLMTIPGYR,1.0
MSFDID,0.0
FYLDGIE,1.0
KLHTK,0.0
AWHR,0.0
LVVISTDGD,1.0
FWISPFGK,1.0
EIPQFGLAD,1.0
LAVE,0.0
TLIK,0.0
WADE,0.0
RKSK,0.0
WWGR,0.0
LFYFR,1.0
IIMLDATE,1.0
LLALKVTLHR,1.0
KFAPR,1.0
GLLTLDD,0.0
IKIIK,0.0
VLNVIAEE,1.0
GGAILMPAFD,0.0
YISIAVDE,1.0
FYITE,0.0
WFVIEE,1.0
LLLQIIEE,1.0
IKVANK,0.0
LLFAKTK,1.0
AIQNILVIVK,0.0
IMWGYDD,1.0
WEYASD,1.0
NMWAR,0.0
YTVNK,0.0
FSMYGNVD,1.0
HPSK,0.0
LVAGFAIPED,1.0
IWVVKK,0.0
AIFIAE,0.0
VGILKAR,0.0
YFAE,0.0
WFIFDD,0.0
LFGSVGEE,1.0
WQKK,0.0
GVIIGTDD,0.0
HYGE,0.0
SVWQTE,0.0
TWMAR,0.0
VTALLGEE,0.0
WLIIKK,1.0
ILFMKK,0.0
LELAELGTE,1.0
VPLTANE,1.0
LALMSDD,1.0
VKYAAR,0.0
VGLVAKK,0.0
HFVQR,0.0
IELVSVGTD,1.0
WEANE,1.0
WWISYD,1.0
SVIK,0.0
GWVE,0.0
TVPMTK,0.0
WFMSAR,1.0
VRLTFK,0.0
KYYK,0.0
SIMR,0.0
AFPR,0.0
LKAGLIYK,1.0
IRNVWLSWR,1.0
LLHGEGD,1.0
LGIALKK,1.0
MLWYYAPHR,1.0
IVWE,0.0
FWWPRNR,1.0
IMLDSAELD,1.0
FIFDD,0.0
MFLDD,0.0
VFVKK,0.0
FGAPR,0.0
IVIE,0.0
LNIIYFEDQE,1.0
LPFIIED,1.0
VMFMAEAE,1.0
PIKLANR,1.0
LYIVQDE,1.0
GIIIYEE,0.0
FVVIDD,1.0
LEIESGE,1.0
ILMFQKK,1.0
FLVEQTE,1.0
WFVLEE,1.0
VMLSR,0.0
