IHIKK,1.0
ILVSLGGLHE,0.0
VVYGADD,0.0
LGFAGEE,1.0
LIVKKTR,1.0
MKTWR,0.0
LIIYGAIAHR,0.0
ILIVAEE,0.0
IVLDLGDE,0.0
ILLDASD,1.0
VLEFAND,0.0
MWGED,1.0
GKAKVRR,1.0
IIVE,1.0
VVAAEE,0.0
GFFVE,0.0
MVLLMQMRR,1.0
MKAYR,1.0
MIISEADID,0.0
IGIMKGATLR,0.0
IMVIVADD,1.0
VGIVAAIDD,0.0
WKMNAR,1.0
MFHIQTD,1.0
LIFHRR,1.0
VLGKAAALNR,0.0
PWPFNLNR,0.0
TPKGR,1.0
VVTFE,0.0
LTNRKK,1.0
LWMIVTR,1.0
IVFSMQLRSK,1.0
VMIEE,1.0
PYIDSLD,1.0
FSMD,1.0
HLPR,1.0
IGLSMED,0.0
FAMIEDE,0.0
TIVD,0.0
LLFKINK,1.0
IFIMKK,1.0
ILDIAAIAD,0.0
YFAIK,0.0
VIKHAR,1.0
ITMK,1.0
WQFQD,1.0
VWMWEE,0.0
LLRMTSK,1.0
VGMHD,0.0
IVMISRR,1.0
ILGLDAEALE,0.0
LKKK,1.0
MTPWLMD,0.0
VISMVGEE,0.0
IIVVTAADD,0.0
VWAEE,1.0
FEDD,1.0
VMSTAD,0.0
FQIK,1.0
PVIPWYR,0.0
LGAFK,1.0
ALTPK,1.0
YLHDD,1.0
VFPMLHTE,0.0
IVDMISD,0.0
FMPTSQND,0.0
LMGHAEE,1.0
AILVSDE,0.0
LIFINTEE,1.0
QYFFIPNE,0.0
VVLSMR,1.0
AMFVDQE,1.0
VMLAEDEE,0.0
IGIIADD,0.0
LFLNKNK,1.0
VFPIYEE,0.0
KTFR,1.0
IQDYD,0.0
LFIKSGK,1.0
LIAIAEETD,0.0
LYMGE,0.0
IVLADGD,1.0
LMMAIAEE,0.0
MYIAKNK,1.0
PIFFNWWHLE,0.0
FFWMDD,0.0
FMLANKK,1.0
VLVMHDD,0.0
MKVRR,1.0
VYIQHPVGK,1.0
HVLD,1.0
ILATVRR,1.0
LRSVWR,1.0
LMIAAADLE,0.0
FVTKK,1.0
EFSVQE,0.0
ILIYYEE,0.0
ILISNIDD,0.0
IVYGVED,0.0
APNPWD,0.0
MYSGE,1.0
VLKSNK,1.0
TQFMR,0.0
VYEMFID,0.0
LIFVDD,1.0
FMFLKK,1.0
RVAAK,1.0
FIKFAK,1.0
VLEPE,1.0
LAVIVDADFD,0.0
WLED,1.0
ILMLDATE,0.0
NWIWE,1.0
VWVFEE,0.0
EVWIED,0.0
FRHMK,1.0
VWIFEE,1.0
LMLHQLFMED,0.0
KLLMK,1.0
TAKK,1.0
MWLLKK,1.0
LVAIIAETD,0.0
MWEFDD,0.0
IVHGDD,0.0
ILTGLSGNFD,0.0
IFFVNDD,1.0
PMDHVE,0.0
RMYLMLNR,1.0
LTLTNMPFE,0.0
IVAVIEETHE,0.0
KLTK,1.0
AWEE,0.0
WMMK,1.0
FWQNSE,1.0
FHAR,1.0
KIWYVNK,0.0
VFMK,1.0
ISKMYVGR,0.0
VGYGYEE,0.0
PKAK,1.0
YWNK,1.0
GFYWAANNR,0.0
MPPAVSK,1.0
LSYK,0.0
ILIGFADD,0.0
IVFNFEE,0.0
HPPAK,1.0
VILMNAEE,0.0
VIYGSEE,0.0
MLKIAIR,0.0
YVLEE,1.0
FIWIEE,0.0
LIEAELDD,0.0
WLAE,1.0
MHGRR,1.0
VTMSHR,0.0
YMVD,1.0
WQYFD,1.0
VVSVADD,0.0
IPMSTKVKIR,0.0
VYSK,0.0
KKSPR,1.0
PHWHNE,0.0
AWPAK,1.0
WRWK,1.0
NYLR,1.0
SWLD,0.0
PHPRNK,1.0
VYVARR,1.0
IWNYYIR,1.0
FIMK,1.0
FWVWKK,0.0
LIIIDSALD,0.0
FYEWEYD,0.0
IMGYQDD,0.0
LYIANTLVGR,0.0
FQVWND,0.0
MWLFEE,1.0
HIAK,1.0
AMSD,1.0
LAVGSKK,1.0
LVYLEE,1.0
SKIR,1.0
TLLAMEGD,0.0
YMMKK,1.0
LMIWEE,0.0
PMHLME,0.0
LMVLIQDD,0.0
DVLDD,0.0
MMFAATEE,0.0
VVALAVEE,0.0
LSIIEIQE,0.0
FIGIETE,0.0
IIGLSED,0.0
LFGSVGEE,0.0
YFGME,1.0
RHGR,1.0
LIWITE,0.0
LIVKGAK,1.0
ARKTR,1.0
IVVWND,0.0
LVVSLSEGD,0.0
LGIDYDE,0.0
TISPLR,1.0
IVVMKK,1.0
MLAVDDDID,0.0
VGLNTPR,0.0
MYEEDID,0.0
PAKPR,1.0
LLVSSGVGR,1.0
VYISDGE,0.0
IVLFQAEE,0.0
FVAYADD,0.0
WNAE,1.0
WLHLK,1.0
WVFR,0.0
IMVESAEID,0.0
AVSFLMK,0.0
MLVASEAID,0.0
INTWR,0.0
FSVLRIVSR,1.0
KMIASAR,1.0
DWDD,0.0
MVLLKK,1.0
LPLLRQPR,1.0
GMITMPD,0.0
MVTDADD,0.0
VVYGDD,0.0
YMMEAAD,1.0
VFVSMEE,0.0
EPAD,1.0
YHGPID,1.0
MAVFSEE,0.0
LGLVKSAILR,0.0
LIMKK,1.0
EYTE,0.0
MLNSYD,1.0
VVAKKNALLR,0.0
IIMIEE,1.0
FMAYEQD,0.0
YMVMAR,1.0
IALKK,1.0
LVVWNDD,0.0
RFLMNWGAK,1.0
MFINSDE,0.0
LLFRAKK,1.0
EYPD,0.0
LIVSAKGGNR,0.0
MIFHIEE,0.0
LDPEVNWE,0.0
PHLFRPK,1.0
LWGFD,1.0
MPVQHGRK,1.0
GIATK,1.0
FFLFR,1.0
LILEGADLE,0.0
FYED,1.0
IMGLAIDD,0.0
IFGNDLD,0.0
IVGSYFLKR,0.0
VISAIDD,0.0
YGYE,1.0
GIHSK,1.0
PHNFQE,1.0
LLSDGIE,0.0
YLLPD,1.0
MVMKK,1.0
YISIAVDE,0.0
YYLRGR,1.0
FPYPHPDD,1.0
VLGLSSGGR,0.0
WSPK,1.0
PLNGGNAR,0.0
MMFYARR,1.0
VARQWR,1.0
FVISFEE,0.0
IKVANK,1.0
PPVALGQPK,1.0
LIGLHDD,0.0
LEAVHE,0.0
LYMEGGE,1.0
LLRVIGGTNR,1.0
FLFFAPDFD,1.0
LNMWRK,1.0
LLGYEAELD,0.0
RPLWR,1.0
FSYK,0.0
LIIKMRK,1.0
LPFNKK,1.0
LAYEE,1.0
VLIGYEE,0.0
FQWFR,1.0
NWSE,1.0
IKRWR,1.0
IFFSMEE,0.0
ALIKITQVK,0.0
WIIGE,1.0
AVHLVAK,1.0
VWIEISQEE,0.0
LMTYWFGYD,0.0
KIKGR,1.0
KIPGGIYK,0.0
EIYQVAEE,0.0
PELYVD,0.0
INVLSDD,1.0
AFVIR,1.0
LALVDDGLE,0.0
VFIWR,0.0
FVLETEE,1.0
PPFHLE,1.0
LWVDE,1.0
YSQE,1.0
GIFK,1.0
IIVAKGQIHR,0.0
FIAIAKK,0.0
AYMD,0.0
PHIQGAK,1.0
LLTVGVDD,0.0
VEVITGE,1.0
LQVLFSDE,0.0
FEYE,1.0
MSSFE,0.0
VGDYGD,0.0
FMPIFMR,1.0
IFMLSRR,1.0
IVVMSVEE,1.0
MKHK,1.0
IVSIIRR,1.0
IIWLEE,0.0
VKHFK,1.0
FLKAAIR,1.0
YWAGD,1.0
LMDSD,1.0
FLVD,0.0
LWFFEE,0.0
FLVVDD,0.0
LLGAAADIE,0.0
FKHR,1.0
MAVMAAADD,0.0
MVTTGEE,0.0
YLDFNE,0.0
LIWIARR,1.0
IKFGRWFK,1.0
FDVDD,1.0
LMVEAAD,1.0
MWSVRQIK,1.0
LNLYVDD,0.0
ALIIMVSTYD,0.0
IILKK,1.0
LLAMAIDTFE,0.0
FSWGIE,0.0
TPMFKTRK,1.0
GWFD,1.0
VLEMAQDE,0.0
VITVDDGLD,0.0
VLKILASR,1.0
MFVVDD,0.0
KYKR,1.0
MIFEGDAE,1.0
LMLEAND,0.0
TPPPLDIEE,0.0
YTRK,1.0
WWIMKK,0.0
LIDLALD,0.0
AVLGIQEE,0.0
IIWFKK,0.0
VNFPHIK,1.0
PLPDLYLATE,0.0
ILLSAALDD,0.0
LFPR,1.0
IISVVTEIE,0.0
LIYHD,0.0
YDPD,1.0
LTKMQYNR,0.0
LFGYDD,0.0
VLFIEE,1.0
VIFENSE,0.0
WWFEE,1.0
YYATED,1.0
IIALSIDLLD,0.0
WPVNPR,1.0
ILMVQGDD,1.0
IMGSIFIAIK,0.0
YIDD,1.0
IIITVEE,0.0
VLTTVDD,0.0
ILAYSEE,0.0
VFVMDD,0.0
FIWKK,1.0
IAIVGAEDE,0.0
IFIEYAD,0.0
FFLIEE,0.0
MIID,1.0
LWAEVAD,0.0
AFGK,1.0
VLVSILTNE,0.0
KVFVR,1.0
FFWFKK,0.0
MFGFGAHQEE,1.0
MYDAD,1.0
IMWLMEE,0.0
VLLYRTK,1.0
IWFMDD,0.0
TIYPE,0.0
FIMFEE,0.0
LVLYTEE,0.0
FLEVASYD,0.0
ALMAGMDD,0.0
VGSVYFFR,0.0
LSVMTDD,0.0
MAYAE,0.0
ILVNVKK,1.0
FMMMKK,1.0
LITAAVEID,0.0
WVVVDD,0.0
FILSIDD,0.0
KGGQR,1.0
EWILFD,0.0
VLISELTVE,0.0
LLHAIDD,0.0
VWYHSD,1.0
IMAYGEAID,0.0
PMSGFE,1.0
ILGIAAVDD,0.0
MAIYDDD,0.0
YMMHHK,1.0
WVVHE,0.0
PTPR,1.0
VVYVDD,0.0
WMKR,1.0
VLFMRSR,1.0
FQVVVIFNPD,0.0
VIIHSDE,1.0
PLALSWEIED,0.0
KGKTR,1.0
YPWPFTR,1.0
VLIIAGDD,0.0
DLMYNGD,0.0
PAPSYFR,0.0
LLLSTDD,0.0
GLLTLDD,0.0
MISAK,1.0
LSVIVDD,0.0
VYDIGGAE,1.0
FNLNWPMTD,0.0
MTGE,1.0
RLPSR,1.0
IIDVTYD,0.0
LSKLGPNFFK,0.0
GFLETE,1.0
LLDLSAGID,0.0
FAPNMDFE,0.0
YMVTR,1.0
YMFED,1.0
FLLARTR,1.0
PYTAATE,1.0
NWFK,1.0
LGFIADD,1.0
WAEDE,1.0
FPNNTD,1.0
MWMEE,1.0
AKLLLANR,0.0
RFAFR,1.0
PDVYEE,0.0
ILLIADQD,0.0
YWIQGDE,1.0
VIIMTKK,1.0
WVLFKK,0.0
LHVMAK,1.0
PYNGAR,1.0
IYISAAEE,0.0
IGIYKK,0.0
LLMTIPGYR,0.0
VPAVHD,1.0
YYAIK,1.0
LFID,0.0
VFQLIDE,1.0
ILMNYKK,1.0
VIFSAEE,0.0
LAILNFAR,0.0
MEMSMTE,0.0
VISMALEE,0.0
IWGAAED,0.0
MRSK,1.0
IFAAID,1.0
FIVIYSMLGE,0.0
VLLAADTLFD,0.0
FAIGVE,1.0
VLFLRTR,1.0
IGFLIE,1.0
IMIKK,1.0
MELVGAGTD,1.0
FGAYEDD,0.0
LLESDID,0.0
MAYWE,0.0
FVWIDD,0.0
TLIK,1.0
WLMAGQFD,0.0
VFLATRK,1.0
FFIVDD,1.0
MMYLQEE,1.0
LFIMKQK,1.0
FGIMGTK,1.0
GGMPYTR,0.0
LFFWEE,0.0
MFGMDTD,0.0
PVITGRQK,1.0
LMKTPTKRR,1.0
FAGR,1.0
IIMMTKR,0.0
VVLIIDD,1.0
KISNQR,0.0
VMLHMDD,0.0
MYALDMTE,0.0
LLMWEE,0.0
VLITLEE,0.0
VGLIDAED,0.0
YAAD,1.0
YQLLVIHTE,1.0
LAVLAQADD,0.0
LGFMGDE,0.0
IVAGGAD,1.0
LIDWD,1.0
WVGK,1.0
IILYDD,0.0
ILSMAK,1.0
MIMHVDD,0.0
LLWIKK,1.0
LAIESD,0.0
GKSKK,1.0
IIEVTDGD,0.0
IVMKKSK,1.0
WIPHMYVE,0.0
MLHLQFDD,0.0
LLVDD,1.0
LMVGGKK,1.0
LFVFEGD,0.0
WLFLEE,0.0
LVAVVVKK,1.0
LVFEE,1.0
VLFSEVE,0.0
MMLHMDD,0.0
MWAK,1.0
FMVSIVARK,1.0
VASK,1.0
GITK,1.0
VWYKK,1.0
VLSLIDGGD,1.0
VLQANIYK,0.0
FAIR,1.0
FTYK,1.0
AKMK,1.0
WSPNFGE,0.0
MLLIKK,1.0
MGIYADD,0.0
TMWK,1.0
AGMPILQD,0.0
QWED,0.0
IVYVVIGRHK,0.0
ILLLIEE,1.0
IWVMEE,1.0
LWEFD,1.0
GLHE,1.0
HPVD,1.0
ETEID,0.0
FVSYR,0.0
WVFK,1.0
PLAVYTRK,1.0
VLVKQAAIIR,0.0
LHMNQMIK,0.0
IVGYVVDD,0.0
LFWRRNPR,1.0
FIFLDD,1.0
MLVSLRR,1.0
IIGKYAR,0.0
IYRGK,1.0
ITYYE,0.0
MKLSLR,1.0
MLGSIEE,0.0
GLAFNHK,0.0
WVLGTNSAD,0.0
LLLSKSK,1.0
LIGLVIEE,0.0
GLFEYGE,0.0
WYFEE,1.0
FMPWFNK,1.0
VWMEE,1.0
AVYR,0.0
LIMFVE,0.0
LLVFSRR,1.0
YEMAD,1.0
FIVSYHND,0.0
VFEEVAAD,0.0
QIIARSR,1.0
IIPVR,1.0
LLVRSTK,1.0
YSPD,1.0
MMASLNDD,0.0
IILKTLK,1.0
VMTWGE,0.0
MIAITDD,0.0
YPWNAAE,1.0
ILIMEE,0.0
WMHWE,1.0
PFYE,1.0
WLLRK,1.0
EIMYGAE,0.0
WVLLKK,1.0
AIQNILVIVK,0.0
PVHSNLE,0.0
IMVAK,1.0
MLYADYD,0.0
AWAFR,0.0
VTLFMFMLIR,0.0
FFVAQEE,0.0
FMLIKK,1.0
MMELSTD,0.0
GLFYADD,0.0
ILVAFEE,0.0
YVKFR,1.0
WANVAD,1.0
FWWR,0.0
IPKK,1.0
LFILKK,1.0
FFIYDFALDD,0.0
LVFSSEE,0.0
LMFMKK,1.0
FAFR,1.0
LVVAFDD,1.0
VIDVVSD,1.0
APGAGD,1.0
MKRLHK,1.0
LVHLKK,1.0
IPIMWLRTK,1.0
VLAEE,0.0
YQYHD,1.0
IIGWADD,0.0
MLHMK,1.0
AIMAAFR,0.0
FQIKK,1.0
WPRIHGR,1.0
LLGIAVADD,0.0
LIYLSAEE,1.0
LVFGLFFTE,0.0
LMAITSEE,0.0
LAIAEAEE,0.0
YYVTD,1.0
TLIFD,0.0
IFIFDD,0.0
WIIR,1.0
YVSIE,1.0
LIHEAEE,1.0
LYILARR,1.0
LHVKK,1.0
IFWVASE,1.0
GIVIDHD,0.0
FLILD,0.0
FQIHR,1.0
VKKK,1.0
GMFMLHQLK,0.0
FMVFDSE,1.0
VLIYTDD,0.0
HVPAE,1.0
HIGK,1.0
FMKAARR,1.0
DILPGGYGHD,0.0
LIDTGD,1.0
ILHIEVD,0.0
LILFKR,1.0
KPHR,1.0
TWRR,0.0
IALIDEGID,0.0
TVPRLAK,1.0
EIFGFDE,0.0
ILWKK,1.0
AWHR,1.0
VKITAAR,1.0
VYLIAADD,0.0
IVTVAEDLD,0.0
EMTSQE,1.0
LVIVKAAALR,0.0
YVSR,1.0
MMMHVEE,0.0
IKILNTK,1.0
VLMSAAVR,0.0
WLSYTD,1.0
LMNTK,1.0
WWTE,1.0
YVSWE,1.0
LFQLHYD,0.0
LYEMAD,1.0
YINSK,1.0
MLWDDVE,0.0
LLMIDDE,0.0
IMVMKTK,1.0
AFPMHR,0.0
IMWGGDD,0.0
VMFTGEE,1.0
MIMFEE,0.0
IIIMLKK,1.0
VYELEANIMD,0.0
FLISFDD,0.0
IILGVEEAD,0.0
SIIAIDD,0.0
IKWFILTR,0.0
EILGTED,0.0
FHAPR,1.0
LFFFKK,0.0
YFHR,1.0
MFPVIGKR,0.0
RIPVSK,1.0
IIGLSGED,0.0
MLIADMTE,0.0
MHAK,1.0
YLGSRK,0.0
LSITE,0.0
IMAGQQIK,0.0
EQTE,1.0
VWQYFSAD,0.0
LYADIAD,0.0
WMVK,1.0
LMIYVED,0.0
GPPANSME,0.0
YYMD,1.0
HFWD,1.0
LMIFHRR,1.0
IHGDE,0.0
PAWK,0.0
WGIE,1.0
IVFIDD,1.0
IVWIEDE,1.0
KKNK,1.0
SIIVRPLAQK,1.0
FLVEQTE,1.0
YVEE,1.0
MLISLEE,0.0
FYITE,1.0
FIFTDGE,1.0
SMLVMGKQMR,0.0
FMVVDD,0.0
IWGSSE,1.0
AFFIAD,0.0
QVLAFD,0.0
RIWR,1.0
FIVYEAD,1.0
MLMIKK,1.0
FITKK,1.0
YEAQYILD,0.0
LLALDVD,0.0
VFLNTEE,1.0
MLIMTNEE,0.0
ALLVHDD,0.0
FFIE,1.0
IIMAWRR,1.0
VLAMVDD,0.0
AQAD,0.0
LAIWDGD,0.0
VLIGSVDLD,0.0
YFKAAR,1.0
ILSIEVGGD,0.0
IAFAIDD,0.0
VFWMDD,0.0
MVDISEE,0.0
WATND,1.0
MIMVGKK,0.0
LFINGDD,1.0
IIWR,1.0
LLTMQKK,0.0
LVSKK,1.0
MKMK,1.0
LMMIKK,1.0
ENWPYE,1.0
FITGKK,1.0
IVWVDD,0.0
HLIK,1.0
AIFIAE,0.0
VLYDD,1.0
VWMWVMPE,0.0
LVMGRSK,1.0
WKLR,1.0
ELVHQLE,0.0
LKRK,1.0
VGMALED,0.0
IVFMEE,0.0
AMVAAALE,0.0
IEDSAD,1.0
PALFDD,0.0
VLMTLDD,0.0
IEVIWQD,0.0
VLKGFSR,0.0
VLGLTGEE,0.0
MLTTEE,0.0
PQHFD,1.0
PLDFQQAD,0.0
MWAKK,1.0
ILLKVSR,0.0
IMMVKK,1.0
MGMSND,1.0
VYMNGTWLD,0.0
LWVWKK,1.0
WIWEE,0.0
ITDE,1.0
WIMIE,1.0
RFPKK,1.0
VLSVIDTID,0.0
LFKIK,1.0
KTGK,1.0
LPRGYR,0.0
MVWPMQR,0.0
LFLSQEE,0.0
YVTVEE,1.0
VLAYGEALE,0.0
APTR,1.0
MKMVAVR,0.0
LAVVRAAAIK,1.0
INWNPIE,0.0
PAITTKPK,0.0
VKYR,1.0
FAWVDQE,1.0
WWSGE,1.0
ISPFDWMNE,0.0
PAMHAK,0.0
FFIWKK,1.0
PMLDYEDVLD,0.0
KGVHR,1.0
IIFFEE,0.0
IVIVDD,0.0
FVLVKK,1.0
FVFRIR,1.0
VLAYEE,0.0
MDFAYFD,0.0
IHKK,1.0
FIMWEE,0.0
FYNFSWE,0.0
IVAKKTK,1.0
MFFTNEE,1.0
LMLSRTK,1.0
IIEIYGD,0.0
KKAK,1.0
WFTDNE,0.0
LVVKK,1.0
AIGNFD,0.0
IMYIRTR,1.0
FGGLDD,0.0
LAFWD,0.0
FIDLWNVE,1.0
LWIGGR,1.0
YGFNK,0.0
LGWPYD,0.0
WYYMD,0.0
PADWD,0.0
WKAK,1.0
LNLLVEAD,1.0
WVGMR,1.0
NEMILWED,0.0
LMYTVQD,0.0
TIMHQD,0.0
LRLHK,1.0
FLIDYDD,0.0
VIIDD,1.0
VDLFSGE,0.0
MDILE,1.0
ELFDHD,0.0
LLHLQDD,0.0
INLMYHD,0.0
SPLEE,1.0
WFPSKK,1.0
MFFEDD,1.0
LYIMSEE,0.0
LTPGR,1.0
MSHIDD,0.0
MSVTR,1.0
YVFLAR,1.0
MDED,1.0
IMLWEE,0.0
VFTYENYPAE,0.0
VGILKAR,1.0
IIIFGGDD,0.0
WYTD,1.0
MPVR,1.0
FTVAR,1.0
LISVAAVDD,0.0
MMLWKK,0.0
AILAKTR,0.0
VIHGEE,0.0
LFFIDD,0.0
WAPMD,1.0
TLFE,0.0
IMILEE,1.0
VYEIDAD,1.0
TFPE,1.0
LGIALKK,0.0
MFIMTEE,0.0
ILIEYTD,0.0
LIISLNEE,0.0
TMFQD,0.0
FWLVEE,0.0
FSWPR,0.0
FFKR,0.0
FIMGEAD,1.0
LIISDAIAHD,0.0
IVVETYD,0.0
FVIHALD,0.0
FLVFKK,1.0
FAVK,1.0
WTAK,1.0
WRLR,1.0
LLMFATEE,0.0
VIIQSKK,1.0
LWIIKK,1.0
VLLISSEFE,0.0
LFMHNED,1.0
WNWR,1.0
LVIHSED,0.0
LKPK,1.0
LITISEE,0.0
LVFQDDTED,0.0
VVIKK,1.0
MLMFEE,1.0
ALIIKK,1.0
PMMATIK,1.0
ALYAAED,0.0
YLLGIGR,1.0
KIKMK,1.0
VTEE,1.0
LLSYLEE,0.0
SVYR,0.0
LRVMSAK,1.0
MMLSMKK,1.0
MMSFGR,0.0
YGVNHE,0.0
FAIE,1.0
YWDTE,1.0
LFLDLENFD,0.0
LMNFK,0.0
IINDVIFEPE,0.0
ATMMVYWAE,0.0
ILSAVDE,0.0
VLHK,0.0
WRNWFLNR,1.0
YVQK,1.0
MNMFLK,1.0
LVIVDDGGD,0.0
VMLTNKK,1.0
AVFLSEE,0.0
PPFE,1.0
PKQPSR,0.0
FFFE,0.0
VILLRK,0.0
IVMKK,1.0
FFWWDD,0.0
AVTR,0.0
LAFVKAK,1.0
ISPVSDE,0.0
IVKGKGIGFR,0.0
FGSEVQE,0.0
LLWTAALLPE,0.0
PLETPD,0.0
IGWD,1.0
WIIFEE,1.0
MPWSE,1.0
YFTE,1.0
LLMQISDD,0.0
IFVVGAQLIR,0.0
FWAK,1.0
ILLLSMEE,0.0
YILAWE,0.0
IYVVSMK,0.0
IHILSFD,0.0
LTSK,1.0
ITIEE,0.0
IAQQD,1.0
VFSNAMMLID,0.0
ILSMDAALE,0.0
LGIKK,1.0
IYVDAAIID,0.0
LWLIKK,0.0
PMHSILE,0.0
FPQYDLD,0.0
LGIAMTEE,0.0
TLLNLDD,0.0
YTILME,1.0
VLVGESAID,0.0
WDMILWMSE,0.0
VLGAVAEDLE,0.0
IYFYE,0.0
ILMEDHD,0.0
FMIITDD,0.0
LLMHIRR,1.0
IMVSADIDLE,0.0
ISLIDLED,0.0
IVAWSEE,0.0
MVVFEE,0.0
AILITAEE,0.0
VFMVDD,1.0
VFMWDD,0.0
FLVMHD,1.0
FVSTMQKK,0.0
MYMHGD,1.0
HLFGEE,0.0
LLEVSVVTE,0.0
FWHR,1.0
SMAK,1.0
KFLQIK,1.0
VPYE,0.0
ALVSLVED,0.0
PNPYD,0.0
LLAIDAGID,0.0
YPMYNVE,1.0
KYTMRQK,1.0
LLSRIAK,1.0
GPLTLDNWE,0.0
FIFGDDD,0.0
IMVESDE,0.0
WIVVEE,1.0
LHVE,1.0
IISIADD,0.0
VILLTRR,1.0
IIWIGEE,1.0
GLLTDAD,0.0
PYTAYD,0.0
MSLEYD,0.0
PHHAE,0.0
YLLLK,1.0
FYTGD,1.0
ELFFFD,0.0
LLKRNPVLGK,1.0
MAFTD,1.0
MPPMFMWHR,0.0
IIISSEE,0.0
PLAD,1.0
LIFAAKK,1.0
FFFFFEE,0.0
MIYHAK,1.0
VYWKK,1.0
ILWWKK,0.0
FFNSSE,1.0
KITMR,1.0
WHFD,0.0
FRAAWR,1.0
PAPMAR,1.0
APFNK,0.0
IFVGGEE,1.0
MVMTTGMD,0.0
MYIK,1.0
IAIPLR,1.0
IRPVLVWAR,1.0
VYILEDE,0.0
LANPNVPR,0.0
MGLEAGGGD,0.0
KFRR,1.0
IWVE,1.0
LFFTNDD,0.0
IFHDME,0.0
FLWMEE,1.0
FLKHR,0.0
LSSIK,0.0
VIGVYIED,0.0
VMIDYDD,0.0
ELLEAGNMHE,0.0
SSPFLK,0.0
LALKTNR,0.0
LILGEADLE,0.0
LEIESGE,0.0
LLLVSAADD,0.0
MPHGLQMYFK,0.0
LMFISEE,1.0
WARR,1.0
ILMTMEDE,0.0
FFLQNK,1.0
FFPGHGGND,0.0
INWMHVD,1.0
ALWMVRK,1.0
PHDE,0.0
MMWLKK,1.0
ILFVRR,1.0
EPFMD,1.0
MVIKK,1.0
TMLILMKK,1.0
LVLSDLGNND,0.0
LVIASVADD,0.0
DLFHE,0.0
YIIK,1.0
MWPFNYTE,0.0
RWPVR,1.0
EIVIDSD,0.0
KFIK,1.0
ILMLKK,1.0
MMLFARR,1.0
IWFIEE,0.0
MMGYWE,0.0
LYQHD,1.0
LQTD,1.0
MVFVDD,0.0
MLRSGVR,1.0
MMFEE,1.0
FLVWEE,0.0
PVFHPK,1.0
HIIE,1.0
IMVSFDD,0.0
FAIEE,1.0
IKIYGAR,1.0
FWHQE,1.0
LPYE,1.0
WMTK,1.0
IYFPHNWGE,0.0
PHPD,1.0
ITTR,1.0
LRYK,1.0
KIPIRLQK,1.0
LIRGVSK,1.0
LFDIAQD,1.0
MVKGK,1.0
ILWAAVED,0.0
YMVKK,1.0
VPSIE,1.0
LWMAADD,0.0
ALIKTTK,1.0
MFLVKK,1.0
EFWDQVE,1.0
IFVMNKK,1.0
NFFFIR,0.0
FMAALALD,0.0
IHDLD,0.0
LHDE,1.0
VTMRVK,1.0
MSLAGD,1.0
TIMKK,1.0
VFMLEE,1.0
MSDTE,1.0
IVSVVAGDD,0.0
MILVDAD,1.0
LMITAKK,0.0
LLINYRR,1.0
VSFIQR,1.0
LIHK,1.0
VLVWDD,0.0
QWGAD,1.0
KQWR,1.0
ILRPK,1.0
IMFLDD,0.0
PSNPFLNE,0.0
VWALRR,1.0
IKVR,1.0
IYLTAR,0.0
LAITVADIHE,0.0
FLLNSRK,1.0
VVVYDD,0.0
ILEYDQD,0.0
ITNMPD,0.0
KWVR,1.0
VKFRR,1.0
LSRYGR,1.0
SYQD,0.0
LMHISDD,0.0
VLAVAMADD,0.0
IILAVDD,0.0
VLITDAD,1.0
VHLLK,1.0
YKYR,1.0
LRFSK,1.0
DMEFFD,0.0
LLGAKK,1.0
VIVAAADDD,0.0
LIAVSSDID,0.0
LLDSDIGD,0.0
MTYSAR,1.0
LYIVQDE,1.0
DTDD,0.0
PSMRFRR,1.0
YLEEVE,1.0
FLSVVWVAR,0.0
GMMYYFQE,0.0
MFLMIEE,0.0
IYMPVYSLED,0.0
TVMD,1.0
EFFHE,1.0
AYITSE,1.0
VALKIAR,0.0
IIID,1.0
WHMEGE,1.0
VIIASVEE,1.0
IAVLRKR,1.0
YVWEE,1.0
IALIIEE,0.0
YVDAMD,1.0
VWMLKK,1.0
WKHR,0.0
TNYR,0.0
VVYGK,1.0
LVVKARK,1.0
LFWFKK,0.0
VVLKIGR,1.0
QFYIQSE,0.0
IMYYIDD,1.0
AIITAEE,0.0
IVMAAKK,1.0
YVVSDD,1.0
IFLEE,1.0
EFYE,0.0
VWAESD,0.0
DVMSWAILVD,0.0
IMKK,1.0
VITLYDD,0.0
IPFNGWDE,0.0
VVYDD,0.0
WFQR,1.0
GYLWE,1.0
FAFGIE,0.0
KRVWR,1.0
LVIYPPAK,1.0
LALLESSND,0.0
LLIFEE,0.0
ELVLNAD,1.0
GVFWE,0.0
QVWK,0.0
LALKK,1.0
FLIK,1.0
WAQR,1.0
LYVHEE,1.0
LFVVKK,1.0
WHTE,1.0
IMVIDD,1.0
GLIPGD,1.0
LWFWNYLRR,1.0
ILIINSDD,0.0
FVGGFGD,0.0
WLSWQPR,0.0
LMSVQDD,1.0
MTIFSDE,0.0
LMWFKK,1.0
PFIK,1.0
LMMHYGE,0.0
AVVAAKK,1.0
FVESAD,1.0
MTINGNK,1.0
VTLLQFVELD,0.0
IITITRR,1.0
GIFHMK,1.0
PITE,1.0
QNFLWD,0.0
YALDE,0.0
TWMK,1.0
TLPTFFR,1.0
INYVE,1.0
IFLSQDD,0.0
AFTE,1.0
ILSDGED,0.0
IVEVWD,1.0
IFTLQEE,1.0
LLAWHED,0.0
APTD,1.0
VLWAADD,0.0
WFNAK,1.0
MKGIVR,1.0
GYEQD,0.0
MYAFAEE,0.0
VFYE,0.0
IKAWR,0.0
LMLTSDD,0.0
IYVAWVD,0.0
VPQHR,0.0
APATPMK,0.0
PRSR,1.0
VLLASDE,0.0
ILVGVDAFD,0.0
QWWR,0.0
LVAKK,1.0
FWFVKK,1.0
TWMD,1.0
ITLE,1.0
ILIITKR,1.0
WFIVDD,1.0
GWAE,0.0
VVVFDQDE,0.0
IFNFD,0.0
MVVKARK,1.0
INGGSDME,0.0
VIAKTGK,1.0
LVSIADE,0.0
FYALRR,1.0
ILALAEAGD,0.0
MFILKK,1.0
AVMLSADD,0.0
AILQAMEE,0.0
HWIR,1.0
LVTVGDD,0.0
MPTR,1.0
LMYVHE,1.0
VVLWKK,0.0
YWGED,1.0
YMYLED,1.0
LALLGEGTE,0.0
VAIAELGGQD,0.0
WMIE,1.0
PGTPTE,1.0
VWTPGE,1.0
FWND,1.0
VHLFQVAK,1.0
VTRVMK,1.0
WATD,1.0
LVEYLAE,0.0
MGPRVVLLSK,1.0
LMVDHGE,0.0
ELSYAD,1.0
PSYK,0.0
YIYHK,1.0
LFLMEE,1.0
VIGLSDLE,0.0
MVLIEE,1.0
IASGR,0.0
ALFMDD,0.0
IYVNLEE,1.0
QIFSK,1.0
VLFSFR,0.0
AVLWE,0.0
LMLLKK,1.0
IYFMQFQRK,1.0
LVFADGE,0.0
VIMFEE,0.0
MFYKK,1.0
FLTADAE,1.0
EVMATE,1.0
VYARR,1.0
LMFHIEE,0.0
MVISEAGGD,0.0
PMLD,1.0
WVQKAR,1.0
LLMLRTK,1.0
IILQADGID,0.0
PLNLYHLD,0.0
PTIQK,0.0
LALAFEE,0.0
LMTSITR,0.0
FMYAIEE,0.0
TYSD,0.0
VYGPTEYE,0.0
WVWMEE,1.0
LILSRLK,1.0
IQITK,1.0
LLVYARK,1.0
MFVAMDD,0.0
MIIAEYD,0.0
KVHR,1.0
PVTTR,0.0
LFLR,1.0
VKAAYK,1.0
LGSE,1.0
FADINEQE,0.0
VMIVKK,1.0
VLVMAALDD,0.0
IIMDSQE,0.0
LTIGIDD,0.0
VAVVHEE,0.0
SIAD,1.0
GVLLPNTD,0.0
IKLMSAR,1.0
IVTLTEE,0.0
PRSKR,1.0
RFKR,1.0
VVVIAVADD,0.0
FLMTGDE,1.0
IYMMAAELD,0.0
FMMVKK,1.0
LYSFPLIGQR,0.0
VILVITEE,0.0
FVMD,1.0
ALLALRR,1.0
IFQHAILGE,0.0
GVPHINE,1.0
YNIFD,0.0
YVWD,1.0
KMVK,1.0
WIQD,1.0
IITFKR,0.0
YVVADLE,0.0
IFVTAAEE,0.0
FLRVK,1.0
VVEIISYVQE,0.0
LWPAWRR,1.0
ILYLEE,1.0
MITHR,0.0
LILAIED,0.0
PWED,1.0
IIIWAADD,1.0
WYAD,0.0
IISLLDE,0.0
FLAISEE,1.0
IIIWEE,1.0
LFLTVDD,0.0
VVVLVRK,1.0
VIFIKK,0.0
WPDFVD,1.0
VLGYVFK,0.0
IEVSIGD,0.0
SQWE,1.0
YLSK,1.0
FMFDD,0.0
LILRTAIIHR,1.0
YTPE,1.0
FMLGIEE,1.0
LFSMK,1.0
TIEWAD,0.0
IMLHYED,0.0
PYMASMRR,1.0
MTLYEE,1.0
EGIPILFEGD,0.0
FFGGRR,1.0
VMGTK,1.0
ISFR,1.0
IVYNLMK,1.0
IFHHD,1.0
PHPVVGHD,0.0
PRYIIYR,1.0
SVFVR,0.0
VVILQDD,0.0
PPWK,1.0
IIGWGEE,0.0
IYIEE,1.0
LMVLTKK,1.0
FKKTRQR,1.0
ILKAAAR,1.0
TLKK,1.0
IFVAKK,1.0
FIVNAKK,1.0
WIYDAE,0.0
MLTLIEE,0.0
VLLIQADLD,0.0
VMMDGAD,1.0
YILMQTED,0.0
DFPEE,1.0
WGLQK,1.0
VKGKR,1.0
MALATEE,0.0
EYMSE,1.0
LIMANAEID,0.0
GIVIESD,0.0
VFMDDED,0.0
KLHTK,1.0
IMPSMNVRPK,1.0
MFQAVGDD,0.0
LASGK,1.0
LDDWE,0.0
NIFYMVAE,0.0
IKWIR,1.0
PTPFTK,0.0
YLDLGE,1.0
FPEFDASQD,0.0
VFRKGGK,1.0
IIAAR,1.0
LIHEIGD,1.0
FFKSTSGR,0.0
IMDTFE,0.0
LYVPD,0.0
EYIPTPE,0.0
IVWLKK,1.0
IFWSTSD,0.0
PQWHD,0.0
ILLLKAR,1.0
IITWMWPE,0.0
MLSLYEE,0.0
FIIDSID,0.0
LMIIADD,0.0
VIFAYED,0.0
MKLVR,1.0
IITDSWMPND,0.0
LMHMK,1.0
ELVAMSIE,0.0
MLLRLSGTNK,1.0
YALD,1.0
VVTIIDE,0.0
MIFLEGD,0.0
VYVRK,1.0
GVMGLNTEED,0.0
VFIMTHK,0.0
GIITGED,0.0
ILVVMDAID,0.0
GLLFSEE,0.0
MEMADFAE,0.0
VMHE,1.0
IQMLAIE,0.0
PGAFGFD,0.0
MGFFSMWTE,0.0
WMKK,1.0
IVFFKK,1.0
MLLATDD,1.0
LVIAEADLGD,0.0
MLTDVTE,0.0
IVMTDED,0.0
LYFE,0.0
VSFSLILMR,0.0
IIYEGDD,0.0
MFEANQD,0.0
FYKR,1.0
FVVTEE,1.0
WALINVNE,0.0
IILISDEID,0.0
LIGYDVD,0.0
VIILSDD,1.0
LSPWK,0.0
IIAELSD,0.0
ELHE,1.0
ILEFTEE,0.0
VTLAAPWE,0.0
VNTD,1.0
IIFMSKK,1.0
HIPLKVR,0.0
PFVTRGR,1.0
WVGD,1.0
MPLDWALNMD,0.0
SYLTD,1.0
PYMIWSWDDD,0.0
IFTIGRK,1.0
MLRITR,1.0
DYHD,0.0
HPPPE,1.0
SFGAE,0.0
VVMITKK,1.0
NPPLAGGK,1.0
WLWK,1.0
VFVVDD,0.0
FVWD,0.0
IWYPYR,0.0
LSVIDGD,0.0
IFLD,1.0
YADE,1.0
HIYGNE,0.0
VTFE,1.0
MYSD,1.0
MVVLDEE,0.0
LIMGHDD,0.0
LIDSVADLD,0.0
MAEFD,1.0
FLGQDD,0.0
LVYGVADLD,0.0
WYIIPLE,0.0
ILWTAEE,1.0
MGYLTEE,0.0
ILLETMD,0.0
IIMHRLR,1.0
LLALKVTLHR,0.0
FEWE,0.0
ALLIAED,0.0
ILQLKRK,1.0
VVMVKK,1.0
FTMQIK,1.0
LVMISFEE,0.0
YVFGIK,1.0
IKQQNYLYR,0.0
MHRHR,1.0
WWLR,1.0
LYVMDAE,0.0
LWIVKK,1.0
MMVIKK,1.0
WWVK,1.0
SLLTD,0.0
LVLIKK,1.0
LFGVADGLE,0.0
LGILRSR,1.0
AFYPD,0.0
ILFETQE,0.0
GVFSKNK,0.0
AFFAMDD,0.0
SLISPIE,1.0
AIWTGR,1.0
TIGGAR,1.0
PGVKWK,0.0
VIGFK,1.0
IWWLID,0.0
LILGSESE,1.0
LVDMMSD,0.0
IAFPPFIK,0.0
LLNIGSEE,1.0
LIHAKGR,1.0
MMEVDTE,1.0
PFPKR,1.0
EWVAE,1.0
KRPK,1.0
VVLAANID,0.0
FVIIEE,1.0
WDAE,1.0
EVVEATE,0.0
EIIIHEE,1.0
WEED,1.0
WFEIHE,1.0
VFIVDD,0.0
MVTNVED,0.0
LIWLEE,0.0
LTMMSED,0.0
VLTGAKK,1.0
PSITE,1.0
FWMFDD,0.0
WLVR,1.0
PHILGIE,0.0
WDWD,1.0
YFAAQQIR,0.0
LLNVYDD,0.0
ILILTDD,0.0
IFSLGSQWE,0.0
EIFGTTE,0.0
ILAMDILE,0.0
IMIEE,1.0
ITFLIDD,0.0
VAVTVYK,0.0
AMHR,1.0
ITIKK,1.0
KLLGK,1.0
TMIK,1.0
LIMADTID,0.0
PIEDTFVMD,0.0
LIDVASE,0.0
ALLYDD,0.0
VAIGGEAE,1.0
IKSKNR,1.0
FFAMRGR,1.0
MFIMWGRLKR,1.0
LVALKRK,1.0
IIGIEAE,1.0
VLMSMRK,1.0
MYFKK,0.0
MQLVTANVE,0.0
IVSWYAKR,0.0
MSVD,1.0
AIQIIHR,0.0
PFWTE,1.0
WWLSR,1.0
VMWAEDD,0.0
WVEMDD,1.0
IVHLD,0.0
PFPPRR,1.0
YLMAYEE,1.0
VLAYAAEIE,0.0
KMAGR,1.0
FKSNYAR,0.0
MEMLDYE,0.0
MYQIITD,0.0
MTGMD,0.0
LLWFWVTE,0.0
FIILQYR,0.0
IMFNTE,0.0
FVVVEE,0.0
VMVFKK,0.0
FAIYAEE,0.0
QLEGGED,1.0
MFVWEE,0.0
LYMGDTD,1.0
IYMGK,1.0
YYLGK,1.0
RKYANR,1.0
MILELSD,0.0
LIIGNSDE,0.0
IIFSLTIK,0.0
IMMWEE,1.0
YYVAR,1.0
MYLQRK,1.0
SILFAD,0.0
IFAAKLR,1.0
IVLSGRK,1.0
KWGR,1.0
LIAFSKR,0.0
FFWK,0.0
FLTRR,1.0
AFGVLID,0.0
FIEGISD,1.0
TFIMK,1.0
KHRR,1.0
LVHAIGGD,0.0
YLIYD,1.0
MTLQVAEE,0.0
AFIAGEE,1.0
AMLYLE,0.0
LFEDFD,0.0
WMLE,1.0
FHDE,0.0
VSLD,1.0
KITR,1.0
IFAFIEE,0.0
IMTQK,1.0
GMKKRK,1.0
YPYTPGR,1.0
EPVMNAAD,0.0
LVMGWD,0.0
WAAMD,1.0
WMLLEE,1.0
AIWE,0.0
FNFEE,0.0
DLMVYD,0.0
LAYTEE,0.0
VLGVISKK,0.0
MMVYID,0.0
IVKTAIK,0.0
ISARK,1.0
IMVIEE,1.0
LIFQGTDD,0.0
LSGFTK,1.0
IQDLIYID,0.0
MVLLRK,1.0
FYLDGIE,0.0
MLYNIEE,1.0
FMRK,1.0
FLNTMVD,1.0
EWME,1.0
EIVFVE,0.0
WGSR,1.0
KIHGIK,1.0
YPGAD,1.0
LFADGGD,1.0
LFLAMFR,0.0
YNALLDD,1.0
DMAYIILE,0.0
LVESLTD,0.0
IPEFSQQLFD,0.0
LKVYPITR,1.0
MAFK,0.0
LGLTAMDD,0.0
VFVTTEE,1.0
YMKIK,1.0
LPGAGWND,0.0
IQMDTE,1.0
AMLLGFD,0.0
MFYR,1.0
LVLAETALD,0.0
LMHNPPE,1.0
MAPMATE,0.0
LFNFDGD,0.0
PRFMK,1.0
YYHPK,1.0
VDLVAAE,0.0
ILASDAIIE,0.0
LYQQYD,0.0
ILAVVAGDD,0.0
FMIADAD,1.0
YDAAE,1.0
IAYWYVR,0.0
IFIWEE,0.0
QPLTE,1.0
MLWGDD,0.0
WYLEE,1.0
FIALGEQE,0.0
YPMPFSE,1.0
IVTVAQKIFR,0.0
VSYD,0.0
IYWR,0.0
MLTEE,1.0
TWSFVLD,0.0
IYYAVR,0.0
LAIAIAEE,0.0
FMITNED,0.0
IMTIQGDE,1.0
FYHMGFNPE,0.0
LMWVEE,1.0
WAFE,1.0
VLLVVVD,1.0
IPLGYTGE,0.0
LELD,1.0
YVVEGLE,1.0
FWMKK,1.0
LMFSIEE,0.0
LLYLGTND,0.0
VVSPAFVTE,0.0
IALFD,1.0
MIPHR,1.0
YTAR,1.0
FYVHEE,1.0
MILAEDD,0.0
LVIYDD,0.0
PSKFR,0.0
KHMK,1.0
FVIAAGGGLR,0.0
LVQHE,0.0
LHFTPLE,0.0
FLTYSEE,0.0
ATLE,0.0
FLIIGSEE,0.0
LMQVLYED,0.0
FSAME,1.0
WLQLKR,1.0
LFVAYDE,1.0
VLLHKK,1.0
KVKKLKK,1.0
EVLSGND,0.0
MMMVAKK,0.0
MVASQSVD,0.0
VIAYD,0.0
LVLGSAADLE,0.0
LTIEWGD,0.0
MFIVKK,1.0
PPYWMWE,0.0
MMDYGE,0.0
LAVYGGELD,0.0
VTLAYE,0.0
VHINR,0.0
IGLWAEE,1.0
YFSAR,0.0
QPALPPDPE,0.0
SLEWD,0.0
APMPHKK,1.0
LVAHSYR,0.0
WVRTMQK,1.0
ELLGNTD,0.0
MWPEGND,1.0
GIFGK,0.0
MVYSVDD,0.0
PFVYE,1.0
WLIFEE,0.0
YLMSGEGD,1.0
IMLKK,1.0
KFTR,1.0
LIFLKK,1.0
VIAE,1.0
PMNLSIEE,0.0
FVAFAEE,0.0
MMFTAED,1.0
LVLTLADLD,1.0
SKVR,1.0
SFTD,1.0
ISIE,1.0
MMDMTAD,0.0
PPVD,1.0
VKIR,1.0
LEIMSQE,1.0
ELMPD,1.0
KYYR,0.0
FLWIEE,1.0
MVDPGND,0.0
PTNWD,0.0
ELFADGE,0.0
EGEQGAE,0.0
YWVR,1.0
EIDWQD,0.0
VMVQAFDQSD,0.0
LLSEVMTE,0.0
ILLGAAIDD,0.0
YQYD,1.0
ILYMARR,1.0
IGLKAAALQR,0.0
IVSVIADAD,0.0
FMNPHPEE,1.0
IMFQSDD,0.0
PPNPRFAK,1.0
LLEALAGD,1.0
MLFAFEE,0.0
FVMEAID,0.0
GILINSEE,0.0
VVDVTD,1.0
LSLGVKK,1.0
AASR,0.0
VVKSSR,1.0
LMVTKGR,1.0
LMFWEE,0.0
IKGK,1.0
IFMEE,1.0
IYAIEGE,0.0
IKKK,1.0
LVSLESD,0.0
WQKAR,1.0
VSPK,1.0
VWLEQIFVD,0.0
PKFIWR,0.0
FPED,1.0
FRVLLSR,1.0
VLMHGDE,1.0
YRLSR,1.0
ILESIIND,0.0
FLLIARR,1.0
WILSGEE,1.0
LMLTQEE,0.0
WIYLAGDE,1.0
IDIASEE,0.0
FAGVVR,0.0
LMYVARR,1.0
VLIKMSALFR,0.0
LAIVTDE,0.0
VRAPK,1.0
FAPR,1.0
AWAHE,0.0
VIDIAAD,1.0
TILFYD,0.0
IALEADE,0.0
LFNLGDD,1.0
HPLGHED,0.0
VTILNGEE,0.0
IIIIYPVPPE,0.0
SMPD,1.0
MWFDD,0.0
SMVYQRSR,1.0
GWEWE,0.0
VVVAKK,1.0
KAQMGRARK,1.0
LAISVEDLD,0.0
VLWNHD,0.0
YEPPYE,0.0
IEEWTGE,0.0
IMWASDE,0.0
HYIR,1.0
PGWR,1.0
ALLMANEE,1.0
IFVLETD,1.0
IVYSLDD,0.0
YLQFAWE,1.0
LSMYQWYE,0.0
LMSSIYDFAE,0.0
MVVGHDD,0.0
LIHAIMRSNK,1.0
IFLGQKK,1.0
MTID,1.0
IFQKQFGSGR,0.0
NAAE,1.0
AFVD,1.0
SWEE,0.0
MLFMEE,1.0
IFLHRGR,1.0
YYYAGVD,1.0
MVYTADD,1.0
VYDYQD,0.0
MGLLADD,0.0
VLLTVSDE,0.0
WRIK,1.0
PPVRPK,1.0
LVSIAAADD,0.0
FIWFEE,0.0
IFHGLGEE,1.0
MEVLD,1.0
IKMMMGAR,1.0
YIRLTAR,1.0
VVTIIDD,0.0
MFEFADE,0.0
LLIAKRK,1.0
LDIAMD,1.0
ILFDSAE,1.0
EWHAE,1.0
FILINDD,0.0
LGKK,1.0
MLSSLDGND,0.0
IELSGGE,1.0
MTYQE,1.0
VLKAGAAFIR,0.0
KSPPALR,0.0
IIGWADE,0.0
IILAGGDIE,0.0
VLYK,0.0
FMFIKK,0.0
ELTLLD,1.0
GLFAADD,0.0
ELVAIDQE,0.0
LYDTE,1.0
LMFSVRR,1.0
LIADTAE,0.0
YMSND,1.0
MRLVMYTR,1.0
FDQID,0.0
LLHIEE,1.0
MIISKK,1.0
LYWMD,0.0
IMWMEE,0.0
IVMVGAADD,0.0
MLTIEDD,0.0
MLHLNLWQR,0.0
IGLYDGE,0.0
PWIIRAMR,1.0
TDLLFATE,0.0
VLELVSE,0.0
LMIHTDD,0.0
VWPDPHME,1.0
IFFVKK,1.0
VILAVEE,0.0
YIIIDSWWQD,0.0
MIILQKK,1.0
IHMLSE,1.0
MFDLAD,1.0
NPATK,1.0
IMAVDAEITD,0.0
FLAD,1.0
ILRFLTK,1.0
EMFD,0.0
WRPR,0.0
VVMKAKK,1.0
VLVIDD,0.0
AVSLTD,0.0
VVMLTRK,1.0
MSFDID,0.0
IMLDSAELD,0.0
LALVADLTHD,0.0
IIFGLRK,1.0
FPSK,1.0
AAQK,0.0
EEID,0.0
FELTAGE,0.0
PATPVD,0.0
MMLKK,1.0
IFVKGGAGLR,0.0
TLMGFEWEDE,0.0
FLHIHMMLR,0.0
IVRFK,1.0
IFMSRAK,1.0
ISFADD,0.0
IYSD,0.0
MMTISAEE,0.0
FFRK,1.0
DFLVASE,1.0
LITMGEE,0.0
FWMIKK,1.0
FTME,1.0
MVSIADD,0.0
SFIMGFE,0.0
LLIAVTDLE,0.0
IVASIAIDD,0.0
IEIFTTE,0.0
FWVK,0.0
LFKTK,1.0
EPANIIIWE,0.0
WMLFEE,0.0
LIIVENTE,0.0
FFIR,0.0
LMVIDSE,1.0
LVADVAD,0.0
EYGYQD,1.0
FLLEDNE,1.0
LKVNIAK,1.0
VHAPPD,1.0
IVWR,1.0
VMLMKK,1.0
LHWE,1.0
VLNIHDD,1.0
FMFVEE,0.0
WVIK,1.0
IISVAGDVFD,0.0
LMIGELAE,0.0
IIAMSEE,1.0
LLKNLLK,1.0
ILVLKK,1.0
IIFSSWE,0.0
PQWD,0.0
IAISDD,0.0
YTVNK,1.0
WLIEE,1.0
PKLMAMHTR,0.0
MWIKK,1.0
YLVDVEED,1.0
YFQR,1.0
LGWKGK,1.0
FIINKK,1.0
ILLQVTVD,0.0
WIFFDD,0.0
LAMVGADLE,0.0
IMWKK,1.0
ILTAMDD,0.0
GITD,0.0
IVKMKAK,1.0
IWDTE,1.0
VLLATEDLE,0.0
LMMHTVE,1.0
FYIKK,1.0
AVTYLAD,0.0
LGIFSEE,1.0
LLEAVVMD,0.0
TFPD,1.0
PFSHDME,0.0
WGLFE,1.0
LSWID,1.0
YIVQRK,1.0
PTQD,1.0
LLWE,1.0
PISD,1.0
ILYSYFQEE,0.0
IFFYKK,0.0
VLFFDD,0.0
FKLIMGPK,1.0
IFFE,1.0
FFVIKK,1.0
MIVKLSR,1.0
LVSDFFNE,0.0
IYMNYFGVIE,0.0
VLIEGGGD,1.0
VHLAGMAR,1.0
VAYALADD,1.0
QFIVIVGK,1.0
MTHDE,1.0
KMHPK,1.0
KLGKAK,1.0
FPAGQFVSE,0.0
PLFFR,0.0
LPFK,1.0
VAIVVDAAD,0.0
AYWD,0.0
LIWQADD,1.0
AIAR,1.0
ILVTVSLNFE,0.0
SLFE,0.0
LVLSGEE,1.0
GIMLKR,1.0
LLVVSTDLE,0.0
PVEMNYE,0.0
LLAGVDGGD,0.0
MMMYHRR,1.0
EGYLWAAD,0.0
MFTEIAD,0.0
IIWSVDD,0.0
ILAALPGE,0.0
EPIMNLD,0.0
LFTRMVK,0.0
LIEYTAD,1.0
YMYVEE,1.0
LANEWMGEAE,0.0
IMMDGAE,1.0
MDVVSYD,0.0
WSYQD,1.0
FIALHDD,0.0
LLMMKK,1.0
IIHYD,1.0
DMLVTAD,1.0
VILSYGEE,0.0
IFIEE,1.0
YIVRYVR,1.0
LLQQWFK,0.0
MMIAAGEE,1.0
VMIAAKK,1.0
KISK,1.0
YMTSD,1.0
VVVTLADD,0.0
LIKGISR,0.0
LLLYEE,1.0
PYQTMR,1.0
KIIVLFHIR,0.0
VLLTAKK,1.0
LILIEE,1.0
AFSE,1.0
YMLK,1.0
IIISADQID,0.0
GADNAE,0.0
FMASE,1.0
IGTKK,1.0
FGGKK,1.0
TKVRR,1.0
LQAD,1.0
LILTIGEE,0.0
KPPTR,1.0
WWFPRK,1.0
MEMVSQD,0.0
DVASD,1.0
ALVMSRK,1.0
IIALMDEE,0.0
PWFWR,0.0
FMWEDD,1.0
IARRYGR,1.0
QLPLWR,0.0
LLWWEE,0.0
TYLQR,1.0
ILIYNDD,0.0
IPMAWGPSE,0.0
QMVSK,1.0
YIVPGMRK,1.0
LMIKK,1.0
MGYKR,1.0
LWVR,1.0
FVYGAEE,0.0
IDEYTGE,0.0
IFINKRR,1.0
MIIGAADITD,0.0
FLQVADD,0.0
LLHGEGD,0.0
GPKR,0.0
IEMLSTD,0.0
MFTKK,0.0
ILLLKK,1.0
WIVDD,1.0
RFMGKGVK,1.0
VAIFID,0.0
VPLR,1.0
LVFFEE,0.0
YFIQDD,1.0
FPVASD,1.0
IMWSTK,1.0
WPMR,1.0
FMNIAFMSKR,0.0
AWPE,1.0
LLWLE,0.0
VIPAFWK,0.0
LAPIWSYGK,0.0
IYMIED,0.0
LVTLIQEE,1.0
VIYRKR,1.0
LWWFKK,0.0
VLHGR,1.0
IVIWGDED,0.0
IYNMKK,1.0
WSED,1.0
PILTNIEYNE,0.0
MHRMWVK,1.0
VAALLDE,0.0
VIID,1.0
IIHGLEE,0.0
PWEGIMDD,0.0
LEIEAAD,1.0
FLFRLLR,0.0
IVLVASDD,0.0
MWKIR,1.0
VLIISSDTD,0.0
LLGSYEE,0.0
ALLLNSDD,0.0
ILMPTARKK,1.0
LYVSMEE,0.0
EVIEQLD,0.0
LLIESLDND,0.0
IIMFEE,1.0
IFMLKK,1.0
PVTD,1.0
SFPYPAR,0.0
FEEELE,1.0
IITSK,1.0
LVGFDTD,0.0
LIYAQKK,0.0
PHNK,1.0
VVTFVAEE,0.0
VTIYKRTR,1.0
YPRR,1.0
IMWASK,1.0
YFMMATMPFK,0.0
MSGE,1.0
VMITGSEE,0.0
VLFEESE,0.0
RYAK,1.0
MMFVNQYWR,0.0
FAFFIEWDGE,0.0
TTAE,1.0
PWYRGQR,1.0
YYIKR,1.0
MPPKRFK,1.0
YWEME,1.0
LDHD,1.0
LWYVD,0.0
MEMWD,0.0
LLVASAAGD,0.0
IKFK,1.0
VVAGYQMTE,0.0
VGFFNYSPD,0.0
WRTR,1.0
WLTK,1.0
LKTMR,1.0
MYWDE,0.0
LPYQIVQQD,1.0
VFYK,1.0
FMFGVR,1.0
RKMATK,1.0
YFSD,1.0
LSVK,1.0
FEFAASE,1.0
KVWMQPIMVK,0.0
YWHE,1.0
VSLTYD,0.0
VAPKK,1.0
LVVPK,1.0
PSFPNDDD,0.0
IILLEE,1.0
NIFDDD,0.0
WWFLEE,0.0
IFMFKK,1.0
VLILAEELD,0.0
RFRK,1.0
LVGLADGGD,0.0
VFAAAALLE,0.0
FVMVEE,0.0
GFDFLESD,1.0
MSLLR,1.0
YQAVR,1.0
KFWHMK,1.0
LLQSK,1.0
KKKR,1.0
AWQK,1.0
YAIGD,1.0
MWWVKK,1.0
IVVVKK,1.0
WVMQVK,1.0
FIVKRAR,1.0
SWPITD,0.0
AAVLWAR,0.0
VLVHE,1.0
ILYPKTLKK,0.0
IMSLAAALNR,0.0
MMMMSTEE,0.0
VIWQADD,0.0
FGPVPYE,0.0
IIAEE,0.0
YATD,1.0
IILGDVAID,0.0
FWIGD,1.0
MILGAED,0.0
MALASDD,1.0
LVEMSLVE,1.0
FMFMEE,0.0
LWFD,1.0
LMALDAAD,0.0
FYWPPQD,1.0
FMIVDD,1.0
IWAGR,1.0
FGFIK,0.0
ILVIQSDID,0.0
LLSGMDD,0.0
PAPFQSGK,0.0
LAWK,1.0
FLDAQIWD,1.0
LFLEALE,0.0
YFVKK,1.0
GLIATEE,0.0
FILMDD,1.0
SWQR,1.0
FMEWQD,0.0
IVAK,1.0
LMYQSEE,0.0
VFTR,1.0
ILEMSAALD,0.0
LLPDE,1.0
GPAAND,0.0
SIPRMK,1.0
APGD,1.0
IGIYEGTE,0.0
IVGWSEE,0.0
IVFWKK,0.0
AAPFMTGGD,0.0
IVMAAGIDD,0.0
LQYFND,0.0
VWMVFIWE,0.0
IFIISDIE,0.0
VIVVSEAQLD,0.0
IMLALNDD,0.0
KLNGTK,1.0
LFIMNADD,1.0
IIMLDATE,0.0
YLVR,1.0
LIMKASR,1.0
WADD,1.0
KLNK,1.0
IMVITKK,1.0
VFIIDD,0.0
FSLSLLVGPD,0.0
YLFVAED,1.0
PDIMED,0.0
EESD,1.0
ISFYVE,0.0
VLFIR,0.0
IMINYIVPSD,0.0
VMLEE,1.0
LIYGTDD,0.0
AIIAGKK,1.0
IIAVVVDTIE,0.0
PWFLR,1.0
MTIYNR,1.0
IKIIQAK,1.0
IFQRMIK,1.0
VIFMSDE,1.0
ILVMASDLID,0.0
YGAK,1.0
LAEEYD,0.0
LIMHSEE,0.0
YAIFLAQFEE,0.0
IVHAEE,1.0
WDGED,0.0
LMLALDD,0.0
LLEWANE,0.0
LIEMESE,0.0
VLFD,1.0
PNFFWDD,0.0
WVINTID,0.0
ADGMIVPE,0.0
LLMTVKK,1.0
LWLLPWIR,0.0
WWAE,1.0
LVSVKK,1.0
AIIKK,1.0
FLYDAQE,1.0
MWQAK,1.0
VVLSNDD,0.0
IGWYE,0.0
LIAKVTR,1.0
LLVVAKK,0.0
TIWD,0.0
LWAQR,0.0
LMLSNAED,0.0
VFMAASALD,0.0
MFHGNVLE,0.0
IWILKK,1.0
MQNGFWAD,0.0
LILEE,1.0
IMIVSDD,0.0
IMLPK,1.0
GARWVIMQAR,1.0
VVTHK,1.0
PSILFAMNAD,0.0
RWALNGK,1.0
MGFAK,0.0
YPRMR,1.0
LWPIEAAD,0.0
MWTRNK,1.0
WMAIGDD,0.0
FTEE,1.0
LILAAAIED,0.0
KHNK,1.0
AIVSVDALD,0.0
LLVYNLIID,0.0
MMDVYE,0.0
ILMYDGAE,0.0
LEYVDND,1.0
LISKR,1.0
VWELVTD,0.0
IVILKK,1.0
LAVKTNK,1.0
LTSPGD,1.0
YLAR,1.0
LFSK,1.0
LFKK,1.0
LLVVSITGFE,0.0
IHLTLEE,0.0
KWGK,1.0
WVGAMEE,0.0
YMLATEE,1.0
LILMYRR,1.0
VEVHQE,0.0
MFIDD,1.0
IIMWD,0.0
GVVTEE,0.0
VLASVKK,0.0
MYQRKR,1.0
MLLHHEE,0.0
MPWQKR,0.0
MGWMTK,0.0
IAFFARR,1.0
MWIR,1.0
YMWKK,1.0
WIFLR,0.0
MLMHHEE,1.0
IVVGVDAAD,0.0
VLHAKK,1.0
AYFVE,0.0
FVIDYGE,0.0
KVSWR,1.0
MILHRIR,1.0
IWLD,1.0
FIYTRK,1.0
PWDQVD,1.0
IGMHK,1.0
IFMMQKK,1.0
YPITGQR,1.0
MLDMAAWDE,0.0
VLIMD,0.0
MLFIKK,1.0
IKIKANR,0.0
ILADALE,0.0
LAYWVE,0.0
VILAYEE,0.0
DQIWIWAQE,0.0
ITIEGE,1.0
TIIAVDD,1.0
ILTLAKK,1.0
IILGAQELD,0.0
AIIAAVADD,0.0
ILGAVKAITK,0.0
WMLVKK,1.0
KGAGR,1.0
ITMAKK,1.0
LGLEMETE,0.0
WWDAE,1.0
VIIMK,1.0
FLYQMK,0.0
VVLVVHEE,0.0
IIFIHEE,0.0
LLLIKK,0.0
WMAADD,1.0
WHWNE,0.0
VMVVKK,1.0
MIYLARR,1.0
KAIIR,1.0
VFED,0.0
LMLAEIHNE,0.0
KVIRVR,1.0
IILMGDD,0.0
YYRKIR,1.0
MVLDTTE,0.0
VIVIDD,1.0
ILITIDD,0.0
LSTE,1.0
IVVNAKK,1.0
VMMYHDD,0.0
VLYGIDD,0.0
LHWK,1.0
YAND,0.0
FINDHNQEE,0.0
GIMLVHGMID,0.0
LLALATEIE,0.0
MGISD,1.0
SWLNFAD,0.0
IVLKRVK,1.0
LMAIKK,1.0
VFARAK,1.0
LELSSAE,0.0
GIIKQTK,1.0
SILVVYVE,0.0
PGPHSMAE,0.0
SVIATVRR,1.0
ALIMAKR,1.0
EIASLQE,0.0
YYNIVAVAD,0.0
SIPWMSNVEE,0.0
YTQK,1.0
IVISFDE,0.0
FQMKAK,1.0
ILKGAVR,0.0
IVLNHD,1.0
LIETITE,0.0
IHDVYID,0.0
WITR,1.0
VIHLQDD,0.0
VSQFE,0.0
VKSKIR,1.0
MFMKATR,0.0
LVWFEE,0.0
IILGAETLD,0.0
FIATLDD,1.0
LAFMSEE,0.0
QFLLAMKGK,0.0
TYDDE,1.0
WFAELWLE,0.0
WVRR,1.0
ELFAID,0.0
PVNLWMK,1.0
LVWVDD,1.0
VLMTQKK,0.0
WGPFND,0.0
IITLVRR,1.0
IDVLDAND,0.0
FMTFELGE,0.0
AVGD,1.0
ILVSRRR,1.0
TTPPLPD,0.0
IVIKVSR,0.0
LVWK,1.0
FLFAEAD,1.0
MPPQYAALK,0.0
LIASIRR,1.0
LLVDSLGGE,0.0
LVSLRK,1.0
LIAETDD,0.0
LLTFIDD,0.0
FAAID,0.0
AVLYQEE,0.0
VLNVIAEE,0.0
PQTWID,0.0
MLLYGED,1.0
IVIFKK,1.0
LLVQFWR,0.0
KVAIRK,1.0
LVFDNAE,1.0
FWYDD,0.0
LEIIYGD,0.0
ASGR,0.0
IMHIGDGE,0.0
VYHQYLTNE,0.0
LLSISRR,1.0
LYMKK,1.0
FLNYWMK,1.0
LLEYIASD,0.0
PQFYHD,0.0
MLNWEAE,0.0
MKNISR,1.0
FFADFGMSE,1.0
LLDVTGME,0.0
DFWSED,0.0
LHIK,1.0
WVIIEE,0.0
AFIARR,1.0
IFFEVDD,0.0
GWVE,1.0
IFRHAPIIK,1.0
LITINDD,0.0
VLAILKK,0.0
LVFTMDD,0.0
VLMLIEE,0.0
VIAIRKR,1.0
VYPK,1.0
VWWMEE,1.0
FILVETD,0.0
LLSSDMD,0.0
KWLNSK,1.0
LLISSVAGD,0.0
VIKAVTR,1.0
PLLAR,0.0
YVLIKK,1.0
MLIWARR,1.0
VFTKK,1.0
FGWLNQR,1.0
VMSLTKK,0.0
MLIKR,1.0
AKKK,1.0
VIFMKRR,1.0
IIAILRR,1.0
ALWGD,0.0
VLFHTNQE,1.0
MLTGVDD,0.0
IKAVKGK,1.0
LATR,1.0
LVLAAAGDD,0.0
PDMWTAE,0.0
LIPGFTISPR,0.0
IYISDED,0.0
VIVLHEE,1.0
AWKK,1.0
LLFSMDD,0.0
MIKR,1.0
GAFIIVYED,0.0
FIIKK,1.0
FMDLLDD,1.0
VDLEDDD,0.0
VLGLTRR,1.0
LWEQME,1.0
MLISMGPSK,0.0
VMFVDD,0.0
VIHR,1.0
IMMWPD,0.0
FKMMVLPK,1.0
WLLWEE,0.0
ILTK,1.0
VMYEE,0.0
IVTITLDE,0.0
PSQIMTR,0.0
FMVLKK,1.0
ISMD,1.0
VIMFHRR,1.0
IIFWARR,1.0
ILESHD,1.0
LIAQLFFSTD,0.0
VAQWK,0.0
MPTGR,1.0
LAVGMAADD,0.0
EIPQFGLAD,0.0
FFYMPNLPFK,0.0
LMHYR,1.0
ILFFQRR,1.0
ALIVTDD,0.0
MVVISSTND,0.0
IFVNADD,0.0
YLLRR,1.0
VLAMATDID,0.0
MVALSEE,0.0
YRAR,1.0
MMGNYK,0.0
VEGPLVLED,0.0
FIVIDD,1.0
WSKR,1.0
YMPPSK,1.0
WMMDD,1.0
IHYD,0.0
LLAIKNR,1.0
MMTVSEE,0.0
LLHAIAELD,0.0
HEPD,1.0
IWWLEE,0.0
APKK,1.0
LLIVSNEE,0.0
ILYAEMD,0.0
LIGDAIVE,0.0
VLIDNADE,0.0
WEPID,1.0
IMSTFVFSTK,0.0
FVVIDD,0.0
LYYLEAE,1.0
ILVKANAIHK,0.0
WMLR,1.0
PEYE,1.0
VVWKK,1.0
VIAIAETLHE,0.0
VHMRKR,1.0
YLPVR,1.0
WPFRRR,1.0
AKPK,1.0
LHLWD,0.0
LLMHE,1.0
PVAD,1.0
YIGSEE,1.0
ELMYGQE,0.0
LFYFR,0.0
AVFIIE,0.0
LGWFKFQK,0.0
VPPD,1.0
SVYE,0.0
MVTTD,1.0
LIAMAAVDD,0.0
EIVMAAD,1.0
WSGD,1.0
MGRSIK,1.0
MVLKK,1.0
IWMQFSD,0.0
YWFNAASQR,1.0
PIKKTIPTR,0.0
MHVIE,1.0
PTMVFSK,0.0
GDLWID,0.0
VQAIMEGWD,0.0
VSLFRNTANK,1.0
ILTIITEE,0.0
PIMGYMKMK,1.0
VMFFDD,0.0
IIIEDFD,0.0
SFFFR,0.0
IKLISQR,1.0
FIVNEAGD,1.0
MMLSQDD,0.0
WMKATAVAR,0.0
LIVWKK,0.0
LEIAHE,1.0
GVFTADD,1.0
WQDVD,1.0
YYIGDD,1.0
FELTDE,0.0
KYQASAR,0.0
IVFAFID,1.0
VNVYAVYQNE,0.0
FKWQYRQR,1.0
YVKRINR,1.0
AFIE,0.0
VMMLATEE,0.0
WMIMEE,1.0
EIPWQD,0.0
AIVDITD,1.0
PLAKHK,0.0
LVDSVSE,0.0
IWMAK,1.0
FISALDD,0.0
IVWDD,1.0
LKQKK,1.0
AITID,0.0
MVFLGGEE,1.0
LSLIEE,1.0
FKLFR,1.0
HVVDD,0.0
MWPGQFR,0.0
LVAFTDE,0.0
GILGALEE,0.0
FVAKK,1.0
VHQK,0.0
NFYE,0.0
IIAWVD,1.0
WTRK,1.0
LTLMIDD,0.0
MISVDGAE,0.0
HYIAD,1.0
LLTK,1.0
YMLAWKR,1.0
VITR,1.0
LSYTD,0.0
TLPK,1.0
PWGPE,0.0
HMFR,1.0
MSVWE,0.0
KTPR,1.0
VILVTAEE,1.0
FMVMTRR,1.0
PKITK,1.0
ALQMFPQAK,0.0
IMMHNDD,0.0
FMIHEE,1.0
IGGVFEQD,0.0
FIDIIDD,0.0
IIMAITEE,0.0
MILLKK,1.0
PFNVSFYK,0.0
LLLGSESE,0.0
YILKK,1.0
WLMKK,1.0
VIHAQK,1.0
KKTR,1.0
QFTE,0.0
MGVVSDD,0.0
YMTSR,1.0
MESE,1.0
MYNPHE,1.0
FKHFK,1.0
LIFADSE,0.0
IFMYDEE,0.0
LEILSDSND,0.0
PINDFD,0.0
WKNK,1.0
VYGAR,1.0
QLVIHR,0.0
ILTVGDIIHE,0.0
AVLWDD,0.0
PYMETIVFE,0.0
YQPLK,1.0
WITK,1.0
LAVQVK,0.0
LIGGMTDQE,0.0
YTIK,1.0
TIIIGDD,1.0
YMGQTE,1.0
LPIWMQE,0.0
LVAIETE,0.0
MILMED,0.0
ILSLEE,0.0
VLIADADFLD,0.0
AYISD,1.0
HPSK,1.0
QYGFPIE,0.0
VFWESE,1.0
YGFFHD,1.0
VANIAR,0.0
TGED,1.0
MLFKK,1.0
TWMAR,1.0
LVLEDPMD,0.0
LPVNYR,0.0
MYNPNEHE,0.0
VPLHHMAIR,0.0
YNVK,1.0
ASAE,0.0
VAPTID,0.0
TWAIE,0.0
YSAPWME,1.0
FLVSKK,1.0
IVTLTDD,0.0
IITIWDD,0.0
IVMKLKKWR,0.0
ILEVISAE,0.0
LMIIEE,1.0
IVMWKK,1.0
LFMIDD,1.0
ILVMKK,1.0
FIIGAGEE,0.0
EIFGSIME,0.0
LLWEQQQLME,0.0
IIHIEAE,1.0
LLPD,1.0
FFVK,1.0
VGGYLIVED,0.0
MPHMGRR,0.0
LKVR,1.0
KVMATTR,0.0
LTSYYD,0.0
YYHSE,1.0
FMHD,0.0
AFELD,1.0
PMFLSFAPD,0.0
LMMAAKK,1.0
WWGR,1.0
LIVYYDD,0.0
YIRVR,1.0
IIKINK,1.0
MALWAEE,0.0
LIQITELE,0.0
YVWAR,1.0
WYID,1.0
IIMFGRR,1.0
RIIYAK,1.0
EFVD,0.0
VIALYEE,0.0
LIATMDAE,0.0
FVVTSDE,0.0
MVITGKK,1.0
WTAIAK,1.0
MVHE,1.0
VIKVGSK,1.0
IVQFK,1.0
YTQVAE,1.0
FVILKK,1.0
QPNSFMLLR,0.0
YIPQNK,1.0
AMLAAAEE,1.0
MLLWE,1.0
VVVISAADD,0.0
VYYWE,0.0
LMGYVFMQK,1.0
YWHR,1.0
SIIKIRK,1.0
FVGWAQSD,0.0
WEQD,1.0
SPLYK,1.0
VLTVALDD,0.0
FVYKK,1.0
IWTK,1.0
HIPELTE,1.0
WTLED,1.0
PVPHDTE,1.0
IAMARK,1.0
LDYE,0.0
VMLKKAR,1.0
PAFE,0.0
AWAMK,0.0
VVVEILGD,1.0
FWLMKK,1.0
MVVHDEPE,0.0
GLFYRSK,1.0
ELHSE,0.0
IIWLADE,1.0
FIWLEE,0.0
HPIK,1.0
YFISR,1.0
ILSGGDD,1.0
LLFWNED,0.0
LVSTILDD,0.0
LTPPEFGPD,0.0
ELWD,0.0
IMLASFEE,0.0
EVEEVE,0.0
MILNAKK,1.0
LELHGIE,0.0
MVKMTK,1.0
IIAEIWE,0.0
VSWE,0.0
GLWHE,0.0
FIFWKK,0.0
LLTEDGD,1.0
DMYAE,0.0
AYGTD,0.0
WIGTAVRR,1.0
MFMIVYFWYD,0.0
LYDYSE,0.0
PPKLLVAGR,1.0
LLSAVEE,0.0
MPDPLD,1.0
MMYEE,0.0
MFWVEE,0.0
IFVGSDD,0.0
LYIILDSE,0.0
LMWLEE,0.0
FALVGQDD,0.0
VFDD,1.0
LNIIYFEDQE,0.0
PVSFPQPMD,0.0
YVVLAGEE,1.0
WNMEE,1.0
LTLDWD,0.0
FYLDE,0.0
MSMEPQTLAE,0.0
VSDIWYD,0.0
VMWAQYVME,0.0
MAYVQDD,0.0
ILTNIVEE,0.0
GILR,0.0
VILKQAR,1.0
LFEEIED,0.0
FTINKRR,1.0
LIWDGTD,1.0
ISVLMEE,0.0
IIMGGKK,1.0
ALLARIGIHR,1.0
VYILSD,0.0
FLVESNPYMD,0.0
ILIAGEALE,0.0
LILAVAADD,0.0
VLFVDD,0.0
MMWKK,1.0
VVIHDIE,0.0
MMAKK,1.0
FWVEE,1.0
IILLAEE,1.0
LLIVESEID,0.0
FWFMDD,0.0
LPSYTLRR,1.0
LFIQGKR,1.0
ALLTMDD,0.0
IILKYSK,1.0
WWIWEE,0.0
WFVIEE,0.0
VVISAEE,0.0
IGLFNDD,0.0
FWIVEE,0.0
FAGNE,0.0
MEFIQED,0.0
IYVEE,1.0
MFIGDEE,1.0
MAFYK,0.0
IVMIQADD,0.0
IISED,1.0
IEFTDAD,1.0
AKYR,1.0
FWMSE,1.0
MFWMEE,0.0
MWISDD,1.0
VWAAE,1.0
LIIVGGDLD,0.0
MFWVQE,0.0
IIATMK,0.0
IQSTR,1.0
VLGGGMIRK,1.0
LVGGMSSPD,0.0
YSFLHE,1.0
FRLLR,1.0
FIFYQYMD,0.0
MPGTE,1.0
VIINFED,0.0
VMMKSNK,1.0
LRWR,1.0
YFIEE,0.0
MVWVEE,0.0
MVAGLTEE,0.0
MTPPE,1.0
LFQYEE,0.0
PRMFWR,1.0
MFRAR,1.0
LDLYSGE,0.0
KVAMMGQGIR,1.0
IVVLKK,1.0
ILALAMAALK,0.0
IVYR,0.0
KQYIR,0.0
LVLKK,1.0
SFMK,0.0
LHVR,1.0
VPWVLQTQRK,1.0
IYFDANE,0.0
YMMLNDD,1.0
LVILANEE,0.0
TFLMR,1.0
ILMFKK,1.0
AILWSEE,0.0
IGMVLSSD,0.0
LWTIK,1.0
TILIGDD,0.0
LHDD,1.0
LLHLGEE,0.0
IMHLQDD,0.0
PLSTYMIDE,0.0
VFVGDD,1.0
MMWR,1.0
FILFDD,1.0
MDMLDHDMVE,0.0
IIIMKK,1.0
LNLLWAGYAK,0.0
ILMKKAR,1.0
IIAVSAEIVE,0.0
ILITAMDD,0.0
NVLAPK,1.0
LLTGSELE,0.0
IILDVAD,0.0
KIGLK,1.0
IVFSDQE,0.0
IVISGLDD,0.0
VMDDGND,0.0
LIIK,1.0
AVALYQD,0.0
GLYSE,0.0
LLMVED,0.0
LVSIADGIE,0.0
LIYKAIK,1.0
LGFAAEE,0.0
LIFTSR,0.0
WLAEE,1.0
IFLAQVEE,1.0
APFD,0.0
IYGIGLDD,0.0
WIRLAPLK,1.0
LIGVVGDLD,0.0
GEMDED,0.0
LIVSMQTMR,0.0
KLIVAKR,1.0
VMIWQTSID,0.0
DFVIASE,0.0
FLADELE,0.0
AVFAGNIE,0.0
PQLVD,1.0
MEPLQEDE,1.0
IAFFMSVNSE,0.0
WFFMDD,0.0
LIATKIR,0.0
LVMDNTD,1.0
FVVSEVE,0.0
EVAAVE,1.0
IAVVEAITD,0.0
IILEAD,1.0
PGVPTGVR,0.0
ALFR,1.0
VLPWLPFTAD,0.0
LLYEE,1.0
LGIFTEE,0.0
VVIATDQD,0.0
SADD,0.0
GFMAKK,1.0
IIVHAEE,0.0
MEYYLNE,0.0
IKYSRR,1.0
FLHSR,1.0
GYPR,0.0
ILMETED,1.0
YVGKK,1.0
VFGLD,0.0
INLAIIVQIE,0.0
PHLPPIVK,0.0
LSIVGEE,0.0
AVIGAAIDD,0.0
LLVVASGVFD,0.0
IIFVLEE,0.0
WASPD,1.0
PTFTSE,0.0
VMGIIKK,1.0
VIVIDGDLD,0.0
WMTMNK,1.0
LVIVTDAID,0.0
YLFR,1.0
TFME,1.0
LYGAIDD,0.0
LEVMAASLD,0.0
VVVVEE,0.0
YGMR,1.0
AYMHFAE,0.0
LLLGAAADD,0.0
DVYED,0.0
PNWGRR,1.0
MIPYTYLE,0.0
IMISMKK,1.0
FTDMD,1.0
VDVVGAD,0.0
LALMDAE,0.0
LLWFVTKWK,0.0
FMFTIK,1.0
LIGGLGEE,0.0
VVFGESD,0.0
VIPE,1.0
LLYYNDD,0.0
YWVE,1.0
YMHQR,1.0
VIFTQDD,1.0
LFHFEE,0.0
WHKLK,1.0
YMPR,1.0
IIGYFDD,0.0
YISLR,1.0
WYYD,1.0
LYFDVIE,0.0
PWHR,1.0
FPMHK,0.0
VVAPQIYSK,0.0
RMYR,1.0
MLALYEE,0.0
VVIVKAAGLK,1.0
LLISSEAGD,0.0
LALMSDD,0.0
YPMD,1.0
FWWPRNR,1.0
DLWD,0.0
VSFIDD,0.0
VFFD,1.0
ILVSVGEE,0.0
IDAD,1.0
AADD,0.0
YLQKVK,1.0
MPWVMRLPMR,1.0
LLVGMDDIHE,0.0
KVTLR,1.0
LITDSVD,0.0
HPTK,1.0
YLHHD,1.0
MVWLKK,1.0
IEIQDGD,1.0
YIRSR,1.0
LVLVASEIE,0.0
LFAIDEGE,0.0
WRYK,1.0
FLVQID,1.0
LYIVTEE,1.0
LLVDENSLQE,0.0
LVTDDIE,0.0
PFKQR,1.0
ALLLKK,0.0
MISD,1.0
FWKINRNRR,1.0
YLYMD,1.0
YIIALEE,0.0
IFSYVYGK,1.0
FIRHK,1.0
LSWIE,1.0
YIMIRR,1.0
IMWSVEVTE,0.0
GLISD,1.0
LIWMKK,1.0
FTLTKGGR,0.0
FFIMFYHMD,0.0
LVMVKK,1.0
HVID,1.0
LILMKK,1.0
FIIFEE,1.0
WLFK,1.0
YGAQLE,1.0
LLGKAKALR,0.0
GILAVTDD,0.0
VVYITEE,0.0
VWVRAR,1.0
EVFEGTE,0.0
IINMMAEE,0.0
IIGMADAAD,0.0
LLLQFHK,0.0
MMFGAKK,1.0
ISFLDD,0.0
NLLPLTYVE,0.0
SLIWD,0.0
HLVAR,1.0
WIMKK,1.0
VIVHLDD,1.0
QAVPLGTNQD,0.0
YMFLSIK,1.0
VMASIDD,1.0
PTFYPFR,0.0
MYIFTTD,0.0
ITLQLDD,0.0
YGVD,1.0
LVDFE,0.0
PEAD,1.0
IAFAVADID,1.0
MIVETGE,1.0
FVSLPD,1.0
VVVAAAEEE,0.0
KPNTK,1.0
IIYAKRK,1.0
KMFGSK,1.0
FQFQK,1.0
LHVEIE,1.0
YLGE,1.0
LLKRMNK,1.0
MIYGIEED,0.0
PNQFFYRNR,1.0
ILTFDNHE,0.0
LLAAFDD,0.0
MWYK,1.0
LLRLISSTQK,1.0
HWLLQR,0.0
LYLYNED,1.0
IVRVYAR,1.0
LPHVHDQD,0.0
RMFTWAR,1.0
MPSSVAQE,0.0
MIEMALAD,0.0
YFHRK,1.0
LVAGFAIPED,0.0
FVFWKK,0.0
PIHWKK,1.0
IGKK,1.0
NTPFLDWME,0.0
IFQASDD,1.0
WMHYR,0.0
ITLKGGGLFR,0.0
IFGAVDD,0.0
VIDLHGE,0.0
FGLGFDD,0.0
IYQPKK,1.0
ILEYNSD,0.0
IVSVLGEE,0.0
FTNK,1.0
MMFWVGQQR,0.0
AILAGDDLD,0.0
EVISAEQD,1.0
FIVHE,1.0
VLIQIADD,1.0
IFWKK,1.0
IYMATD,1.0
LFWWEE,0.0
LVITGADD,0.0
YAQD,1.0
WFILEE,0.0
YMNWVGD,1.0
LVYGRR,1.0
ILSGWWD,0.0
NFFRMK,1.0
MLLFADD,0.0
LKFIASK,1.0
IIIDMHE,1.0
FFLVDD,1.0
LLAILDD,0.0
LVIVGDSGFD,0.0
QFWFND,1.0
MWAMDD,0.0
IELGYD,0.0
WFVMDD,1.0
VILVSRR,1.0
IMGTD,1.0
VLMAKVR,1.0
AWDMD,0.0
IVMTAADD,0.0
YMHDIDAEQE,0.0
VLIVKTQLHR,0.0
FGWR,1.0
LLTSFFPYK,0.0
FAVKK,1.0
ILIIGSDD,0.0
VMLHRR,1.0
EIISAMD,0.0
LFAR,1.0
VMDISTE,1.0
GKAK,1.0
IHME,1.0
VIIISEGND,1.0
ILVDSAAID,0.0
PFYLK,0.0
ITGR,1.0
MLVINTDE,0.0
WMVLKK,1.0
LVVYSGFR,1.0
LMVAARK,1.0
FLHFILFHK,0.0
YIWLEE,1.0
MIHLEE,1.0
ALVSAKR,0.0
LWWWLND,0.0
VIWHRR,1.0
HSPAE,1.0
VIVYADE,0.0
SFQK,1.0
KINLTAK,0.0
YLMNID,1.0
PHGR,1.0
VTVWIPQQD,0.0
RVKK,1.0
QFHEE,1.0
LDIDIYE,0.0
MRMAMTGAK,1.0
VMVFHRR,1.0
FWNALMPE,0.0
LSWVR,1.0
ILEMWILE,0.0
LYGED,1.0
LVVAIED,0.0
LVAIYDD,0.0
YFRR,1.0
LMLANKR,0.0
LLAVVAKGHR,0.0
VLVETAE,1.0
IPFSRLWNR,0.0
WFVEE,1.0
LWDVIWE,0.0
VLLSQAELD,0.0
WMFD,1.0
APIVD,1.0
VIAITIDD,0.0
YFAE,1.0
VVLKAAAIK,0.0
KARIR,1.0
GVVSD,0.0
LLYKGNR,1.0
LKMK,1.0
LPSD,1.0
PTYR,1.0
YIPE,0.0
PTWD,1.0
MIFPGRHRKR,1.0
VMAKK,1.0
VYDAD,1.0
KGIHR,1.0
FFYEAD,1.0
FWNFNIFK,1.0
IAVAYE,0.0
IFIVQDD,1.0
PQWIRK,1.0
LMDMDIMYD,0.0
VMVITDD,1.0
WPSED,1.0
VIMHSK,1.0
LIAAVLADD,0.0
MLNGISDD,0.0
VFVVAKK,1.0
YEAFE,1.0
IFIIEE,1.0
MLSVDD,0.0
FLIMRR,1.0
LLLTETD,1.0
VMWE,1.0
FLLMTKIR,0.0
LVYDAAD,0.0
MLMVKK,1.0
MSAFD,1.0
MFLFKK,1.0
PTPHE,0.0
FIINSEE,1.0
HIINK,1.0
LMESIDD,1.0
WIVFEE,1.0
ILGVNKK,1.0
LALDSSE,1.0
MIIGNEDD,0.0
MFVFDD,1.0
FVSDEE,1.0
HYVR,0.0
YEVE,1.0
IAIMSRR,1.0
SPMD,1.0
KGILK,1.0
LYIGKK,1.0
IIFANGDD,0.0
ILQIDSGD,0.0
VFAELSE,0.0
VEMIGSE,1.0
LIYR,1.0
PQWED,0.0
APAK,1.0
LLTWR,0.0
HYHE,0.0
MLLFEE,0.0
VLTLQAELD,0.0
FWQDYNYD,0.0
LMIFEE,1.0
TESE,1.0
WNLD,1.0
IFVLDD,1.0
KALAGRR,1.0
LKTIWQR,0.0
MIWFKK,0.0
ILGYEND,0.0
KKGK,1.0
IGWGWAAD,0.0
LEVASLLD,0.0
LGGWGK,1.0
PGAMK,1.0
LWLMKK,1.0
MMDGYD,0.0
WLVEE,1.0
WLTADE,1.0
YLMMIDD,1.0
MIMVKKR,1.0
IYLWE,1.0
VIVAAKLIAR,0.0
AMIQAADD,0.0
IIVSDFE,0.0
IVEYHNED,0.0
IVVMTDE,0.0
LVSQYEE,0.0
ILARLLVK,1.0
FLMANDD,0.0
FPWEQLTE,0.0
EIMAATE,0.0
LVIIAIDE,0.0
IPEFYE,0.0
FWQK,0.0
LIFGR,0.0
LLSPGE,0.0
ILYAAAIDD,0.0
WFTMIPR,0.0
YTMK,1.0
PWWAINWGE,0.0
FIYTEE,1.0
FDAD,1.0
QVFFKSLNR,0.0
ITPFDAQE,1.0
IIFGVEE,0.0
IVAFVDD,1.0
IYVRSR,1.0
VMYSIDD,0.0
VLFWEE,0.0
IIYLMAEE,1.0
GIMVQFTVR,0.0
FAWQE,0.0
YIKTAR,1.0
MISWMRGMR,1.0
FIGVAED,0.0
MYLEMAD,0.0
IVISKITIFR,0.0
AFWSR,0.0
VYLYLEQHPE,0.0
LAVFTDD,0.0
YGRK,1.0
LISLKQR,1.0
AFLFSEE,0.0
ILSTIEEE,0.0
AWFDDE,1.0
AVLEWD,0.0
PTSR,1.0
VAIAFGEE,0.0
VWVIDD,1.0
ETAD,1.0
IVMHGKR,1.0
MIFTAKK,1.0
IWGFGDD,0.0
LGIK,1.0
PHLTFR,0.0
LIHLQEE,1.0
LVTVYED,0.0
VIVWEE,0.0
IFLKK,1.0
IMIRFK,1.0
IQITIRK,1.0
LYLME,1.0
IYVR,0.0
WMFFEE,0.0
PGPLFGTK,1.0
MHLGE,1.0
TYIGRR,1.0
TYLQK,1.0
LLSLDLLTE,0.0
IGSR,1.0
HIWR,1.0
VAYVE,0.0
EYVGDGE,0.0
MGLGGSEE,0.0
ILGYGK,0.0
ILFFKK,1.0
MVLLASDD,0.0
IQQIMVTAD,0.0
SVLFD,0.0
VLEIAAELD,0.0
LEID,1.0
LVGDQED,0.0
QQILFR,0.0
WTNE,1.0
MIIDLHE,0.0
VIYQTYRK,1.0
FYAED,0.0
MILAAEEAD,0.0
LILELEE,0.0
IGWK,1.0
HAIAE,1.0
IPTYFMVSKK,1.0
IVIVTDEIE,0.0
EVAMGATND,0.0
FRQAPK,1.0
FMMFEE,0.0
VYLK,1.0
NNPVVWGNPR,0.0
FMKKAPKK,1.0
IIEYAQD,0.0
MLIWK,1.0
LILALSELD,0.0
LEVVSIGGD,0.0
FAFNSQYD,0.0
RVLSLIR,1.0
IEILSHD,0.0
WYTIFD,0.0
VDVWSD,0.0
TIEDD,0.0
IMVRKRK,1.0
ELAWE,0.0
LIMYDD,0.0
MIFGGDD,0.0
PVITEE,0.0
LLISRLSTNK,1.0
WMGD,1.0
FLALEGD,0.0
LMWWEE,1.0
FLFEGSD,1.0
VGMVDAED,0.0
WFYEE,0.0
HAPED,1.0
PWQMTWIR,0.0
FWFFKK,1.0
LYYFRR,1.0
IELVSVGTD,0.0
FVSLMR,1.0
IMTLGDD,1.0
SVTR,1.0
IETDNE,0.0
YIAWD,0.0
LLRLASGFR,1.0
MFASVDD,0.0
LFLVKK,1.0
VHRTR,1.0
LFAYR,0.0
IWND,1.0
LVGVLMDD,0.0
IFIKSAK,1.0
IIWMEE,0.0
VAVVAAKQLR,0.0
VPIK,1.0
LLVATEQILE,0.0
VFVFDD,0.0
AYIEADE,0.0
VHLLEE,1.0
WKLK,1.0
YYSD,1.0
IVVVISQID,0.0
VYVEE,0.0
PQLHE,0.0
VKFTPVRR,1.0
YLHIR,1.0
IAALVIK,0.0
WTED,1.0
VMLSR,1.0
MIVEISD,1.0
LLIIAR,1.0
FVLFKK,1.0
YEND,1.0
MLELLDDE,0.0
VLTFDMWVQE,0.0
YLHAGVD,1.0
YFYNNWIFD,0.0
NGAD,1.0
LVGIMQEE,0.0
MVSITRTPR,1.0
FFMFDD,1.0
PQIPTFISE,0.0
LIVASAVDD,0.0
LVLSDAE,0.0
VVIQWTMANR,0.0
HIAR,1.0
ELLEEID,0.0
YKPQTTK,0.0
FYEEFHE,1.0
IWLNVMD,1.0
WIGDD,1.0
LWWK,1.0
FLLIK,1.0
MVDFMAE,0.0
NFIILDE,0.0
DYMVDQME,0.0
PVNFMGPAVE,0.0
ITIIDD,0.0
WLVRK,1.0
LIHAR,1.0
GLFID,0.0
FYAD,0.0
WVMKR,1.0
LLVNLEE,1.0
WFTNE,1.0
PTVLVDD,0.0
PEPTILD,0.0
PIYR,1.0
LVGYSDD,0.0
PHGLK,1.0
GMHLD,0.0
IFLVEE,1.0
IIGVGDD,0.0
LVAIQVEE,0.0
MMEMSNE,1.0
LYIED,1.0
IIAVAEGDD,0.0
YPMPD,1.0
IVVSLSEE,0.0
LFLFQEE,0.0
IIFDGEE,1.0
LFTVARR,1.0
VRLLWK,1.0
FWLFKK,1.0
MMTK,1.0
LLFKK,0.0
FTVSVD,1.0
IMKGASK,1.0
HLIE,1.0
VYAIMEE,1.0
VIQFSD,1.0
MFYAQDD,0.0
VLVIDDTE,0.0
LIIFEE,0.0
GITLPPE,1.0
YYMR,1.0
YGYGK,1.0
IFALIRR,1.0
FIVEVAD,1.0
IVGVKHR,0.0
IMSVDAD,0.0
FLFEE,1.0
GFLDVGD,0.0
QPNMLAPTE,0.0
MLWFEE,0.0
VISFAQGILR,0.0
KTMK,1.0
MFMNDTE,0.0
LLTFARR,1.0
PKQGK,1.0
VFFEGSD,0.0
AKAR,1.0
IFIINEE,1.0
TIFNR,1.0
LVVTLDD,1.0
IFYDD,0.0
MTLMLK,1.0
LFVTQAGIHD,0.0
IGIVGADFD,0.0
MITVAVEE,0.0
KAFK,0.0
HAVR,1.0
LLEHGGD,1.0
LNSWNE,0.0
IKLTYLVFGR,0.0
HPFE,1.0
MIGTIDD,0.0
VMLWEE,0.0
SWLR,0.0
YWGE,1.0
VLSDAVGE,0.0
LISGLED,0.0
LKRMRHQK,1.0
KWAK,1.0
MMVFVAHYE,0.0
YLTD,1.0
YARK,0.0
WFVDSE,1.0
MLFQESE,1.0
VGRWK,1.0
LINTYDE,0.0
LAGFDDE,0.0
TNLIPAK,1.0
FWWLEE,0.0
VIFRIQGK,1.0
IVMVSRR,1.0
MIVSVDAILD,0.0
IMYAVEE,0.0
MRYVGK,1.0
FELLVNEEQD,0.0
IGMVTGDD,0.0
RKSK,1.0
IILSGDE,1.0
IIIIKK,1.0
ILTIAAELYE,0.0
IWLMEE,0.0
AVVVEE,1.0
VIMIKK,1.0
TIISEE,0.0
FFGK,1.0
MHIYDHGME,0.0
MLIGSDE,1.0
AIFYD,0.0
IITLAADD,0.0
LWFKK,0.0
MISSLNDD,0.0
VLVDTGE,1.0
KLKK,1.0
LVVISTDGD,0.0
YIWK,1.0
IHVMFPD,0.0
MMVKK,1.0
LVLAMDD,0.0
FLYKTK,1.0
AMRKILYQR,1.0
IAHD,1.0
LVHLQVDD,0.0
LKKIAAK,1.0
KVMKRR,1.0
FWVLKK,1.0
LTIMAAEE,0.0
TPLTQE,1.0
ALSAD,0.0
WFQD,1.0
ILKSASLIIR,0.0
MFFEE,1.0
AQYK,1.0
PLHE,0.0
IAIFDAE,0.0
PPHQQPR,0.0
LITYMK,1.0
YMELE,1.0
IVAVAIAE,0.0
MLTLGEE,1.0
IKFPK,1.0
VDTDE,1.0
MWVAENWD,0.0
LLTWAEE,1.0
GAVK,0.0
FIPE,1.0
LLMLEAD,1.0
VFIWEE,1.0
LIFEQSE,1.0
LHVD,1.0
IIISLGAID,0.0
MSGYK,1.0
LYSD,1.0
LVYAVEE,0.0
GAYDE,0.0
MELTAEE,0.0
ITITIEE,0.0
YQPE,1.0
VMILEE,0.0
MPQWHPPDNE,0.0
ILEETMFE,0.0
KFVR,1.0
QTIMIQQD,0.0
VYVQADD,1.0
LGWME,0.0
VPQISFE,0.0
IYFVYQTQR,0.0
IYIAFPFD,0.0
IFRISK,1.0
FHSR,1.0
VIVTGRK,1.0
MWSGFRR,1.0
LLYK,1.0
MLIYQDD,1.0
WQVWE,1.0
MHPYD,1.0
IKSVYAR,0.0
MEFVD,1.0
SWAE,0.0
FIWVKK,1.0
VLGSLDD,0.0
LLYITDD,1.0
LIIMKK,1.0
MGIDTDGD,0.0
FEMLD,0.0
ILVGIAEE,0.0
YIVNDD,1.0
YALPQWD,0.0
ISVIDD,0.0
LEQLNSE,0.0
YWMSE,1.0
ELVLQDGD,0.0
LMVFVAFWYE,0.0
ILHD,1.0
VPQWVDD,0.0
MLID,1.0
MLSQQSQE,0.0
LIIQYAEE,0.0
IEAFADD,0.0
VFTILGEE,1.0
LMGHIEE,0.0
VVFVDD,0.0
LVVEE,1.0
MLIKK,1.0
LVYQE,0.0
IQFGQLWK,0.0
YWLE,1.0
LLTE,1.0
LLVSEVGVD,0.0
GDPYE,0.0
YMGWD,1.0
FIGQWMQR,1.0
FAMKK,1.0
MFVMDGD,0.0
LILAADALD,0.0
GIVMSDD,0.0
FLFINIWK,0.0
IIKSVSK,1.0
VILIKK,1.0
LLGVYQDD,1.0
IIFKTR,1.0
HVLE,1.0
IVSIAAADD,0.0
YLFRHPK,1.0
IYMK,1.0
LLSMISDD,0.0
IIFIGDTE,0.0
MPARLR,0.0
TKVK,1.0
LIIFRQK,1.0
MPHHYLQE,0.0
WRVK,1.0
HIVE,1.0
IMISSDVE,0.0
TWLRK,1.0
IVILADD,0.0
NPWK,1.0
MSVSLK,1.0
IFSAEMAE,0.0
FYLPGR,1.0
KIGYQK,1.0
VYEND,1.0
IYIDNGD,1.0
VFLYRR,1.0
LVIVEE,0.0
MISLLSEE,0.0
IVDLGGD,1.0
FVTEND,0.0
KMMKTR,1.0
WVVMKK,1.0
TLIVLAE,0.0
GKWPR,1.0
IGVYAEE,0.0
QLLSD,1.0
IWAFMKR,1.0
PITSVIFK,0.0
YFSQD,0.0
PAWSVR,1.0
LFAMIEE,0.0
IILEGYE,0.0
VTFVK,1.0
PMWVK,1.0
HVLAQMD,0.0
LLLGVADE,0.0
LIIATTEE,0.0
LAIK,1.0
WFFNR,0.0
YNMPD,1.0
WIPDD,1.0
IDDD,1.0
IAYIEDE,1.0
MIAFKAR,0.0
LFGYNDD,0.0
ILESGIE,0.0
FSPTDE,1.0
IVLFKK,1.0
LHLVAEE,1.0
TMFNK,0.0
LLLANKK,1.0
DLALD,0.0
FYSFNIE,1.0
APPLMQD,1.0
LFWNFYGD,1.0
WMID,1.0
MVMWKK,0.0
VHMVSDD,0.0
TQKK,1.0
KMAR,1.0
LIMHGGALHR,0.0
VVLAAKLAFK,0.0
FMLTADD,1.0
LSFD,0.0
ILWGK,1.0
FMAAVFD,0.0
YMITMFNVE,1.0
QVWR,1.0
LMMRFK,1.0
LLLNMKNYK,0.0
FFMFGYLMR,0.0
WKIK,1.0
PPFSLIKR,0.0
EIFVGAD,0.0
VIFKGNK,1.0
VVAEE,1.0
YVVQK,1.0
MAWDVGE,0.0
VILTRTR,1.0
YLAARK,1.0
LMVDTGD,0.0
FGMRMATK,1.0
PIKLANR,0.0
DAQD,0.0
FIIDIAE,1.0
MVMVKK,1.0
LMLSKNR,1.0
MAFTWD,0.0
VFLIEE,1.0
PFPD,1.0
FWRMNR,1.0
VWHD,1.0
WLLLEE,1.0
VAYPVQPE,1.0
NWMR,0.0
YLVPR,1.0
VVVFVAAE,1.0
IIDLAGD,0.0
PQYFVLGNMR,0.0
LVILSSGTMK,0.0
WVTKK,1.0
FIYEE,1.0
MIMKHGK,1.0
KAKK,1.0
LMWQD,1.0
MWYQSK,1.0
DWWGD,0.0
MPWHK,1.0
LMALQIDD,0.0
FMAYTTLR,1.0
WGMLAVE,0.0
SIEDE,0.0
ITAWR,0.0
LIIHAANIHR,0.0
EIVGTQVE,0.0
ILVASLEE,1.0
LFIAAADGFD,0.0
QWFGNDE,0.0
RYLR,1.0
VIMHKK,1.0
MLFPAQIYR,0.0
PTDLD,0.0
VLTYRK,1.0
IVVRSGK,1.0
YMSR,1.0
LLGEIDPFED,0.0
TLLE,1.0
LALHKK,1.0
WFAEE,1.0
WFMFDD,0.0
LMLTGVDD,0.0
LEIIEGGTD,1.0
IAVVSDADLE,0.0
AFVK,1.0
LLFSGED,1.0
IYEFTD,0.0
IFNFFGWR,0.0
FVIKK,1.0
IMLHRR,1.0
YPPTSK,1.0
IMFYTDD,0.0
LTEFE,0.0
LIYYARR,1.0
ILDGYMD,0.0
WLIWKK,1.0
LPYESD,1.0
IATLPGSID,1.0
IWAHQR,0.0
VIISFEE,0.0
LGEIPE,1.0
FSFIR,1.0
TWMGE,0.0
LLTIEQE,0.0
PWATPND,0.0
MVLVKK,1.0
MLMGSRK,1.0
IVFTLEE,0.0
VYVFR,1.0
ITPGK,1.0
IFVTIEE,1.0
YKALK,1.0
LMFATAEILD,0.0
ADYLVVE,0.0
FIKK,1.0
LVGFTDD,0.0
WWSED,0.0
HIYR,1.0
LSAQR,1.0
AMMGTDD,1.0
LPLYK,0.0
IAPGR,1.0
AAWK,0.0
IVYSEE,0.0
FIMQWVHNFE,0.0
VYDE,1.0
LALVESAGFE,0.0
LLIMEE,1.0
ISYRR,1.0
WMVVGRK,1.0
VLRILASTNK,1.0
IWVHD,1.0
GTWE,0.0
FGEVAFE,0.0
VYYLDD,0.0
FFMWEE,0.0
PLGINEYE,0.0
PFPR,1.0
DYLD,1.0
YMLE,1.0
LLIKR,1.0
LIYSAADLID,0.0
MLYETND,0.0
QLMNWDIWE,0.0
LALISSINR,0.0
TIWRR,1.0
LVIYPIAPPD,0.0
YSIR,1.0
IIIEEID,0.0
ILHSK,1.0
IALLDNDD,0.0
KGGGR,1.0
LAVE,1.0
VMDVGYD,0.0
LVTEVSE,0.0
EWYE,1.0
VALFQQEE,0.0
LIIFIK,0.0
LVFSEEE,0.0
LFGSMD,0.0
LHDFD,0.0
HLGD,1.0
QPYD,1.0
YWID,1.0
MGYEME,0.0
ALELDAE,1.0
VYRK,1.0
MMYNLDD,0.0
RWKK,1.0
VMLYNDD,0.0
YAFAE,1.0
AILTFR,0.0
GVWYE,0.0
PGTD,1.0
LPVFE,0.0
PVANWKR,0.0
FLLMKK,1.0
AIKMAAK,1.0
LLMDSEQE,0.0
YRKK,1.0
FNLVDD,1.0
YMEAED,1.0
LKNK,1.0
YIETD,1.0
DDLGQPIFD,0.0
NMLWPHDE,0.0
ILLRTGK,1.0
ITRAK,1.0
LVSALVDD,0.0
VYAFRR,1.0
IGVPAIDND,0.0
LLSD,1.0
VLYEAIQE,0.0
VMLTMRR,1.0
MYLKK,1.0
LFEGSID,1.0
VMVMKK,1.0
IIHTE,1.0
YMHR,1.0
FVWVKK,1.0
MFLVSEE,0.0
LVVSVSDFND,0.0
LFQISDE,0.0
IIMQKKK,1.0
LIKTTIK,0.0
MLWIKK,1.0
TLLRMMGR,1.0
LWLQQDD,0.0
WLVVNTME,0.0
PFHIPR,1.0
IFYESGD,1.0
IVFGKNK,1.0
LGMMSDD,0.0
LIKMAAR,1.0
YPMYFE,1.0
FVPMMANWDE,0.0
IIYDGVE,0.0
LLDTD,0.0
EVGFAE,1.0
VIHPE,0.0
VPHME,1.0
WQKK,1.0
VWIMDD,1.0
VVIIKK,1.0
ILGVHEE,0.0
APRWR,1.0
LWVLLRTK,1.0
RILASK,1.0
NPPLNSIAE,0.0
LAIMWQE,0.0
YEDLGAD,1.0
IMFE,1.0
ELVLITEE,0.0
VIASIEE,1.0
YWRK,1.0
FLHNLR,0.0
FMIADSE,0.0
FMIKK,1.0
LLDALDD,0.0
LVIFEE,0.0
LIGFDGD,0.0
FMYTID,1.0
DPFME,1.0
VANPYR,0.0
ILLHTEE,0.0
HIFLYQK,0.0
FHYPED,1.0
LALIAQEE,0.0
LIDDIGAE,0.0
FALGGVEE,0.0
VFHVVD,1.0
YAIR,1.0
VAMVMEYE,0.0
IFMTPD,1.0
FVFGEDE,0.0
IAFAAKK,1.0
IYHEID,0.0
IVFAEDALD,0.0
IFLLEE,1.0
ILYIMDD,0.0
WPNSE,1.0
GQVWYE,0.0
YLMEHD,1.0
ALIYAGDD,1.0
YTAWGD,1.0
PEMSYE,0.0
LRLSWYR,1.0
KIIR,1.0
WAIVVE,0.0
VTFEED,1.0
MMMWLR,0.0
FGIRAK,1.0
VILNKGR,1.0
LMVMFR,0.0
LKKTNR,1.0
TLVYK,1.0
MLAVSGGND,0.0
ELVSAME,0.0
LLRMSK,1.0
WVFLEE,1.0
VYDAIE,1.0
GLLSSDD,0.0
IFILDD,1.0
PMGIWPIGK,1.0
MLIESEFE,0.0
LMLYTEE,1.0
LMIMGEAE,0.0
MYGK,1.0
FGYD,1.0
MYWGR,1.0
YMKMR,1.0
FPWMMTPK,1.0
IVWAK,1.0
IVMIEE,0.0
LFNAFDD,0.0
IHIARLK,1.0
VHQAAD,1.0
LYLRKRK,1.0
FFIFKK,1.0
LLLQIIEE,0.0
STVR,0.0
YLWPK,1.0
LDNLQWFPD,0.0
LLMVEE,1.0
MIGEFLD,0.0
GIIVHDD,0.0
LIEE,1.0
LMYDEDE,0.0
WMVTNIR,0.0
MFFLEE,0.0
MHVK,1.0
KKRR,1.0
LIFHESE,1.0
MFIK,1.0
WKVMRR,1.0
DIVVSSE,0.0
FPYIAQR,1.0
VILWKK,0.0
FQFFD,1.0
IISFAEE,0.0
AFAK,1.0
AITR,1.0
MIHK,0.0
ILDFAQLD,0.0
YSIAE,1.0
MKQYVK,1.0
ALTILE,0.0
MAVDGSD,0.0
MFWFKK,1.0
WPSRR,1.0
QQWVR,0.0
WVLWEE,1.0
LLISEGGVE,0.0
VMSYGEE,0.0
AQTD,1.0
FGIAIEE,0.0
LMTMSRK,1.0
PEFD,0.0
SLYE,1.0
QPFE,0.0
PELQFDMID,0.0
FYTR,1.0
PVYFYGR,0.0
PIVD,1.0
LLESLGE,0.0
ILIYNHD,1.0
GFWR,1.0
ILLGTLEE,0.0
IFLIR,1.0
VWHAD,0.0
ITIIGRR,1.0
DPYED,1.0
APVK,1.0
IWWLVDALYE,0.0
YAWR,1.0
LPFSAGFSAR,0.0
VKYGR,1.0
YLTE,1.0
LKTK,1.0
IVAYQADILE,0.0
YLIR,1.0
YIEDAIPPSE,0.0
EEFLE,0.0
LLDFILE,0.0
WILLEE,1.0
VDYMSE,0.0
MGWNVFIHEE,0.0
MLFARGR,1.0
TIFK,0.0
TYRR,1.0
WAFK,0.0
MYVFYK,0.0
PMPR,1.0
FFTGADD,1.0
FKKK,1.0
WEAIIE,0.0
LSLDDD,0.0
ILDLHED,0.0
IILVIIDD,0.0
LIEHVEEE,0.0
VSGK,1.0
IYIITEE,1.0
LLVKNTK,1.0
LFALEE,1.0
YLEMSQD,0.0
LFWVDD,0.0
EATD,1.0
IIVAVADVE,0.0
LLGKRAALR,1.0
MDYVGND,0.0
VIVHAKK,1.0
YWVNE,1.0
FVFVKK,0.0
WDSE,1.0
MVEYALFND,0.0
LLFVFE,1.0
HIAAPE,1.0
IIMNAAEE,0.0
LVWSADD,0.0
LMMEHQD,1.0
YFYGE,0.0
AKGR,1.0
QPIYAWAK,0.0
EAYD,0.0
GFYQEFQE,0.0
VYMWDE,0.0
PVYMVMIR,0.0
FIIYK,1.0
IFGTGDE,0.0
IVSVANDD,0.0
FMHNLE,0.0
GLYND,0.0
MLTTLIEE,0.0
VVLGGAADD,0.0
FGAK,1.0
TMFADD,0.0
IVISARR,1.0
VLWFEE,1.0
LIFNGKK,1.0
IFNIAED,0.0
IILSGGEIHE,0.0
VVLEHDE,0.0
YLVASEE,1.0
LHGMR,1.0
FMWDVNGD,1.0
IISAFSQYD,0.0
IVLDTLE,0.0
AAAIIFYGR,0.0
LYVYDE,1.0
VFAILDD,0.0
WLLIDGE,0.0
FAFDGGD,0.0
YIIAAEALHD,0.0
LFVQGDD,1.0
ILQAKK,1.0
AIVIKAR,1.0
LLVSSKK,1.0
AEAE,1.0
LIFSQEE,0.0
VINWATD,1.0
YVFK,1.0
MLVSMEE,0.0
PSWVDNE,0.0
VLGMLTEE,0.0
MVGLDIDD,0.0
IVLAVDSLD,0.0
VMFLEE,1.0
KSVR,1.0
MHYPD,1.0
IFAIVDD,1.0
IWRK,1.0
IYAAIDE,0.0
IIFVKK,1.0
LLISGDD,1.0
FIASVDE,1.0
PRAIKR,1.0
YWIAK,1.0
LLMTMTEE,0.0
